provider_name,course_name,unit,chapter,section,unit_structure,unit_structure_filtered,building_block_unique,media_interaction_combination,building_block_count,building_block_changes_count,building_block_unique_count,has_exercises,only_exercises,multiple_exercise_blocks,starts_with_exercise,exercises_in_middle,ends_with_exercise,v_count,a_count,t_count,e_count,d_count,p_count,h_count,choice_count,coding_count,mapping_count,essay_count,short_answer_count,video_duration,audio_duration,word_count,text_duration,exercise_duration,poll_duration,discussion_duration,interaction_duration,media_duration,unit_duration,completion_time,video_proportion,media_proportion,interaction_count,interaction_density,interaction_density_other,0_media_1_interaction_count,0_media_2_interaction_count,1_media_0_interaction_count,1_media_1_interaction_count,1_media_2_interaction_count,1_media_3_interaction_count,2_media_0_interaction_count,2_media_1_interaction_count,2_media_2_interaction_count,2_media_3_interaction_count,graphics_count,code_rows_count,table_count,multi_codal
FutureLearn,Fut-EC,1_01,1,01,vtd,vtd,dtv,2-media-1-interaction,3,2,3,False,False,False,False,False,False,1,0,1,0,1,0,0,0,0,0,0,0,89,0,758,360,0.0,0,300,300.0,449,749.0,838.0,0.19821826280623608,0.6420047732696897,1,0.40053404539385845,0.0801068090787717,0,0,0,0,0,0,0,1,0,0,0,0,0,False
FutureLearn,Fut-EC,1_02,1,02,td,td,dt,1-media-1-interaction,2,1,2,False,False,False,False,False,False,0,0,1,0,1,0,0,0,0,0,0,0,0,0,491,240,0.0,0,300,300.0,240,540.0,540.0,0.0,0.4444444444444444,1,0.5555555555555556,0.1111111111111111,0,0,0,1,0,0,0,0,0,0,3,0,0,True
FutureLearn,Fut-EC,1_03,1,03,td,td,dt,1-media-1-interaction,2,1,2,False,False,False,False,False,False,0,0,1,0,1,0,0,0,0,0,0,0,0,0,761,360,0.0,0,300,300.0,360,660.0,660.0,0.0,0.5454545454545454,1,0.45454545454545453,0.09090909090909091,0,0,0,1,0,0,0,0,0,0,3,0,0,True
FutureLearn,Fut-EC,1_04,1,04,vtd,vtd,dtv,2-media-1-interaction,3,2,3,False,False,False,False,False,False,1,0,1,0,1,0,0,0,0,0,0,0,125,0,98,60,0.0,0,300,300.0,185,485.0,610.0,0.6756756756756757,0.5081967213114754,1,0.6185567010309279,0.12371134020618556,0,0,0,0,0,0,0,1,0,0,4,0,0,True
FutureLearn,Fut-EC,1_05,1,05,td,td,dt,1-media-1-interaction,2,1,2,False,False,False,False,False,False,0,0,1,0,1,0,0,0,0,0,0,0,0,0,789,360,0.0,0,300,300.0,360,660.0,660.0,0.0,0.5454545454545454,1,0.45454545454545453,0.09090909090909091,0,0,0,1,0,0,0,0,0,0,2,0,1,True
FutureLearn,Fut-EC,1_06,1,06,vtd,vtd,dtv,2-media-1-interaction,3,2,3,False,False,False,False,False,False,1,0,1,0,1,0,0,0,0,0,0,0,183,0,915,420,0.0,0,300,300.0,603,903.0,1086.0,0.3034825870646766,0.7237569060773481,1,0.33222591362126247,0.06644518272425248,0,0,0,0,0,0,0,1,0,0,2,0,1,True
FutureLearn,Fut-EC,1_07,1,07,td,td,dt,1-media-1-interaction,2,1,2,False,False,False,False,False,False,0,0,1,0,1,0,0,0,0,0,0,0,0,0,794,360,0.0,0,300,300.0,360,660.0,660.0,0.0,0.5454545454545454,1,0.45454545454545453,0.09090909090909091,0,0,0,1,0,0,0,0,0,0,0,0,0,False
FutureLearn,Fut-EC,1_08,1,08,vtd,vtd,dtv,2-media-1-interaction,3,2,3,False,False,False,False,False,False,1,0,1,0,1,0,0,0,0,0,0,0,184,0,917,420,0.0,0,300,300.0,604,904.0,1088.0,0.304635761589404,0.7242647058823529,1,0.33185840707964603,0.06637168141592921,0,0,0,0,0,0,0,1,0,0,3,0,0,True
FutureLearn,Fut-EC,1_09,1,09,vtd,vtd,dtv,2-media-1-interaction,3,2,3,False,False,False,False,False,False,1,0,1,0,1,0,0,0,0,0,0,0,121,0,722,300,0.0,0,300,300.0,421,721.0,842.0,0.28741092636579574,0.6437054631828979,1,0.4160887656033287,0.08321775312066573,0,0,0,0,0,0,0,1,0,0,1,0,6,True
FutureLearn,Fut-EC,1_10,1,10,td,td,dt,1-media-1-interaction,2,1,2,False,False,False,False,False,False,0,0,1,0,1,0,0,0,0,0,0,0,0,0,803,360,0.0,0,300,300.0,360,660.0,660.0,0.0,0.5454545454545454,1,0.45454545454545453,0.09090909090909091,0,0,0,1,0,0,0,0,0,0,3,0,0,True
FutureLearn,Fut-EC,1_11,1,11,eeee,e,e,0-media-1-interaction,4,0,1,True,True,False,False,False,False,0,0,0,4,0,0,0,4,0,0,0,0,0,0,0,0,1200.0,0,0,1200.0,0,1200.0,1200.0,,0.0,4,1.0,0.2,1,0,0,0,0,0,0,0,0,0,0,0,0,False
FutureLearn,Fut-EC,1_12,1,12,vtd,vtd,dtv,2-media-1-interaction,3,2,3,False,False,False,False,False,False,1,0,1,0,1,0,0,0,0,0,0,0,32,0,188,120,0.0,0,300,300.0,152,452.0,484.0,0.21052631578947367,0.38016528925619836,1,0.6637168141592921,0.13274336283185842,0,0,0,0,0,0,0,1,0,0,0,0,0,False
FutureLearn,Fut-EC,2_01,2,01,vtd,vtd,dtv,2-media-1-interaction,3,2,3,False,False,False,False,False,False,1,0,1,0,1,0,0,0,0,0,0,0,29,0,119,60,0.0,0,300,300.0,89,389.0,418.0,0.3258426966292135,0.2822966507177033,1,0.7712082262210797,0.15424164524421594,0,0,0,0,0,0,0,1,0,0,0,0,0,False
FutureLearn,Fut-EC,2_02,2,02,td,td,dt,1-media-1-interaction,2,1,2,False,False,False,False,False,False,0,0,1,0,1,0,0,0,0,0,0,0,0,0,158,120,0.0,0,300,300.0,120,420.0,420.0,0.0,0.2857142857142857,1,0.7142857142857143,0.14285714285714285,0,0,0,1,0,0,0,0,0,0,0,0,0,False
FutureLearn,Fut-EC,2_03,2,03,vtd,vtd,dtv,2-media-1-interaction,3,2,3,False,False,False,False,False,False,1,0,1,0,1,0,0,0,0,0,0,0,116,0,817,360,0.0,0,300,300.0,476,776.0,892.0,0.24369747899159663,0.6636771300448431,1,0.3865979381443299,0.07731958762886598,0,0,0,0,0,0,0,1,0,0,2,0,0,True
FutureLearn,Fut-EC,2_04,2,04,td,td,dt,1-media-1-interaction,2,1,2,False,False,False,False,False,False,0,0,1,0,1,0,0,0,0,0,0,0,0,0,837,360,0.0,0,300,300.0,360,660.0,660.0,0.0,0.5454545454545454,1,0.45454545454545453,0.09090909090909091,0,0,0,1,0,0,0,0,0,0,3,0,0,True
FutureLearn,Fut-EC,2_05,2,05,td,td,dt,1-media-1-interaction,2,1,2,False,False,False,False,False,False,0,0,1,0,1,0,0,0,0,0,0,0,0,0,693,300,0.0,0,300,300.0,300,600.0,600.0,0.0,0.5,1,0.5,0.1,0,0,0,1,0,0,0,0,0,0,1,0,1,True
FutureLearn,Fut-EC,2_06,2,06,td,td,dt,1-media-1-interaction,2,1,2,False,False,False,False,False,False,0,0,1,0,1,0,0,0,0,0,0,0,0,0,800,360,0.0,0,300,300.0,360,660.0,660.0,0.0,0.5454545454545454,1,0.45454545454545453,0.09090909090909091,0,0,0,1,0,0,0,0,0,0,1,0,0,True
FutureLearn,Fut-EC,2_07,2,07,td,td,dt,1-media-1-interaction,2,1,2,False,False,False,False,False,False,0,0,1,0,1,0,0,0,0,0,0,0,0,0,824,360,0.0,0,300,300.0,360,660.0,660.0,0.0,0.5454545454545454,1,0.45454545454545453,0.09090909090909091,0,0,0,1,0,0,0,0,0,0,3,0,0,True
FutureLearn,Fut-EC,2_08,2,08,td,td,dt,1-media-1-interaction,2,1,2,False,False,False,False,False,False,0,0,1,0,1,0,0,0,0,0,0,0,0,0,884,360,0.0,0,300,300.0,360,660.0,660.0,0.0,0.5454545454545454,1,0.45454545454545453,0.09090909090909091,0,0,0,1,0,0,0,0,0,0,0,0,0,False
FutureLearn,Fut-EC,2_09,2,09,td,td,dt,1-media-1-interaction,2,1,2,False,False,False,False,False,False,0,0,1,0,1,0,0,0,0,0,0,0,0,0,740,300,0.0,0,300,300.0,300,600.0,600.0,0.0,0.5,1,0.5,0.1,0,0,0,1,0,0,0,0,0,0,2,0,0,True
FutureLearn,Fut-EC,2_10,2,10,td,td,dt,1-media-1-interaction,2,1,2,False,False,False,False,False,False,0,0,1,0,1,0,0,0,0,0,0,0,0,0,624,300,0.0,0,300,300.0,300,600.0,600.0,0.0,0.5,1,0.5,0.1,0,0,0,1,0,0,0,0,0,0,0,0,0,False
FutureLearn,Fut-EC,2_11,2,11,td,td,dt,1-media-1-interaction,2,1,2,False,False,False,False,False,False,0,0,1,0,1,0,0,0,0,0,0,0,0,0,861,360,0.0,0,300,300.0,360,660.0,660.0,0.0,0.5454545454545454,1,0.45454545454545453,0.09090909090909091,0,0,0,1,0,0,0,0,0,0,5,0,0,True
FutureLearn,Fut-EC,2_12,2,12,vtd,vtd,dtv,2-media-1-interaction,3,2,3,False,False,False,False,False,False,1,0,1,0,1,0,0,0,0,0,0,0,149,0,695,300,0.0,0,300,300.0,449,749.0,898.0,0.33184855233853006,0.6659242761692651,1,0.40053404539385845,0.0801068090787717,0,0,0,0,0,0,0,1,0,0,0,0,0,False
FutureLearn,Fut-EC,2_13,2,13,td,td,dt,1-media-1-interaction,2,1,2,False,False,False,False,False,False,0,0,1,0,1,0,0,0,0,0,0,0,0,0,453,240,0.0,0,300,300.0,240,540.0,540.0,0.0,0.4444444444444444,1,0.5555555555555556,0.1111111111111111,0,0,0,1,0,0,0,0,0,0,0,0,1,True
FutureLearn,Fut-EC,2_14,2,14,vtd,vtd,dtv,2-media-1-interaction,3,2,3,False,False,False,False,False,False,1,0,1,0,1,0,0,0,0,0,0,0,70,0,405,180,0.0,0,300,300.0,250,550.0,620.0,0.28,0.5161290322580645,1,0.5454545454545454,0.1090909090909091,0,0,0,0,0,0,0,1,0,0,0,0,0,False
FutureLearn,Fut-ENT,1_01,1,01,vtd,vtd,dtv,2-media-1-interaction,3,2,3,False,False,False,False,False,False,1,0,1,0,1,0,0,0,0,0,0,0,144,0,341,180,0.0,0,300,300.0,324,624.0,768.0,0.4444444444444444,0.609375,1,0.4807692307692308,0.09615384615384615,0,0,0,0,0,0,0,1,0,0,0,0,0,False
FutureLearn,Fut-ENT,1_02,1,02,tpd,tpd,dpt,1-media-2-interaction,3,2,3,False,False,False,False,False,False,0,0,1,0,1,1,0,0,0,0,0,0,0,0,168,120,0.0,120,300,420.0,120,540.0,540.0,0.0,0.2222222222222222,2,0.7777777777777778,0.2222222222222222,0,0,0,0,1,0,0,0,0,0,0,0,0,False
FutureLearn,Fut-ENT,1_03,1,03,td,td,dt,1-media-1-interaction,2,1,2,False,False,False,False,False,False,0,0,1,0,1,0,0,0,0,0,0,0,0,0,457,240,0.0,0,300,300.0,240,540.0,540.0,0.0,0.4444444444444444,1,0.5555555555555556,0.1111111111111111,0,0,0,1,0,0,0,0,0,0,2,0,0,True
FutureLearn,Fut-ENT,1_04,1,04,td,td,dt,1-media-1-interaction,2,1,2,False,False,False,False,False,False,0,0,1,0,1,0,0,0,0,0,0,0,0,0,127,60,0.0,0,300,300.0,60,360.0,360.0,0.0,0.16666666666666666,1,0.8333333333333334,0.16666666666666666,0,0,0,1,0,0,0,0,0,0,0,0,0,False
FutureLearn,Fut-ENT,1_05,1,05,td,td,dt,1-media-1-interaction,2,1,2,False,False,False,False,False,False,0,0,1,0,1,0,0,0,0,0,0,0,0,0,247,120,0.0,0,300,300.0,120,420.0,420.0,0.0,0.2857142857142857,1,0.7142857142857143,0.14285714285714285,0,0,0,1,0,0,0,0,0,0,1,0,0,True
FutureLearn,Fut-ENT,1_06,1,06,tvtd,tvtd,dtv,2-media-1-interaction,4,3,3,False,False,False,False,False,False,1,0,2,0,1,0,0,0,0,0,0,0,118,0,87,60,0.0,0,300,300.0,178,478.0,596.0,0.6629213483146067,0.4966442953020134,1,0.6276150627615062,0.12552301255230125,0,0,0,0,0,0,0,1,0,0,0,0,0,False
FutureLearn,Fut-ENT,1_07,1,07,eeee,e,e,0-media-1-interaction,4,0,1,True,True,False,False,False,False,0,0,0,4,0,0,0,4,0,0,0,0,0,0,0,0,1200.0,0,0,1200.0,0,1200.0,1200.0,,0.0,4,1.0,0.2,1,0,0,0,0,0,0,0,0,0,0,0,0,False
FutureLearn,Fut-ENT,1_08,1,08,atd,atd,adt,2-media-1-interaction,3,2,3,False,False,False,False,False,False,0,1,1,0,1,0,0,0,0,0,0,0,0,114,329,180,0.0,0,300,300.0,294,594.0,708.0,0.0,0.576271186440678,1,0.5050505050505051,0.10101010101010101,0,0,0,0,0,0,0,1,0,0,0,0,0,False
FutureLearn,Fut-ENT,1_09,1,09,td,td,dt,1-media-1-interaction,2,1,2,False,False,False,False,False,False,0,0,1,0,1,0,0,0,0,0,0,0,0,0,277,120,0.0,0,300,300.0,120,420.0,420.0,0.0,0.2857142857142857,1,0.7142857142857143,0.14285714285714285,0,0,0,1,0,0,0,0,0,0,1,0,0,True
FutureLearn,Fut-ENT,1_10,1,10,td,td,dt,1-media-1-interaction,2,1,2,False,False,False,False,False,False,0,0,1,0,1,0,0,0,0,0,0,0,0,0,425,180,0.0,0,300,300.0,180,480.0,480.0,0.0,0.375,1,0.625,0.125,0,0,0,1,0,0,0,0,0,0,1,0,0,True
FutureLearn,Fut-ENT,1_11,1,11,td,td,dt,1-media-1-interaction,2,1,2,False,False,False,False,False,False,0,0,1,0,1,0,0,0,0,0,0,0,0,0,329,180,0.0,0,300,300.0,180,480.0,480.0,0.0,0.375,1,0.625,0.125,0,0,0,1,0,0,0,0,0,0,1,0,1,True
FutureLearn,Fut-ENT,1_12,1,12,td,td,dt,1-media-1-interaction,2,1,2,False,False,False,False,False,False,0,0,1,0,1,0,0,0,0,0,0,0,0,0,349,180,0.0,0,300,300.0,180,480.0,480.0,0.0,0.375,1,0.625,0.125,0,0,0,1,0,0,0,0,0,0,1,0,0,True
FutureLearn,Fut-ENT,1_13,1,13,tvtd,tvtd,dtv,2-media-1-interaction,4,3,3,False,False,False,False,False,False,1,0,2,0,1,0,0,0,0,0,0,0,1082,0,122,60,0.0,0,300,300.0,1142,1442.0,2524.0,0.9474605954465849,0.8811410459587956,1,0.20804438280166435,0.041608876560332866,0,0,0,0,0,0,0,1,0,0,0,0,0,False
FutureLearn,Fut-ENT,1_14,1,14,tpd,tpd,dpt,1-media-2-interaction,3,2,3,False,False,False,False,False,False,0,0,1,0,1,1,0,0,0,0,0,0,0,0,162,120,0.0,120,300,420.0,120,540.0,540.0,0.0,0.2222222222222222,2,0.7777777777777778,0.2222222222222222,0,0,0,0,1,0,0,0,0,0,1,0,0,True
FutureLearn,Fut-ENT,1_15,1,15,td,td,dt,1-media-1-interaction,2,1,2,False,False,False,False,False,False,0,0,1,0,1,0,0,0,0,0,0,0,0,0,115,60,0.0,0,300,300.0,60,360.0,360.0,0.0,0.16666666666666666,1,0.8333333333333334,0.16666666666666666,0,0,0,1,0,0,0,0,0,0,1,0,2,True
FutureLearn,Fut-ENT,1_16,1,16,td,td,dt,1-media-1-interaction,2,1,2,False,False,False,False,False,False,0,0,1,0,1,0,0,0,0,0,0,0,0,0,54,60,0.0,0,300,300.0,60,360.0,360.0,0.0,0.16666666666666666,1,0.8333333333333334,0.16666666666666666,0,0,0,1,0,0,0,0,0,0,0,0,0,False
FutureLearn,Fut-ENT,1_17,1,17,tvtd,tvtd,dtv,2-media-1-interaction,4,3,3,False,False,False,False,False,False,1,0,2,0,1,0,0,0,0,0,0,0,180,0,58,60,0.0,0,300,300.0,240,540.0,720.0,0.75,0.5833333333333334,1,0.5555555555555556,0.1111111111111111,0,0,0,0,0,0,0,1,0,0,0,0,0,False
FutureLearn,Fut-ENT,1_18,1,18,td,td,dt,1-media-1-interaction,2,1,2,False,False,False,False,False,False,0,0,1,0,1,0,0,0,0,0,0,0,0,0,142,60,0.0,0,300,300.0,60,360.0,360.0,0.0,0.16666666666666666,1,0.8333333333333334,0.16666666666666666,0,0,0,1,0,0,0,0,0,0,1,0,0,True
FutureLearn,Fut-ENT,1_19,1,19,eeee,e,e,0-media-1-interaction,4,0,1,True,True,False,False,False,False,0,0,0,4,0,0,0,4,0,0,0,0,0,0,0,0,1200.0,0,0,1200.0,0,1200.0,1200.0,,0.0,4,1.0,0.2,1,0,0,0,0,0,0,0,0,0,0,0,0,False
FutureLearn,Fut-ENT,1_20,1,20,td,td,dt,1-media-1-interaction,2,1,2,False,False,False,False,False,False,0,0,1,0,1,0,0,0,0,0,0,0,0,0,335,180,0.0,0,300,300.0,180,480.0,480.0,0.0,0.375,1,0.625,0.125,0,0,0,1,0,0,0,0,0,0,1,0,0,True
FutureLearn,Fut-ENT,1_21,1,21,td,td,dt,1-media-1-interaction,2,1,2,False,False,False,False,False,False,0,0,1,0,1,0,0,0,0,0,0,0,0,0,663,300,0.0,0,300,300.0,300,600.0,600.0,0.0,0.5,1,0.5,0.1,0,0,0,1,0,0,0,0,0,0,0,0,0,False
FutureLearn,Fut-ENT,1_22,1,22,td,td,dt,1-media-1-interaction,2,1,2,False,False,False,False,False,False,0,0,1,0,1,0,0,0,0,0,0,0,0,0,176,120,0.0,0,300,300.0,120,420.0,420.0,0.0,0.2857142857142857,1,0.7142857142857143,0.14285714285714285,0,0,0,1,0,0,0,0,0,0,0,0,0,False
FutureLearn,Fut-ENT,2_01,2,01,vtd,vtd,dtv,2-media-1-interaction,3,2,3,False,False,False,False,False,False,1,0,1,0,1,0,0,0,0,0,0,0,84,0,189,120,0.0,0,300,300.0,204,504.0,588.0,0.4117647058823529,0.4897959183673469,1,0.5952380952380952,0.11904761904761904,0,0,0,0,0,0,0,1,0,0,0,0,0,False
FutureLearn,Fut-ENT,2_02,2,02,td,td,dt,1-media-1-interaction,2,1,2,False,False,False,False,False,False,0,0,1,0,1,0,0,0,0,0,0,0,0,0,190,120,0.0,0,300,300.0,120,420.0,420.0,0.0,0.2857142857142857,1,0.7142857142857143,0.14285714285714285,0,0,0,1,0,0,0,0,0,0,1,0,0,True
FutureLearn,Fut-ENT,2_03,2,03,t,t,t,1-media-0-interaction,1,0,1,False,False,False,False,False,False,0,0,1,0,0,0,0,0,0,0,0,0,0,0,297,120,0.0,0,0,0.0,120,120.0,120.0,0.0,1.0,0,0.0,0.0,0,0,1,0,0,0,0,0,0,0,0,0,0,False
FutureLearn,Fut-ENT,2_04,2,04,dtvtd,dtvtd,dtv,2-media-1-interaction,5,4,3,False,False,False,False,False,False,1,0,2,0,2,0,0,0,0,0,0,0,140,0,91,60,0.0,0,600,600.0,200,800.0,940.0,0.7,0.3617021276595745,2,0.75,0.15,0,0,0,0,0,0,0,1,0,0,1,0,0,True
FutureLearn,Fut-ENT,2_05,2,05,td,td,dt,1-media-1-interaction,2,1,2,False,False,False,False,False,False,0,0,1,0,1,0,0,0,0,0,0,0,0,0,264,120,0.0,0,300,300.0,120,420.0,420.0,0.0,0.2857142857142857,1,0.7142857142857143,0.14285714285714285,0,0,0,1,0,0,0,0,0,0,2,0,0,True
FutureLearn,Fut-ENT,2_06,2,06,td,td,dt,1-media-1-interaction,2,1,2,False,False,False,False,False,False,0,0,1,0,1,0,0,0,0,0,0,0,0,0,192,120,0.0,0,300,300.0,120,420.0,420.0,0.0,0.2857142857142857,1,0.7142857142857143,0.14285714285714285,0,0,0,1,0,0,0,0,0,0,1,0,0,True
FutureLearn,Fut-ENT,2_07,2,07,td,td,dt,1-media-1-interaction,2,1,2,False,False,False,False,False,False,0,0,1,0,1,0,0,0,0,0,0,0,0,0,67,60,0.0,0,300,300.0,60,360.0,360.0,0.0,0.16666666666666666,1,0.8333333333333334,0.16666666666666666,0,0,0,1,0,0,0,0,0,0,1,0,0,True
FutureLearn,Fut-ENT,2_08,2,08,td,td,dt,1-media-1-interaction,2,1,2,False,False,False,False,False,False,0,0,1,0,1,0,0,0,0,0,0,0,0,0,110,60,0.0,0,300,300.0,60,360.0,360.0,0.0,0.16666666666666666,1,0.8333333333333334,0.16666666666666666,0,0,0,1,0,0,0,0,0,0,1,0,0,True
FutureLearn,Fut-ENT,2_09,2,09,td,td,dt,1-media-1-interaction,2,1,2,False,False,False,False,False,False,0,0,1,0,1,0,0,0,0,0,0,0,0,0,176,120,0.0,0,300,300.0,120,420.0,420.0,0.0,0.2857142857142857,1,0.7142857142857143,0.14285714285714285,0,0,0,1,0,0,0,0,0,0,2,0,0,True
FutureLearn,Fut-ENT,2_10,2,10,td,td,dt,1-media-1-interaction,2,1,2,False,False,False,False,False,False,0,0,1,0,1,0,0,0,0,0,0,0,0,0,93,60,0.0,0,300,300.0,60,360.0,360.0,0.0,0.16666666666666666,1,0.8333333333333334,0.16666666666666666,0,0,0,1,0,0,0,0,0,0,1,0,0,True
FutureLearn,Fut-ENT,2_11,2,11,td,td,dt,1-media-1-interaction,2,1,2,False,False,False,False,False,False,0,0,1,0,1,0,0,0,0,0,0,0,0,0,60,60,0.0,0,300,300.0,60,360.0,360.0,0.0,0.16666666666666666,1,0.8333333333333334,0.16666666666666666,0,0,0,1,0,0,0,0,0,0,1,0,0,True
FutureLearn,Fut-ENT,2_12,2,12,td,td,dt,1-media-1-interaction,2,1,2,False,False,False,False,False,False,0,0,1,0,1,0,0,0,0,0,0,0,0,0,63,60,0.0,0,300,300.0,60,360.0,360.0,0.0,0.16666666666666666,1,0.8333333333333334,0.16666666666666666,0,0,0,1,0,0,0,0,0,0,1,0,0,True
FutureLearn,Fut-ENT,2_13,2,13,td,td,dt,1-media-1-interaction,2,1,2,False,False,False,False,False,False,0,0,1,0,1,0,0,0,0,0,0,0,0,0,76,60,0.0,0,300,300.0,60,360.0,360.0,0.0,0.16666666666666666,1,0.8333333333333334,0.16666666666666666,0,0,0,1,0,0,0,0,0,0,1,0,0,True
FutureLearn,Fut-ENT,2_14,2,14,atd,atd,adt,2-media-1-interaction,3,2,3,False,False,False,False,False,False,0,1,1,0,1,0,0,0,0,0,0,0,0,64,210,120,0.0,0,300,300.0,184,484.0,548.0,0.0,0.45255474452554745,1,0.6198347107438017,0.12396694214876033,0,0,0,0,0,0,0,1,0,0,0,0,0,False
FutureLearn,Fut-ENT,2_15,2,15,tvtd,tvtd,dtv,2-media-1-interaction,4,3,3,False,False,False,False,False,False,1,0,2,0,1,0,0,0,0,0,0,0,230,0,251,120,0.0,0,300,300.0,350,650.0,880.0,0.6571428571428571,0.6590909090909091,1,0.46153846153846156,0.0923076923076923,0,0,0,0,0,0,0,1,0,0,1,0,0,True
FutureLearn,Fut-ENT,2_16,2,16,tvd,tvd,dtv,2-media-1-interaction,3,2,3,False,False,False,False,False,False,1,0,1,0,1,0,0,0,0,0,0,0,341,0,27,60,0.0,0,300,300.0,401,701.0,1042.0,0.8503740648379052,0.7120921305182342,1,0.42796005706134094,0.08559201141226819,0,0,0,0,0,0,0,1,0,0,0,0,0,False
FutureLearn,Fut-ENT,2_17,2,17,td,td,dt,1-media-1-interaction,2,1,2,False,False,False,False,False,False,0,0,1,0,1,0,0,0,0,0,0,0,0,0,143,60,0.0,0,300,300.0,60,360.0,360.0,0.0,0.16666666666666666,1,0.8333333333333334,0.16666666666666666,0,0,0,1,0,0,0,0,0,0,1,0,1,True
FutureLearn,Fut-ENT,2_18,2,18,eeee,e,e,0-media-1-interaction,4,0,1,True,True,False,False,False,False,0,0,0,4,0,0,0,4,0,0,0,0,0,0,0,0,1200.0,0,0,1200.0,0,1200.0,1200.0,,0.0,4,1.0,0.2,1,0,0,0,0,0,0,0,0,0,0,0,0,False
FutureLearn,Fut-ENT,2_19,2,19,atd,atd,adt,2-media-1-interaction,3,2,3,False,False,False,False,False,False,0,1,1,0,1,0,0,0,0,0,0,0,0,102,244,120,0.0,0,300,300.0,222,522.0,624.0,0.0,0.5192307692307693,1,0.5747126436781609,0.1149425287356322,0,0,0,0,0,0,0,1,0,0,0,0,0,False
FutureLearn,Fut-ENT,2_20,2,20,td,td,dt,1-media-1-interaction,2,1,2,False,False,False,False,False,False,0,0,1,0,1,0,0,0,0,0,0,0,0,0,393,180,0.0,0,300,300.0,180,480.0,480.0,0.0,0.375,1,0.625,0.125,0,0,0,1,0,0,0,0,0,0,1,0,0,True
FutureLearn,Fut-ENT,2_21,2,21,eeee,e,e,0-media-1-interaction,4,0,1,True,True,False,False,False,False,0,0,0,4,0,0,0,4,0,0,0,0,0,0,0,0,1200.0,0,0,1200.0,0,1200.0,1200.0,,0.0,4,1.0,0.2,1,0,0,0,0,0,0,0,0,0,0,0,0,False
FutureLearn,Fut-ENT,2_22,2,22,td,td,dt,1-media-1-interaction,2,1,2,False,False,False,False,False,False,0,0,1,0,1,0,0,0,0,0,0,0,0,0,279,120,0.0,0,300,300.0,120,420.0,420.0,0.0,0.2857142857142857,1,0.7142857142857143,0.14285714285714285,0,0,0,1,0,0,0,0,0,0,1,0,0,True
FutureLearn,Fut-ENT,2_23,2,23,vtd,vtd,dtv,2-media-1-interaction,3,2,3,False,False,False,False,False,False,1,0,1,0,1,0,0,0,0,0,0,0,193,0,534,240,0.0,0,300,300.0,433,733.0,926.0,0.4457274826789838,0.6760259179265659,1,0.4092769440654843,0.08185538881309685,0,0,0,0,0,0,0,1,0,0,0,0,0,False
FutureLearn,Fut-ENT,2_24,2,24,td,td,dt,1-media-1-interaction,2,1,2,False,False,False,False,False,False,0,0,1,0,1,0,0,0,0,0,0,0,0,0,181,120,0.0,0,300,300.0,120,420.0,420.0,0.0,0.2857142857142857,1,0.7142857142857143,0.14285714285714285,0,0,0,1,0,0,0,0,0,0,0,0,0,False
FutureLearn,Fut-ENT,3_01,3,01,vtd,vtd,dtv,2-media-1-interaction,3,2,3,False,False,False,False,False,False,1,0,1,0,1,0,0,0,0,0,0,0,86,0,159,120,0.0,0,300,300.0,206,506.0,592.0,0.4174757281553398,0.49324324324324326,1,0.5928853754940712,0.11857707509881422,0,0,0,0,0,0,0,1,0,0,0,0,0,False
FutureLearn,Fut-ENT,3_02,3,02,td,td,dt,1-media-1-interaction,2,1,2,False,False,False,False,False,False,0,0,1,0,1,0,0,0,0,0,0,0,0,0,66,60,0.0,0,300,300.0,60,360.0,360.0,0.0,0.16666666666666666,1,0.8333333333333334,0.16666666666666666,0,0,0,1,0,0,0,0,0,0,1,0,0,True
FutureLearn,Fut-ENT,3_03,3,03,tvtd,tvtd,dtv,2-media-1-interaction,4,3,3,False,False,False,False,False,False,1,0,2,0,1,0,0,0,0,0,0,0,334,0,128,60,0.0,0,300,300.0,394,694.0,1028.0,0.8477157360406091,0.708171206225681,1,0.4322766570605187,0.08645533141210375,0,0,0,0,0,0,0,1,0,0,1,0,0,True
FutureLearn,Fut-ENT,3_04,3,04,td,td,dt,1-media-1-interaction,2,1,2,False,False,False,False,False,False,0,0,1,0,1,0,0,0,0,0,0,0,0,0,31,60,0.0,0,300,300.0,60,360.0,360.0,0.0,0.16666666666666666,1,0.8333333333333334,0.16666666666666666,0,0,0,1,0,0,0,0,0,0,1,0,0,True
FutureLearn,Fut-ENT,3_05,3,05,td,td,dt,1-media-1-interaction,2,1,2,False,False,False,False,False,False,0,0,1,0,1,0,0,0,0,0,0,0,0,0,112,60,0.0,0,300,300.0,60,360.0,360.0,0.0,0.16666666666666666,1,0.8333333333333334,0.16666666666666666,0,0,0,1,0,0,0,0,0,0,1,0,0,True
FutureLearn,Fut-ENT,3_06,3,06,td,td,dt,1-media-1-interaction,2,1,2,False,False,False,False,False,False,0,0,1,0,1,0,0,0,0,0,0,0,0,0,346,180,0.0,0,300,300.0,180,480.0,480.0,0.0,0.375,1,0.625,0.125,0,0,0,1,0,0,0,0,0,0,1,0,0,True
FutureLearn,Fut-ENT,3_07,3,07,td,td,dt,1-media-1-interaction,2,1,2,False,False,False,False,False,False,0,0,1,0,1,0,0,0,0,0,0,0,0,0,193,120,0.0,0,300,300.0,120,420.0,420.0,0.0,0.2857142857142857,1,0.7142857142857143,0.14285714285714285,0,0,0,1,0,0,0,0,0,0,1,0,0,True
FutureLearn,Fut-ENT,3_08,3,08,td,td,dt,1-media-1-interaction,2,1,2,False,False,False,False,False,False,0,0,1,0,1,0,0,0,0,0,0,0,0,0,63,60,0.0,0,300,300.0,60,360.0,360.0,0.0,0.16666666666666666,1,0.8333333333333334,0.16666666666666666,0,0,0,1,0,0,0,0,0,0,1,0,0,True
FutureLearn,Fut-ENT,3_09,3,09,vtd,vtd,dtv,2-media-1-interaction,3,2,3,False,False,False,False,False,False,1,0,1,0,1,0,0,0,0,0,0,0,181,0,531,240,0.0,0,300,300.0,421,721.0,902.0,0.42992874109263657,0.6674057649667405,1,0.4160887656033287,0.08321775312066573,0,0,0,0,0,0,0,1,0,0,0,0,0,False
FutureLearn,Fut-ENT,3_10,3,10,vtd,vtd,dtv,2-media-1-interaction,3,2,3,False,False,False,False,False,False,1,0,1,0,1,0,0,0,0,0,0,0,500,0,133,60,0.0,0,300,300.0,560,860.0,1360.0,0.8928571428571429,0.7794117647058824,1,0.3488372093023256,0.06976744186046512,0,0,0,0,0,0,0,1,0,0,1,0,0,True
FutureLearn,Fut-ENT,3_11,3,11,eeeee,e,e,0-media-1-interaction,5,0,1,True,True,False,False,False,False,0,0,0,5,0,0,0,5,0,0,0,0,0,0,0,0,1500.0,0,0,1500.0,0,1500.0,1500.0,,0.0,5,1.0,0.2,1,0,0,0,0,0,0,0,0,0,0,0,0,False
FutureLearn,Fut-ENT,3_12,3,12,td,td,dt,1-media-1-interaction,2,1,2,False,False,False,False,False,False,0,0,1,0,1,0,0,0,0,0,0,0,0,0,65,60,0.0,0,300,300.0,60,360.0,360.0,0.0,0.16666666666666666,1,0.8333333333333334,0.16666666666666666,0,0,0,1,0,0,0,0,0,0,1,0,0,True
FutureLearn,Fut-ENT,3_13,3,13,td,td,dt,1-media-1-interaction,2,1,2,False,False,False,False,False,False,0,0,1,0,1,0,0,0,0,0,0,0,0,0,277,120,0.0,0,300,300.0,120,420.0,420.0,0.0,0.2857142857142857,1,0.7142857142857143,0.14285714285714285,0,0,0,1,0,0,0,0,0,0,1,0,0,True
FutureLearn,Fut-ENT,3_14,3,14,td,td,dt,1-media-1-interaction,2,1,2,False,False,False,False,False,False,0,0,1,0,1,0,0,0,0,0,0,0,0,0,169,120,0.0,0,300,300.0,120,420.0,420.0,0.0,0.2857142857142857,1,0.7142857142857143,0.14285714285714285,0,0,0,1,0,0,0,0,0,0,1,0,0,True
FutureLearn,Fut-ENT,3_15,3,15,td,td,dt,1-media-1-interaction,2,1,2,False,False,False,False,False,False,0,0,1,0,1,0,0,0,0,0,0,0,0,0,153,120,0.0,0,300,300.0,120,420.0,420.0,0.0,0.2857142857142857,1,0.7142857142857143,0.14285714285714285,0,0,0,1,0,0,0,0,0,0,1,0,1,True
FutureLearn,Fut-ENT,3_16,3,16,tvtd,tvtd,dtv,2-media-1-interaction,4,3,3,False,False,False,False,False,False,1,0,2,0,1,0,0,0,0,0,0,0,502,0,69,60,0.0,0,300,300.0,562,862.0,1364.0,0.8932384341637011,0.7800586510263929,1,0.3480278422273782,0.06960556844547564,0,0,0,0,0,0,0,1,0,0,1,0,0,True
FutureLearn,Fut-ENT,3_17,3,17,eeeeeeee,e,e,0-media-1-interaction,8,0,1,True,True,False,False,False,False,0,0,0,8,0,0,0,8,0,0,0,0,0,0,0,0,2400.0,0,0,2400.0,0,2400.0,2400.0,,0.0,8,1.0,0.2,1,0,0,0,0,0,0,0,0,0,0,0,0,False
FutureLearn,Fut-ENT,4_01,4,01,vtd,vtd,dtv,2-media-1-interaction,3,2,3,False,False,False,False,False,False,1,0,1,0,1,0,0,0,0,0,0,0,82,0,61,60,0.0,0,300,300.0,142,442.0,524.0,0.5774647887323944,0.42748091603053434,1,0.6787330316742082,0.13574660633484165,0,0,0,0,0,0,0,1,0,0,0,0,0,False
FutureLearn,Fut-ENT,4_02,4,02,td,td,dt,1-media-1-interaction,2,1,2,False,False,False,False,False,False,0,0,1,0,1,0,0,0,0,0,0,0,0,0,122,60,0.0,0,300,300.0,60,360.0,360.0,0.0,0.16666666666666666,1,0.8333333333333334,0.16666666666666666,0,0,0,1,0,0,0,0,0,0,1,0,0,True
FutureLearn,Fut-ENT,4_03,4,03,td,td,dt,1-media-1-interaction,2,1,2,False,False,False,False,False,False,0,0,1,0,1,0,0,0,0,0,0,0,0,0,40,60,0.0,0,300,300.0,60,360.0,360.0,0.0,0.16666666666666666,1,0.8333333333333334,0.16666666666666666,0,0,0,1,0,0,0,0,0,0,1,0,0,True
FutureLearn,Fut-ENT,4_04,4,04,td,td,dt,1-media-1-interaction,2,1,2,False,False,False,False,False,False,0,0,1,0,1,0,0,0,0,0,0,0,0,0,485,240,0.0,0,300,300.0,240,540.0,540.0,0.0,0.4444444444444444,1,0.5555555555555556,0.1111111111111111,0,0,0,1,0,0,0,0,0,0,1,0,0,True
FutureLearn,Fut-ENT,4_05,4,05,td,td,dt,1-media-1-interaction,2,1,2,False,False,False,False,False,False,0,0,1,0,1,0,0,0,0,0,0,0,0,0,35,60,0.0,0,300,300.0,60,360.0,360.0,0.0,0.16666666666666666,1,0.8333333333333334,0.16666666666666666,0,0,0,1,0,0,0,0,0,0,1,0,0,True
FutureLearn,Fut-ENT,4_06,4,06,td,td,dt,1-media-1-interaction,2,1,2,False,False,False,False,False,False,0,0,1,0,1,0,0,0,0,0,0,0,0,0,242,120,0.0,0,300,300.0,120,420.0,420.0,0.0,0.2857142857142857,1,0.7142857142857143,0.14285714285714285,0,0,0,1,0,0,0,0,0,0,1,0,0,True
FutureLearn,Fut-ENT,4_07,4,07,vtd,vtd,dtv,2-media-1-interaction,3,2,3,False,False,False,False,False,False,1,0,1,0,1,0,0,0,0,0,0,0,155,0,535,240,0.0,0,300,300.0,395,695.0,850.0,0.3924050632911392,0.6470588235294118,1,0.4316546762589928,0.08633093525179855,0,0,0,0,0,0,0,1,0,0,0,0,0,False
FutureLearn,Fut-ENT,4_08,4,08,pd,pd,dp,0-media-2-interaction,2,1,2,False,False,False,False,False,False,0,0,0,0,1,1,0,0,0,0,0,0,0,0,0,0,0.0,120,300,420.0,0,420.0,420.0,,0.0,2,1.0,0.2857142857142857,0,1,0,0,0,0,0,0,0,0,0,0,0,False
FutureLearn,Fut-ENT,4_09,4,09,td,td,dt,1-media-1-interaction,2,1,2,False,False,False,False,False,False,0,0,1,0,1,0,0,0,0,0,0,0,0,0,347,180,0.0,0,300,300.0,180,480.0,480.0,0.0,0.375,1,0.625,0.125,0,0,0,1,0,0,0,0,0,0,1,0,0,True
FutureLearn,Fut-ENT,4_10,4,10,vtd,vtd,dtv,2-media-1-interaction,3,2,3,False,False,False,False,False,False,1,0,1,0,1,0,0,0,0,0,0,0,273,0,755,360,0.0,0,300,300.0,633,933.0,1206.0,0.4312796208530806,0.7512437810945274,1,0.3215434083601286,0.06430868167202572,0,0,0,0,0,0,0,1,0,0,0,0,0,False
FutureLearn,Fut-ENT,4_11,4,11,td,td,dt,1-media-1-interaction,2,1,2,False,False,False,False,False,False,0,0,1,0,1,0,0,0,0,0,0,0,0,0,198,120,0.0,0,300,300.0,120,420.0,420.0,0.0,0.2857142857142857,1,0.7142857142857143,0.14285714285714285,0,0,0,1,0,0,0,0,0,0,1,0,0,True
FutureLearn,Fut-ENT,4_12,4,12,td,td,dt,1-media-1-interaction,2,1,2,False,False,False,False,False,False,0,0,1,0,1,0,0,0,0,0,0,0,0,0,129,60,0.0,0,300,300.0,60,360.0,360.0,0.0,0.16666666666666666,1,0.8333333333333334,0.16666666666666666,0,0,0,1,0,0,0,0,0,0,1,0,0,True
FutureLearn,Fut-ENT,4_13,4,13,td,td,dt,1-media-1-interaction,2,1,2,False,False,False,False,False,False,0,0,1,0,1,0,0,0,0,0,0,0,0,0,197,120,0.0,0,300,300.0,120,420.0,420.0,0.0,0.2857142857142857,1,0.7142857142857143,0.14285714285714285,0,0,0,1,0,0,0,0,0,0,1,0,0,True
FutureLearn,Fut-ENT,4_14,4,14,td,td,dt,1-media-1-interaction,2,1,2,False,False,False,False,False,False,0,0,1,0,1,0,0,0,0,0,0,0,0,0,99,60,0.0,0,300,300.0,60,360.0,360.0,0.0,0.16666666666666666,1,0.8333333333333334,0.16666666666666666,0,0,0,1,0,0,0,0,0,0,1,0,0,True
FutureLearn,Fut-ENT,4_15,4,15,td,td,dt,1-media-1-interaction,2,1,2,False,False,False,False,False,False,0,0,1,0,1,0,0,0,0,0,0,0,0,0,106,60,0.0,0,300,300.0,60,360.0,360.0,0.0,0.16666666666666666,1,0.8333333333333334,0.16666666666666666,0,0,0,1,0,0,0,0,0,0,1,0,0,True
FutureLearn,Fut-ENT,4_16,4,16,td,td,dt,1-media-1-interaction,2,1,2,False,False,False,False,False,False,0,0,1,0,1,0,0,0,0,0,0,0,0,0,162,120,0.0,0,300,300.0,120,420.0,420.0,0.0,0.2857142857142857,1,0.7142857142857143,0.14285714285714285,0,0,0,1,0,0,0,0,0,0,1,0,0,True
FutureLearn,Fut-ENT,4_17,4,17,td,td,dt,1-media-1-interaction,2,1,2,False,False,False,False,False,False,0,0,1,0,1,0,0,0,0,0,0,0,0,0,222,120,0.0,0,300,300.0,120,420.0,420.0,0.0,0.2857142857142857,1,0.7142857142857143,0.14285714285714285,0,0,0,1,0,0,0,0,0,0,1,0,0,True
FutureLearn,Fut-ENT,4_18,4,18,td,td,dt,1-media-1-interaction,2,1,2,False,False,False,False,False,False,0,0,1,0,1,0,0,0,0,0,0,0,0,0,201,120,0.0,0,300,300.0,120,420.0,420.0,0.0,0.2857142857142857,1,0.7142857142857143,0.14285714285714285,0,0,0,1,0,0,0,0,0,0,1,0,0,True
FutureLearn,Fut-ENT,4_19,4,19,td,td,dt,1-media-1-interaction,2,1,2,False,False,False,False,False,False,0,0,1,0,1,0,0,0,0,0,0,0,0,0,361,180,0.0,0,300,300.0,180,480.0,480.0,0.0,0.375,1,0.625,0.125,0,0,0,1,0,0,0,0,0,0,1,0,0,True
FutureLearn,Fut-ENT,4_20,4,20,td,td,dt,1-media-1-interaction,2,1,2,False,False,False,False,False,False,0,0,1,0,1,0,0,0,0,0,0,0,0,0,101,60,0.0,0,300,300.0,60,360.0,360.0,0.0,0.16666666666666666,1,0.8333333333333334,0.16666666666666666,0,0,0,1,0,0,0,0,0,0,1,0,0,True
FutureLearn,Fut-ENT,4_21,4,21,eeeee,e,e,0-media-1-interaction,5,0,1,True,True,False,False,False,False,0,0,0,5,0,0,0,5,0,0,0,0,0,0,0,0,1500.0,0,0,1500.0,0,1500.0,1500.0,,0.0,5,1.0,0.2,1,0,0,0,0,0,0,0,0,0,0,0,0,False
FutureLearn,Fut-ENT,4_22,4,22,td,td,dt,1-media-1-interaction,2,1,2,False,False,False,False,False,False,0,0,1,0,1,0,0,0,0,0,0,0,0,0,384,180,0.0,0,300,300.0,180,480.0,480.0,0.0,0.375,1,0.625,0.125,0,0,0,1,0,0,0,0,0,0,1,0,0,True
IxDF,IxDF-HCI,1_01,1,01,t,t,t,1-media-0-interaction,1,0,1,False,False,False,False,False,False,0,0,1,0,0,0,0,0,0,0,0,0,0,0,127,60,0.0,0,0,0.0,60,60.0,60.0,0.0,1.0,0,0.0,0.0,0,0,1,0,0,0,0,0,0,0,1,0,0,True
IxDF,IxDF-HCI,1_02,1,02,vtvte,vtvte,etv,2-media-1-interaction,5,4,3,True,False,False,False,False,True,2,0,2,1,0,0,0,1,0,0,0,0,733,0,279,120,300.0,0,0,300.0,853,1153.0,1886.0,0.8593200468933178,0.8409331919406151,1,0.26019080659150046,0.052038161318300094,0,0,0,0,0,0,0,1,0,0,1,0,0,True
IxDF,IxDF-HCI,1_03,1,03,tvtvtve,tvtvtve,etv,2-media-1-interaction,7,6,3,True,False,False,False,False,True,3,0,3,1,0,0,0,2,0,0,0,0,1244,0,368,180,600.0,0,0,600.0,1424,2024.0,3268.0,0.8735955056179775,0.8164014687882497,2,0.2964426877470356,0.05928853754940711,0,0,0,0,0,0,0,1,0,0,5,0,0,True
IxDF,IxDF-HCI,1_04,1,04,tvtvtve,tvtvtve,etv,2-media-1-interaction,7,6,3,True,False,False,False,False,True,3,0,3,1,0,0,0,1,0,0,0,0,1597,0,621,300,300.0,0,0,300.0,1897,2197.0,3794.0,0.841855561412757,0.9209277807063785,1,0.13654984069185253,0.027309968138370506,0,0,0,0,0,0,0,1,0,0,5,0,0,True
IxDF,IxDF-HCI,1_05,1,05,tvee,tve,etv,2-media-1-interaction,4,2,3,True,False,False,False,False,True,1,0,1,2,0,0,0,1,0,0,1,0,841,0,476,240,2100.0,0,0,2100.0,1081,3181.0,4022.0,0.7779833487511564,0.477871705619095,2,0.6601697579377555,0.03772398616787174,0,0,0,0,0,0,0,1,0,0,5,0,0,True
IxDF,IxDF-HCI,1_06,1,06,td,td,dt,1-media-1-interaction,2,1,2,False,False,False,False,False,False,0,0,1,0,1,0,0,0,0,0,0,0,0,0,76,60,0.0,0,300,300.0,60,360.0,360.0,0.0,0.16666666666666666,1,0.8333333333333334,0.16666666666666666,0,0,0,1,0,0,0,0,0,0,0,0,0,False
IxDF,IxDF-HCI,1_07,1,07,t,t,t,1-media-0-interaction,1,0,1,False,False,False,False,False,False,0,0,1,0,0,0,0,0,0,0,0,0,0,0,138,60,0.0,0,0,0.0,60,60.0,60.0,0.0,1.0,0,0.0,0.0,0,0,1,0,0,0,0,0,0,0,1,0,0,True
IxDF,IxDF-HCI,2_01,2,01,tv,tv,tv,2-media-0-interaction,2,1,2,False,False,False,False,False,False,1,0,1,0,0,0,0,0,0,0,0,0,168,0,137,60,0.0,0,0,0.0,228,228.0,396.0,0.7368421052631579,1.0,0,0.0,0.0,0,0,0,0,0,0,1,0,0,0,0,0,0,False
IxDF,IxDF-HCI,2_02,2,02,tvte,tvte,etv,2-media-1-interaction,4,3,3,True,False,False,False,False,True,1,0,2,1,0,0,0,2,0,0,0,0,693,0,171,120,600.0,0,0,600.0,813,1413.0,2106.0,0.8523985239852399,0.7150997150997151,2,0.42462845010615713,0.08492569002123142,0,0,0,0,0,0,0,1,0,0,2,0,0,True
IxDF,IxDF-HCI,2_03,2,03,tve,tve,etv,2-media-1-interaction,3,2,3,True,False,False,False,False,True,1,0,1,1,0,0,0,2,0,0,0,0,609,0,276,120,600.0,0,0,600.0,729,1329.0,1938.0,0.8353909465020576,0.6904024767801857,2,0.45146726862302483,0.09029345372460497,0,0,0,0,0,0,0,1,0,0,2,0,0,True
IxDF,IxDF-HCI,2_04,2,04,tve,tve,etv,2-media-1-interaction,3,2,3,True,False,False,False,False,True,1,0,1,1,0,0,0,2,0,0,0,0,694,0,115,60,600.0,0,0,600.0,754,1354.0,2048.0,0.9204244031830239,0.70703125,2,0.4431314623338257,0.08862629246676514,0,0,0,0,0,0,0,1,0,0,1,0,0,True
IxDF,IxDF-HCI,2_05,2,05,tvte,tvte,etv,2-media-1-interaction,4,3,3,True,False,False,False,False,True,1,0,2,1,0,0,0,1,0,0,0,0,405,0,178,120,300.0,0,0,300.0,525,825.0,1230.0,0.7714285714285715,0.7560975609756098,1,0.36363636363636365,0.07272727272727272,0,0,0,0,0,0,0,1,0,0,1,0,0,True
IxDF,IxDF-HCI,2_06,2,06,tvte,tvte,etv,2-media-1-interaction,4,3,3,True,False,False,False,False,True,1,0,2,1,0,0,0,2,0,0,0,0,626,0,111,60,600.0,0,0,600.0,686,1286.0,1912.0,0.9125364431486881,0.6861924686192469,2,0.4665629860031104,0.09331259720062209,0,0,0,0,0,0,0,1,0,0,1,0,0,True
IxDF,IxDF-HCI,2_07,2,07,tvte,tvte,etv,2-media-1-interaction,4,3,3,True,False,False,False,False,True,1,0,2,1,0,0,0,1,0,0,0,0,279,0,109,60,300.0,0,0,300.0,339,639.0,918.0,0.8230088495575221,0.673202614379085,1,0.4694835680751174,0.09389671361502347,0,0,0,0,0,0,0,1,0,0,1,0,0,True
IxDF,IxDF-HCI,2_08,2,08,tvte,tvte,etv,2-media-1-interaction,4,3,3,True,False,False,False,False,True,1,0,2,1,0,0,0,2,0,0,0,0,569,0,354,180,600.0,0,0,600.0,749,1349.0,1918.0,0.7596795727636849,0.6871741397288843,2,0.4447739065974796,0.08895478131949591,0,0,0,0,0,0,0,1,0,0,1,0,0,True
IxDF,IxDF-HCI,2_09,2,09,td,td,dt,1-media-1-interaction,2,1,2,False,False,False,False,False,False,0,0,1,0,1,0,0,0,0,0,0,0,0,0,1150,480,0.0,0,300,300.0,480,780.0,780.0,0.0,0.6153846153846154,1,0.38461538461538464,0.07692307692307693,0,0,0,1,0,0,0,0,0,0,4,0,0,True
IxDF,IxDF-HCI,2_10,2,10,tvte,tvte,etv,2-media-1-interaction,4,3,3,True,False,False,False,False,True,1,0,2,1,0,0,0,2,0,0,0,0,284,0,85,60,600.0,0,0,600.0,344,944.0,1228.0,0.8255813953488372,0.511400651465798,2,0.635593220338983,0.1271186440677966,0,0,0,0,0,0,0,1,0,0,1,0,0,True
IxDF,IxDF-HCI,2_11,2,11,td,td,dt,1-media-1-interaction,2,1,2,False,False,False,False,False,False,0,0,1,0,1,0,0,0,0,0,0,0,0,0,418,180,0.0,0,300,300.0,180,480.0,480.0,0.0,0.375,1,0.625,0.125,0,0,0,1,0,0,0,0,0,0,0,0,0,False
IxDF,IxDF-HCI,2_12,2,12,tvte,tvte,etv,2-media-1-interaction,4,3,3,True,False,False,False,False,True,1,0,2,1,0,0,0,2,0,0,0,0,239,0,130,60,600.0,0,0,600.0,299,899.0,1138.0,0.7993311036789298,0.4727592267135325,2,0.6674082313681868,0.13348164627363737,0,0,0,0,0,0,0,1,0,0,1,0,0,True
IxDF,IxDF-HCI,2_13,2,13,tvte,tvte,etv,2-media-1-interaction,4,3,3,True,False,False,False,False,True,1,0,2,1,0,0,0,2,0,0,0,0,672,0,123,60,600.0,0,0,600.0,732,1332.0,2004.0,0.9180327868852459,0.7005988023952096,2,0.45045045045045046,0.0900900900900901,0,0,0,0,0,0,0,1,0,0,1,0,0,True
IxDF,IxDF-HCI,2_14,2,14,td,td,dt,1-media-1-interaction,2,1,2,False,False,False,False,False,False,0,0,1,0,1,0,0,0,0,0,0,0,0,0,237,120,0.0,0,300,300.0,120,420.0,420.0,0.0,0.2857142857142857,1,0.7142857142857143,0.14285714285714285,0,0,0,1,0,0,0,0,0,0,0,0,0,False
IxDF,IxDF-HCI,2_15,2,15,tve,tve,etv,2-media-1-interaction,3,2,3,True,False,False,False,False,True,1,0,1,1,0,0,0,2,0,0,0,0,594,0,68,60,600.0,0,0,600.0,654,1254.0,1848.0,0.908256880733945,0.6753246753246753,2,0.4784688995215311,0.09569377990430622,0,0,0,0,0,0,0,1,0,0,1,0,0,True
IxDF,IxDF-HCI,2_16,2,16,tve,tve,etv,2-media-1-interaction,3,2,3,True,False,False,False,False,True,1,0,1,1,0,0,0,1,0,0,0,0,428,0,123,60,300.0,0,0,300.0,488,788.0,1216.0,0.8770491803278688,0.7532894736842105,1,0.38071065989847713,0.07614213197969544,0,0,0,0,0,0,0,1,0,0,1,0,0,True
IxDF,IxDF-HCI,2_17,2,17,tvte,tvte,etv,2-media-1-interaction,4,3,3,True,False,False,False,False,True,1,0,2,1,0,0,0,2,0,0,0,0,525,0,267,120,600.0,0,0,600.0,645,1245.0,1770.0,0.813953488372093,0.6610169491525424,2,0.4819277108433735,0.0963855421686747,0,0,0,0,0,0,0,1,0,0,1,0,0,True
IxDF,IxDF-HCI,2_18,2,18,tvte,tvte,etv,2-media-1-interaction,4,3,3,True,False,False,False,False,True,1,0,2,1,0,0,0,2,0,0,0,0,638,0,374,180,600.0,0,0,600.0,818,1418.0,2056.0,0.7799511002444988,0.708171206225681,2,0.4231311706629055,0.08462623413258111,0,0,0,0,0,0,0,1,0,0,1,0,0,True
IxDF,IxDF-HCI,2_19,2,19,tvte,tvte,etv,2-media-1-interaction,4,3,3,True,False,False,False,False,True,1,0,2,1,0,0,0,2,0,0,0,0,475,0,119,60,600.0,0,0,600.0,535,1135.0,1610.0,0.8878504672897196,0.6273291925465838,2,0.5286343612334802,0.10572687224669602,0,0,0,0,0,0,0,1,0,0,1,0,0,True
IxDF,IxDF-HCI,2_20,2,20,tve,tve,etv,2-media-1-interaction,3,2,3,True,False,False,False,False,True,1,0,1,1,0,0,0,1,0,0,0,0,243,0,66,60,300.0,0,0,300.0,303,603.0,846.0,0.801980198019802,0.6453900709219859,1,0.4975124378109453,0.09950248756218905,0,0,0,0,0,0,0,1,0,0,1,0,0,True
IxDF,IxDF-HCI,2_21,2,21,tvee,tve,etv,2-media-1-interaction,4,2,3,True,False,False,False,False,True,1,0,1,2,0,0,0,1,0,0,1,0,349,0,193,120,2100.0,0,0,2100.0,469,2569.0,2918.0,0.744136460554371,0.28032899246058945,2,0.8174386920980926,0.04671078240560529,0,0,0,0,0,0,0,1,0,0,2,0,0,True
IxDF,IxDF-HCI,2_22,2,22,td,td,dt,1-media-1-interaction,2,1,2,False,False,False,False,False,False,0,0,1,0,1,0,0,0,0,0,0,0,0,0,38,60,0.0,0,300,300.0,60,360.0,360.0,0.0,0.16666666666666666,1,0.8333333333333334,0.16666666666666666,0,0,0,1,0,0,0,0,0,0,0,0,0,False
IxDF,IxDF-HCI,2_23,2,23,t,t,t,1-media-0-interaction,1,0,1,False,False,False,False,False,False,0,0,1,0,0,0,0,0,0,0,0,0,0,0,121,60,0.0,0,0,0.0,60,60.0,60.0,0.0,1.0,0,0.0,0.0,0,0,1,0,0,0,0,0,0,0,1,0,0,True
IxDF,IxDF-HCI,3_01,3,01,tve,tve,etv,2-media-1-interaction,3,2,3,True,False,False,False,False,True,1,0,1,1,0,0,0,1,0,0,0,0,173,0,176,120,300.0,0,0,300.0,293,593.0,766.0,0.590443686006826,0.608355091383812,1,0.5059021922428331,0.10118043844856661,0,0,0,0,0,0,0,1,0,0,1,0,0,True
IxDF,IxDF-HCI,3_02,3,02,tvte,tvte,etv,2-media-1-interaction,4,3,3,True,False,False,False,False,True,1,0,2,1,0,0,0,2,0,0,0,0,341,0,281,120,600.0,0,0,600.0,461,1061.0,1402.0,0.7396963123644251,0.572039942938659,2,0.5655042412818096,0.11310084825636192,0,0,0,0,0,0,0,1,0,0,1,0,0,True
IxDF,IxDF-HCI,3_03,3,03,tvte,tvte,etv,2-media-1-interaction,4,3,3,True,False,False,False,False,True,1,0,2,1,0,0,0,1,0,0,0,0,191,0,123,60,300.0,0,0,300.0,251,551.0,742.0,0.7609561752988048,0.5956873315363881,1,0.5444646098003629,0.1088929219600726,0,0,0,0,0,0,0,1,0,0,1,0,0,True
IxDF,IxDF-HCI,3_04,3,04,tvte,tvte,etv,2-media-1-interaction,4,3,3,True,False,False,False,False,True,1,0,2,1,0,0,0,2,0,0,0,0,694,0,255,120,600.0,0,0,600.0,814,1414.0,2108.0,0.8525798525798526,0.715370018975332,2,0.4243281471004243,0.08486562942008487,0,0,0,0,0,0,0,1,0,0,1,0,0,True
IxDF,IxDF-HCI,3_05,3,05,tvtvte,tvtvte,etv,2-media-1-interaction,6,5,3,True,False,False,False,False,True,2,0,3,1,0,0,0,2,0,0,0,0,545,0,428,180,600.0,0,0,600.0,725,1325.0,1870.0,0.7517241379310344,0.679144385026738,2,0.4528301886792453,0.09056603773584906,0,0,0,0,0,0,0,1,0,0,5,0,0,True
IxDF,IxDF-HCI,3_06,3,06,tve,tve,etv,2-media-1-interaction,3,2,3,True,False,False,False,False,True,1,0,1,1,0,0,0,2,0,0,0,0,376,0,40,60,600.0,0,0,600.0,436,1036.0,1412.0,0.8623853211009175,0.5750708215297451,2,0.5791505791505791,0.11583011583011583,0,0,0,0,0,0,0,1,0,0,1,0,0,True
IxDF,IxDF-HCI,3_07,3,07,tvtv,tvtv,tv,2-media-0-interaction,4,3,2,False,False,False,False,False,False,2,0,2,0,0,0,0,0,0,0,0,0,772,0,274,120,0.0,0,0,0.0,892,892.0,1664.0,0.8654708520179372,1.0,0,0.0,0.0,0,0,0,0,0,0,1,0,0,0,1,0,0,True
IxDF,IxDF-HCI,3_08,3,08,tve,tve,etv,2-media-1-interaction,3,2,3,True,False,False,False,False,True,1,0,1,1,0,0,0,1,0,0,0,0,296,0,72,60,300.0,0,0,300.0,356,656.0,952.0,0.8314606741573034,0.6848739495798319,1,0.4573170731707317,0.09146341463414634,0,0,0,0,0,0,0,1,0,0,1,0,0,True
IxDF,IxDF-HCI,3_09,3,09,tve,tve,etv,2-media-1-interaction,3,2,3,True,False,False,False,False,True,1,0,1,1,0,0,0,2,0,0,0,0,361,0,113,60,600.0,0,0,600.0,421,1021.0,1382.0,0.8574821852731591,0.5658465991316932,2,0.5876591576885406,0.11753183153770813,0,0,0,0,0,0,0,1,0,0,0,0,0,False
IxDF,IxDF-HCI,3_10,3,10,tvte,tvte,etv,2-media-1-interaction,4,3,3,True,False,False,False,False,True,1,0,2,1,0,0,0,2,0,0,0,0,408,0,239,120,600.0,0,0,600.0,528,1128.0,1536.0,0.7727272727272727,0.609375,2,0.5319148936170213,0.10638297872340426,0,0,0,0,0,0,0,1,0,0,1,0,0,True
IxDF,IxDF-HCI,3_11,3,11,tve,tve,etv,2-media-1-interaction,3,2,3,True,False,False,False,False,True,1,0,1,1,0,0,0,0,0,0,1,0,376,0,78,60,1800.0,0,0,1800.0,436,2236.0,2612.0,0.8623853211009175,0.3108728943338438,1,0.8050089445438283,0.026833631484794278,0,0,0,0,0,0,0,1,0,0,1,0,0,True
IxDF,IxDF-HCI,3_12,3,12,td,td,dt,1-media-1-interaction,2,1,2,False,False,False,False,False,False,0,0,1,0,1,0,0,0,0,0,0,0,0,0,1010,420,0.0,0,300,300.0,420,720.0,720.0,0.0,0.5833333333333334,1,0.4166666666666667,0.08333333333333333,0,0,0,1,0,0,0,0,0,0,4,0,0,True
IxDF,IxDF-HCI,3_13,3,13,td,td,dt,1-media-1-interaction,2,1,2,False,False,False,False,False,False,0,0,1,0,1,0,0,0,0,0,0,0,0,0,92,60,0.0,0,300,300.0,60,360.0,360.0,0.0,0.16666666666666666,1,0.8333333333333334,0.16666666666666666,0,0,0,1,0,0,0,0,0,0,0,0,0,False
IxDF,IxDF-HCI,3_14,3,14,t,t,t,1-media-0-interaction,1,0,1,False,False,False,False,False,False,0,0,1,0,0,0,0,0,0,0,0,0,0,0,143,60,0.0,0,0,0.0,60,60.0,60.0,0.0,1.0,0,0.0,0.0,0,0,1,0,0,0,0,0,0,0,1,0,0,True
IxDF,IxDF-IDU,10_01,10,01,ve,ve,ev,1-media-1-interaction,2,1,2,True,False,False,False,False,True,1,0,0,1,0,0,0,0,0,0,1,0,768,0,0,0,1800.0,0,0,1800.0,768,2568.0,3336.0,1.0,0.460431654676259,1,0.7009345794392523,0.023364485981308414,0,0,0,1,0,0,0,0,0,0,0,0,0,False
IxDF,IxDF-IDU,10_02,10,02,ve,ve,ev,1-media-1-interaction,2,1,2,True,False,False,False,False,True,1,0,0,1,0,0,0,1,0,0,0,0,1019,0,0,0,300.0,0,0,300.0,1019,1319.0,2338.0,1.0,0.8716852010265184,1,0.22744503411675512,0.045489006823351025,0,0,0,1,0,0,0,0,0,0,0,0,0,False
IxDF,IxDF-IDU,10_03,10,03,ve,ve,ev,1-media-1-interaction,2,1,2,True,False,False,False,False,True,1,0,0,1,0,0,0,1,0,0,0,0,375,0,0,0,300.0,0,0,300.0,375,675.0,1050.0,1.0,0.7142857142857143,1,0.4444444444444444,0.08888888888888889,0,0,0,1,0,0,0,0,0,0,0,0,0,False
IxDF,IxDF-IDU,10_04,10,04,ve,ve,ev,1-media-1-interaction,2,1,2,True,False,False,False,False,True,1,0,0,1,0,0,0,1,0,0,0,0,806,0,0,0,300.0,0,0,300.0,806,1106.0,1912.0,1.0,0.8430962343096234,1,0.27124773960216997,0.054249547920433995,0,0,0,1,0,0,0,0,0,0,0,0,0,False
IxDF,IxDF-IDU,10_05,10,05,v,v,v,1-media-0-interaction,1,0,1,False,False,False,False,False,False,1,0,0,0,0,0,0,0,0,0,0,0,693,0,0,0,0.0,0,0,0.0,693,693.0,1386.0,1.0,1.0,0,0.0,0.0,0,0,1,0,0,0,0,0,0,0,0,0,0,False
IxDF,IxDF-IDU,10_06,10,06,td,td,dt,1-media-1-interaction,2,1,2,False,False,False,False,False,False,0,0,1,0,1,0,0,0,0,0,0,0,0,0,424,180,0.0,0,300,300.0,180,480.0,480.0,0.0,0.375,1,0.625,0.125,0,0,0,1,0,0,0,0,0,0,0,0,1,True
IxDF,IxDF-IDU,11_01,11,01,vee,ve,ev,1-media-1-interaction,3,1,2,True,False,False,False,False,True,1,0,0,2,0,0,0,2,0,0,1,0,1352,0,0,0,2400.0,0,0,2400.0,1352,3752.0,5104.0,1.0,0.5297805642633229,3,0.6396588486140725,0.04797441364605544,0,0,0,1,0,0,0,0,0,0,0,0,0,False
IxDF,IxDF-IDU,11_02,11,02,ve,ve,ev,1-media-1-interaction,2,1,2,True,False,False,False,False,True,1,0,0,1,0,0,0,1,0,0,0,0,903,0,0,0,300.0,0,0,300.0,903,1203.0,2106.0,1.0,0.8575498575498576,1,0.24937655860349128,0.04987531172069825,0,0,0,1,0,0,0,0,0,0,0,0,0,False
IxDF,IxDF-IDU,11_03,11,03,ve,ve,ev,1-media-1-interaction,2,1,2,True,False,False,False,False,True,1,0,0,1,0,0,0,1,0,0,0,0,1270,0,0,0,300.0,0,0,300.0,1270,1570.0,2840.0,1.0,0.8943661971830986,1,0.1910828025477707,0.03821656050955414,0,0,0,1,0,0,0,0,0,0,0,0,0,False
IxDF,IxDF-IDU,11_04,11,04,ve,ve,ev,1-media-1-interaction,2,1,2,True,False,False,False,False,True,1,0,0,1,0,0,0,1,0,0,0,0,405,0,0,0,300.0,0,0,300.0,405,705.0,1110.0,1.0,0.7297297297297297,1,0.425531914893617,0.0851063829787234,0,0,0,1,0,0,0,0,0,0,0,0,0,False
IxDF,IxDF-IDU,11_05,11,05,ve,ve,ev,1-media-1-interaction,2,1,2,True,False,False,False,False,True,1,0,0,1,0,0,0,1,0,0,0,0,1312,0,0,0,300.0,0,0,300.0,1312,1612.0,2924.0,1.0,0.8974008207934336,1,0.18610421836228289,0.03722084367245657,0,0,0,1,0,0,0,0,0,0,0,0,0,False
IxDF,IxDF-IDU,11_06,11,06,td,td,dt,1-media-1-interaction,2,1,2,False,False,False,False,False,False,0,0,1,0,1,0,0,0,0,0,0,0,0,0,390,180,0.0,0,300,300.0,180,480.0,480.0,0.0,0.375,1,0.625,0.125,0,0,0,1,0,0,0,0,0,0,0,0,0,False
IxDF,IxDF-IDU,12_01,12,01,ve,ve,ev,1-media-1-interaction,2,1,2,True,False,False,False,False,True,1,0,0,1,0,0,0,1,0,0,0,0,1901,0,0,0,300.0,0,0,300.0,1901,2201.0,4102.0,1.0,0.9268649439297904,1,0.13630168105406634,0.02726033621081327,0,0,0,1,0,0,0,0,0,0,0,0,0,False
IxDF,IxDF-IDU,12_02,12,02,ve,ve,ev,1-media-1-interaction,2,1,2,True,False,False,False,False,True,1,0,0,1,0,0,0,2,0,0,0,0,1849,0,0,0,600.0,0,0,600.0,1849,2449.0,4298.0,1.0,0.8604001861330851,2,0.24499795835034707,0.04899959167006941,0,0,0,1,0,0,0,0,0,0,0,0,0,False
IxDF,IxDF-IDU,12_03,12,03,ve,ve,ev,1-media-1-interaction,2,1,2,True,False,False,False,False,True,1,0,0,1,0,0,0,0,0,0,1,0,726,0,0,0,1800.0,0,0,1800.0,726,2526.0,3252.0,1.0,0.44649446494464945,1,0.7125890736342043,0.023752969121140142,0,0,0,1,0,0,0,0,0,0,0,0,0,False
IxDF,IxDF-IDU,12_04,12,04,ve,ve,ev,1-media-1-interaction,2,1,2,True,False,False,False,False,True,1,0,0,1,0,0,0,1,0,0,0,0,1707,0,0,0,300.0,0,0,300.0,1707,2007.0,3714.0,1.0,0.9192245557350566,1,0.14947683109118087,0.029895366218236172,0,0,0,1,0,0,0,0,0,0,0,0,0,False
IxDF,IxDF-IDU,12_05,12,05,td,td,dt,1-media-1-interaction,2,1,2,False,False,False,False,False,False,0,0,1,0,1,0,0,0,0,0,0,0,0,0,501,240,0.0,0,300,300.0,240,540.0,540.0,0.0,0.4444444444444444,1,0.5555555555555556,0.1111111111111111,0,0,0,1,0,0,0,0,0,0,0,0,0,False
IxDF,IxDF-IDU,1_01,1,01,ve,ve,ev,1-media-1-interaction,2,1,2,True,False,False,False,False,True,1,0,0,1,0,0,0,1,0,0,0,0,2584,0,0,0,300.0,0,0,300.0,2584,2884.0,5468.0,1.0,0.9451353328456474,1,0.10402219140083217,0.020804438280166433,0,0,0,1,0,0,0,0,0,0,0,0,0,False
IxDF,IxDF-IDU,1_02,1,02,vee,ve,ev,1-media-1-interaction,3,1,2,True,False,False,False,False,True,1,0,0,2,0,0,0,1,0,0,1,0,1820,0,0,0,2100.0,0,0,2100.0,1820,3920.0,5740.0,1.0,0.6341463414634146,2,0.5357142857142857,0.030612244897959186,0,0,0,1,0,0,0,0,0,0,0,0,0,False
IxDF,IxDF-IDU,1_03,1,03,ve,ve,ev,1-media-1-interaction,2,1,2,True,False,False,False,False,True,1,0,0,1,0,0,0,1,0,0,0,0,746,0,0,0,300.0,0,0,300.0,746,1046.0,1792.0,1.0,0.8325892857142857,1,0.28680688336520077,0.05736137667304015,0,0,0,1,0,0,0,0,0,0,0,0,0,False
IxDF,IxDF-IDU,1_04,1,04,ve,ve,ev,1-media-1-interaction,2,1,2,True,False,False,False,False,True,1,0,0,1,0,0,0,1,0,0,0,0,611,0,0,0,300.0,0,0,300.0,611,911.0,1522.0,1.0,0.8028909329829172,1,0.32930845225027444,0.06586169045005488,0,0,0,1,0,0,0,0,0,0,0,0,0,False
IxDF,IxDF-IDU,1_05,1,05,td,td,dt,1-media-1-interaction,2,1,2,False,False,False,False,False,False,0,0,1,0,1,0,0,0,0,0,0,0,0,0,398,180,0.0,0,300,300.0,180,480.0,480.0,0.0,0.375,1,0.625,0.125,0,0,0,1,0,0,0,0,0,0,0,0,0,False
IxDF,IxDF-IDU,2_01,2,01,ve,ve,ev,1-media-1-interaction,2,1,2,True,False,False,False,False,True,1,0,0,1,0,0,0,1,0,0,0,0,1397,0,0,0,300.0,0,0,300.0,1397,1697.0,3094.0,1.0,0.903038138332256,1,0.17678255745433116,0.03535651149086623,0,0,0,1,0,0,0,0,0,0,0,0,0,False
IxDF,IxDF-IDU,2_02,2,02,ve,ve,ev,1-media-1-interaction,2,1,2,True,False,False,False,False,True,1,0,0,1,0,0,0,1,0,0,0,0,920,0,0,0,300.0,0,0,300.0,920,1220.0,2140.0,1.0,0.8598130841121495,1,0.2459016393442623,0.049180327868852465,0,0,0,1,0,0,0,0,0,0,0,0,0,False
IxDF,IxDF-IDU,2_03,2,03,ve,ve,ev,1-media-1-interaction,2,1,2,True,False,False,False,False,True,1,0,0,1,0,0,0,1,0,0,0,0,1124,0,0,0,300.0,0,0,300.0,1124,1424.0,2548.0,1.0,0.8822605965463108,1,0.21067415730337077,0.042134831460674156,0,0,0,1,0,0,0,0,0,0,0,0,0,False
IxDF,IxDF-IDU,2_04,2,04,vee,ve,ev,1-media-1-interaction,3,1,2,True,False,False,False,False,True,1,0,0,2,0,0,0,1,0,0,1,0,1716,0,0,0,2100.0,0,0,2100.0,1716,3816.0,5532.0,1.0,0.6203904555314533,2,0.550314465408805,0.031446540880503145,0,0,0,1,0,0,0,0,0,0,0,0,0,False
IxDF,IxDF-IDU,2_05,2,05,ve,ve,ev,1-media-1-interaction,2,1,2,True,False,False,False,False,True,1,0,0,1,0,0,0,1,0,0,0,0,1590,0,0,0,300.0,0,0,300.0,1590,1890.0,3480.0,1.0,0.9137931034482759,1,0.15873015873015872,0.031746031746031744,0,0,0,1,0,0,0,0,0,0,0,0,0,False
IxDF,IxDF-IDU,2_06,2,06,td,td,dt,1-media-1-interaction,2,1,2,False,False,False,False,False,False,0,0,1,0,1,0,0,0,0,0,0,0,0,0,290,120,0.0,0,300,300.0,120,420.0,420.0,0.0,0.2857142857142857,1,0.7142857142857143,0.14285714285714285,0,0,0,1,0,0,0,0,0,0,0,0,0,False
IxDF,IxDF-IDU,3_01,3,01,ve,ve,ev,1-media-1-interaction,2,1,2,True,False,False,False,False,True,1,0,0,1,0,0,0,1,0,0,0,0,2341,0,0,0,300.0,0,0,300.0,2341,2641.0,4982.0,1.0,0.9397832195905259,1,0.11359333585762968,0.022718667171525937,0,0,0,1,0,0,0,0,0,0,0,0,0,False
IxDF,IxDF-IDU,3_02,3,02,vee,ve,ev,1-media-1-interaction,3,1,2,True,False,False,False,False,True,1,0,0,2,0,0,0,1,0,0,1,0,1696,0,0,0,2100.0,0,0,2100.0,1696,3796.0,5492.0,1.0,0.6176256372906045,2,0.553213909378293,0.03161222339304531,0,0,0,1,0,0,0,0,0,0,0,0,0,False
IxDF,IxDF-IDU,3_03,3,03,ve,ve,ev,1-media-1-interaction,2,1,2,True,False,False,False,False,True,1,0,0,1,0,0,0,1,0,0,0,0,1103,0,0,0,300.0,0,0,300.0,1103,1403.0,2506.0,1.0,0.8802873104549083,1,0.21382751247327156,0.042765502494654314,0,0,0,1,0,0,0,0,0,0,0,0,0,False
IxDF,IxDF-IDU,3_04,3,04,ve,ve,ev,1-media-1-interaction,2,1,2,True,False,False,False,False,True,1,0,0,1,0,0,0,1,0,0,0,0,714,0,0,0,300.0,0,0,300.0,714,1014.0,1728.0,1.0,0.8263888888888888,1,0.2958579881656805,0.0591715976331361,0,0,0,1,0,0,0,0,0,0,0,0,0,False
IxDF,IxDF-IDU,3_05,3,05,td,td,dt,1-media-1-interaction,2,1,2,False,False,False,False,False,False,0,0,1,0,1,0,0,0,0,0,0,0,0,0,450,180,0.0,0,300,300.0,180,480.0,480.0,0.0,0.375,1,0.625,0.125,0,0,0,1,0,0,0,0,0,0,1,0,0,True
IxDF,IxDF-IDU,4_01,4,01,ve,ve,ev,1-media-1-interaction,2,1,2,True,False,False,False,False,True,1,0,0,1,0,0,0,2,0,0,0,0,1598,0,0,0,600.0,0,0,600.0,1598,2198.0,3796.0,1.0,0.8419388830347735,2,0.272975432211101,0.0545950864422202,0,0,0,1,0,0,0,0,0,0,0,0,0,False
IxDF,IxDF-IDU,4_02,4,02,vee,ve,ev,1-media-1-interaction,3,1,2,True,False,False,False,False,True,1,0,0,2,0,0,0,1,0,0,1,0,916,0,0,0,2100.0,0,0,2100.0,916,3016.0,3932.0,1.0,0.4659206510681587,2,0.6962864721485411,0.03978779840848806,0,0,0,1,0,0,0,0,0,0,0,0,0,False
IxDF,IxDF-IDU,4_03,4,03,ve,ve,ev,1-media-1-interaction,2,1,2,True,False,False,False,False,True,1,0,0,1,0,0,0,1,0,0,0,0,721,0,0,0,300.0,0,0,300.0,721,1021.0,1742.0,1.0,0.8277841561423651,1,0.2938295788442703,0.058765915768854066,0,0,0,1,0,0,0,0,0,0,0,0,0,False
IxDF,IxDF-IDU,4_04,4,04,ve,ve,ev,1-media-1-interaction,2,1,2,True,False,False,False,False,True,1,0,0,1,0,0,0,1,0,0,0,0,700,0,0,0,300.0,0,0,300.0,700,1000.0,1700.0,1.0,0.8235294117647058,1,0.3,0.06,0,0,0,1,0,0,0,0,0,0,0,0,0,False
IxDF,IxDF-IDU,4_05,4,05,ve,ve,ev,1-media-1-interaction,2,1,2,True,False,False,False,False,True,1,0,0,1,0,0,0,1,0,0,0,0,726,0,0,0,300.0,0,0,300.0,726,1026.0,1752.0,1.0,0.8287671232876712,1,0.29239766081871343,0.05847953216374269,0,0,0,1,0,0,0,0,0,0,0,0,0,False
IxDF,IxDF-IDU,4_06,4,06,td,td,dt,1-media-1-interaction,2,1,2,False,False,False,False,False,False,0,0,1,0,1,0,0,0,0,0,0,0,0,0,444,180,0.0,0,300,300.0,180,480.0,480.0,0.0,0.375,1,0.625,0.125,0,0,0,1,0,0,0,0,0,0,2,0,0,True
IxDF,IxDF-IDU,5_01,5,01,ve,ve,ev,1-media-1-interaction,2,1,2,True,False,False,False,False,True,1,0,0,1,0,0,0,1,0,0,0,0,3704,0,0,0,300.0,0,0,300.0,3704,4004.0,7708.0,1.0,0.9610793980280228,1,0.07492507492507493,0.014985014985014984,0,0,0,1,0,0,0,0,0,0,0,0,0,False
IxDF,IxDF-IDU,5_02,5,02,ve,ve,ev,1-media-1-interaction,2,1,2,True,False,False,False,False,True,1,0,0,1,0,0,0,1,0,0,0,0,777,0,0,0,300.0,0,0,300.0,777,1077.0,1854.0,1.0,0.8381877022653722,1,0.2785515320334262,0.05571030640668524,0,0,0,1,0,0,0,0,0,0,0,0,0,False
IxDF,IxDF-IDU,5_03,5,03,ve,ve,ev,1-media-1-interaction,2,1,2,True,False,False,False,False,True,1,0,0,1,0,0,0,1,0,0,0,0,852,0,0,0,300.0,0,0,300.0,852,1152.0,2004.0,1.0,0.8502994011976048,1,0.2604166666666667,0.052083333333333336,0,0,0,1,0,0,0,0,0,0,0,0,0,False
IxDF,IxDF-IDU,5_04,5,04,ve,ve,ev,1-media-1-interaction,2,1,2,True,False,False,False,False,True,1,0,0,1,0,0,0,1,0,0,0,0,415,0,0,0,300.0,0,0,300.0,415,715.0,1130.0,1.0,0.7345132743362832,1,0.4195804195804196,0.08391608391608392,0,0,0,1,0,0,0,0,0,0,0,0,0,False
IxDF,IxDF-IDU,5_05,5,05,ve,ve,ev,1-media-1-interaction,2,1,2,True,False,False,False,False,True,1,0,0,1,0,0,0,0,0,0,1,0,1125,0,0,0,1800.0,0,0,1800.0,1125,2925.0,4050.0,1.0,0.5555555555555556,1,0.6153846153846154,0.020512820512820513,0,0,0,1,0,0,0,0,0,0,0,0,0,False
IxDF,IxDF-IDU,5_06,5,06,td,td,dt,1-media-1-interaction,2,1,2,False,False,False,False,False,False,0,0,1,0,1,0,0,0,0,0,0,0,0,0,325,180,0.0,0,300,300.0,180,480.0,480.0,0.0,0.375,1,0.625,0.125,0,0,0,1,0,0,0,0,0,0,1,0,0,True
IxDF,IxDF-IDU,6_01,6,01,ve,ve,ev,1-media-1-interaction,2,1,2,True,False,False,False,False,True,1,0,0,1,0,0,0,2,0,0,0,0,1857,0,0,0,600.0,0,0,600.0,1857,2457.0,4314.0,1.0,0.8609179415855355,2,0.2442002442002442,0.04884004884004884,0,0,0,1,0,0,0,0,0,0,0,0,0,False
IxDF,IxDF-IDU,6_02,6,02,ve,ve,ev,1-media-1-interaction,2,1,2,True,False,False,False,False,True,1,0,0,1,0,0,0,1,0,0,0,0,1121,0,0,0,300.0,0,0,300.0,1121,1421.0,2542.0,1.0,0.8819826907946499,1,0.211118930330753,0.0422237860661506,0,0,0,1,0,0,0,0,0,0,0,0,0,False
IxDF,IxDF-IDU,6_03,6,03,ve,ve,ev,1-media-1-interaction,2,1,2,True,False,False,False,False,True,1,0,0,1,0,0,0,1,0,0,0,0,212,0,0,0,300.0,0,0,300.0,212,512.0,724.0,1.0,0.585635359116022,1,0.5859375,0.1171875,0,0,0,1,0,0,0,0,0,0,0,0,0,False
IxDF,IxDF-IDU,6_04,6,04,ve,ve,ev,1-media-1-interaction,2,1,2,True,False,False,False,False,True,1,0,0,1,0,0,0,1,0,0,0,0,1285,0,0,0,300.0,0,0,300.0,1285,1585.0,2870.0,1.0,0.8954703832752613,1,0.1892744479495268,0.03785488958990536,0,0,0,1,0,0,0,0,0,0,0,0,0,False
IxDF,IxDF-IDU,6_05,6,05,vee,ve,ev,1-media-1-interaction,3,1,2,True,False,False,False,False,True,1,0,0,2,0,0,0,1,0,0,1,0,404,0,0,0,2100.0,0,0,2100.0,404,2504.0,2908.0,1.0,0.27785419532324623,2,0.8386581469648562,0.04792332268370607,0,0,0,1,0,0,0,0,0,0,0,0,0,False
IxDF,IxDF-IDU,6_06,6,06,ve,ve,ev,1-media-1-interaction,2,1,2,True,False,False,False,False,True,1,0,0,1,0,0,0,1,0,0,0,0,364,0,0,0,300.0,0,0,300.0,364,664.0,1028.0,1.0,0.708171206225681,1,0.45180722891566266,0.09036144578313253,0,0,0,1,0,0,0,0,0,0,0,0,0,False
IxDF,IxDF-IDU,6_07,6,07,td,td,dt,1-media-1-interaction,2,1,2,False,False,False,False,False,False,0,0,1,0,1,0,0,0,0,0,0,0,0,0,678,300,0.0,0,300,300.0,300,600.0,600.0,0.0,0.5,1,0.5,0.1,0,0,0,1,0,0,0,0,0,0,0,0,0,False
IxDF,IxDF-IDU,7_01,7,01,ve,ve,ev,1-media-1-interaction,2,1,2,True,False,False,False,False,True,1,0,0,1,0,0,0,1,0,0,0,0,2316,0,0,0,300.0,0,0,300.0,2316,2616.0,4932.0,1.0,0.9391727493917275,1,0.11467889908256881,0.02293577981651376,0,0,0,1,0,0,0,0,0,0,0,0,0,False
IxDF,IxDF-IDU,7_02,7,02,vee,ve,ev,1-media-1-interaction,3,1,2,True,False,False,False,False,True,1,0,0,2,0,0,0,1,0,0,1,0,1232,0,0,0,2100.0,0,0,2100.0,1232,3332.0,4564.0,1.0,0.5398773006134969,2,0.6302521008403361,0.03601440576230492,0,0,0,1,0,0,0,0,0,0,0,0,0,False
IxDF,IxDF-IDU,7_03,7,03,ve,ve,ev,1-media-1-interaction,2,1,2,True,False,False,False,False,True,1,0,0,1,0,0,0,1,0,0,0,0,1239,0,0,0,300.0,0,0,300.0,1239,1539.0,2778.0,1.0,0.8920086393088553,1,0.1949317738791423,0.038986354775828465,0,0,0,1,0,0,0,0,0,0,0,0,0,False
IxDF,IxDF-IDU,7_04,7,04,ve,ve,ev,1-media-1-interaction,2,1,2,True,False,False,False,False,True,1,0,0,1,0,0,0,1,0,0,0,0,819,0,0,0,300.0,0,0,300.0,819,1119.0,1938.0,1.0,0.8452012383900929,1,0.2680965147453083,0.05361930294906166,0,0,0,1,0,0,0,0,0,0,0,0,0,False
IxDF,IxDF-IDU,7_05,7,05,ve,ve,ev,1-media-1-interaction,2,1,2,True,False,False,False,False,True,1,0,0,1,0,0,0,1,0,0,0,0,500,0,0,0,300.0,0,0,300.0,500,800.0,1300.0,1.0,0.7692307692307693,1,0.375,0.075,0,0,0,1,0,0,0,0,0,0,0,0,0,False
IxDF,IxDF-IDU,7_06,7,06,td,td,dt,1-media-1-interaction,2,1,2,False,False,False,False,False,False,0,0,1,0,1,0,0,0,0,0,0,0,0,0,420,180,0.0,0,300,300.0,180,480.0,480.0,0.0,0.375,1,0.625,0.125,0,0,0,1,0,0,0,0,0,0,0,0,0,False
IxDF,IxDF-IDU,8_01,8,01,vee,ve,ev,1-media-1-interaction,3,1,2,True,False,False,False,False,True,1,0,0,2,0,0,0,1,0,0,1,0,2013,0,0,0,2100.0,0,0,2100.0,2013,4113.0,6126.0,1.0,0.6571988246816847,2,0.5105762217359592,0.029175784099197667,0,0,0,1,0,0,0,0,0,0,0,0,0,False
IxDF,IxDF-IDU,8_02,8,02,ve,ve,ev,1-media-1-interaction,2,1,2,True,False,False,False,False,True,1,0,0,1,0,0,0,1,0,0,0,0,1252,0,0,0,300.0,0,0,300.0,1252,1552.0,2804.0,1.0,0.8930099857346647,1,0.19329896907216496,0.03865979381443299,0,0,0,1,0,0,0,0,0,0,0,0,0,False
IxDF,IxDF-IDU,8_03,8,03,ve,ve,ev,1-media-1-interaction,2,1,2,True,False,False,False,False,True,1,0,0,1,0,0,0,1,0,0,0,0,1595,0,0,0,300.0,0,0,300.0,1595,1895.0,3490.0,1.0,0.9140401146131805,1,0.158311345646438,0.0316622691292876,0,0,0,1,0,0,0,0,0,0,0,0,0,False
IxDF,IxDF-IDU,8_04,8,04,ve,ve,ev,1-media-1-interaction,2,1,2,True,False,False,False,False,True,1,0,0,1,0,0,0,1,0,0,0,0,685,0,0,0,300.0,0,0,300.0,685,985.0,1670.0,1.0,0.8203592814371258,1,0.30456852791878175,0.06091370558375634,0,0,0,1,0,0,0,0,0,0,0,0,0,False
IxDF,IxDF-IDU,8_05,8,05,v,v,v,1-media-0-interaction,1,0,1,False,False,False,False,False,False,1,0,0,0,0,0,0,0,0,0,0,0,1032,0,0,0,0.0,0,0,0.0,1032,1032.0,2064.0,1.0,1.0,0,0.0,0.0,0,0,1,0,0,0,0,0,0,0,0,0,0,False
IxDF,IxDF-IDU,8_06,8,06,td,td,dt,1-media-1-interaction,2,1,2,False,False,False,False,False,False,0,0,1,0,1,0,0,0,0,0,0,0,0,0,474,240,0.0,0,300,300.0,240,540.0,540.0,0.0,0.4444444444444444,1,0.5555555555555556,0.1111111111111111,0,0,0,1,0,0,0,0,0,0,2,0,0,True
IxDF,IxDF-IDU,9_01,9,01,ve,ve,ev,1-media-1-interaction,2,1,2,True,False,False,False,False,True,1,0,0,1,0,0,0,1,0,0,0,0,1321,0,0,0,300.0,0,0,300.0,1321,1621.0,2942.0,1.0,0.8980285520054385,1,0.1850709438618137,0.03701418877236274,0,0,0,1,0,0,0,0,0,0,0,0,0,False
IxDF,IxDF-IDU,9_02,9,02,ve,ve,ev,1-media-1-interaction,2,1,2,True,False,False,False,False,True,1,0,0,1,0,0,0,1,0,0,0,0,355,0,0,0,300.0,0,0,300.0,355,655.0,1010.0,1.0,0.7029702970297029,1,0.4580152671755725,0.0916030534351145,0,0,0,1,0,0,0,0,0,0,0,0,0,False
IxDF,IxDF-IDU,9_03,9,03,ve,ve,ev,1-media-1-interaction,2,1,2,True,False,False,False,False,True,1,0,0,1,0,0,0,1,0,0,0,0,499,0,0,0,300.0,0,0,300.0,499,799.0,1298.0,1.0,0.7688751926040062,1,0.37546933667083854,0.07509386733416772,0,0,0,1,0,0,0,0,0,0,0,0,0,False
IxDF,IxDF-IDU,9_04,9,04,veee,ve,ev,1-media-1-interaction,4,1,2,True,False,False,False,False,True,1,0,0,3,0,0,0,2,0,0,1,0,1314,0,0,0,2400.0,0,0,2400.0,1314,3714.0,5028.0,1.0,0.522673031026253,3,0.6462035541195477,0.048465266558966075,0,0,0,1,0,0,0,0,0,0,0,0,0,False
IxDF,IxDF-IDU,9_05,9,05,td,td,dt,1-media-1-interaction,2,1,2,False,False,False,False,False,False,0,0,1,0,1,0,0,0,0,0,0,0,0,0,444,180,0.0,0,300,300.0,180,480.0,480.0,0.0,0.375,1,0.625,0.125,0,0,0,1,0,0,0,0,0,0,0,0,0,False
IxDF,IxDF-UI,1_01,1,01,te,te,et,1-media-1-interaction,2,1,2,True,False,False,False,False,True,0,0,1,1,0,0,0,1,0,0,0,0,0,0,189,120,300.0,0,0,300.0,120,420.0,420.0,0.0,0.2857142857142857,1,0.7142857142857143,0.14285714285714285,0,0,0,1,0,0,0,0,0,0,1,0,0,True
IxDF,IxDF-UI,1_02,1,02,tvee,tve,etv,2-media-1-interaction,4,2,3,True,False,False,False,False,True,1,0,1,2,0,0,0,1,0,0,1,0,768,0,58,60,2100.0,0,0,2100.0,828,2928.0,3696.0,0.927536231884058,0.4318181818181818,2,0.7172131147540983,0.04098360655737705,0,0,0,0,0,0,0,1,0,0,0,0,0,False
IxDF,IxDF-UI,1_03,1,03,td,td,dt,1-media-1-interaction,2,1,2,False,False,False,False,False,False,0,0,1,0,1,0,0,0,0,0,0,0,0,0,178,120,0.0,0,300,300.0,120,420.0,420.0,0.0,0.2857142857142857,1,0.7142857142857143,0.14285714285714285,0,0,0,1,0,0,0,0,0,0,1,0,0,True
IxDF,IxDF-UI,1_04,1,04,te,te,et,1-media-1-interaction,2,1,2,True,False,False,False,False,True,0,0,1,1,0,0,0,3,0,0,0,0,0,0,1580,660,900.0,0,0,900.0,660,1560.0,1560.0,0.0,0.4230769230769231,3,0.5769230769230769,0.11538461538461539,0,0,0,1,0,0,0,0,0,0,5,0,0,True
IxDF,IxDF-UI,1_05,1,05,te,te,et,1-media-1-interaction,2,1,2,True,False,False,False,False,True,0,0,1,1,0,0,0,2,0,0,0,0,0,0,1878,780,600.0,0,0,600.0,780,1380.0,1380.0,0.0,0.5652173913043478,2,0.43478260869565216,0.08695652173913043,0,0,0,1,0,0,0,0,0,0,4,0,0,True
IxDF,IxDF-UI,1_06,1,06,te,te,et,1-media-1-interaction,2,1,2,True,False,False,False,False,True,0,0,1,1,0,0,0,2,0,0,0,0,0,0,1400,600,600.0,0,0,600.0,600,1200.0,1200.0,0.0,0.5,2,0.5,0.1,0,0,0,1,0,0,0,0,0,0,6,0,0,True
IxDF,IxDF-UI,1_07,1,07,te,te,et,1-media-1-interaction,2,1,2,True,False,False,False,False,True,0,0,1,1,0,0,0,2,0,0,0,0,0,0,1664,720,600.0,0,0,600.0,720,1320.0,1320.0,0.0,0.5454545454545454,2,0.45454545454545453,0.09090909090909091,0,0,0,1,0,0,0,0,0,0,0,0,0,False
IxDF,IxDF-UI,1_08,1,08,td,td,dt,1-media-1-interaction,2,1,2,False,False,False,False,False,False,0,0,1,0,1,0,0,0,0,0,0,0,0,0,349,180,0.0,0,300,300.0,180,480.0,480.0,0.0,0.375,1,0.625,0.125,0,0,0,1,0,0,0,0,0,0,2,0,0,True
IxDF,IxDF-UI,1_09,1,09,tee,te,et,1-media-1-interaction,3,1,2,True,False,False,False,False,True,0,0,1,2,0,0,0,1,0,0,1,0,0,0,220,120,2100.0,0,0,2100.0,120,2220.0,2220.0,0.0,0.05405405405405406,2,0.9459459459459459,0.05405405405405406,0,0,0,1,0,0,0,0,0,0,1,0,0,True
IxDF,IxDF-UI,2_01,2,01,te,te,et,1-media-1-interaction,2,1,2,True,False,False,False,False,True,0,0,1,1,0,0,0,1,0,0,0,0,0,0,250,120,300.0,0,0,300.0,120,420.0,420.0,0.0,0.2857142857142857,1,0.7142857142857143,0.14285714285714285,0,0,0,1,0,0,0,0,0,0,1,0,0,True
IxDF,IxDF-UI,2_02,2,02,tve,tve,etv,2-media-1-interaction,3,2,3,True,False,False,False,False,True,1,0,1,1,0,0,0,3,0,0,0,0,610,0,85,60,900.0,0,0,900.0,670,1570.0,2180.0,0.9104477611940298,0.5871559633027523,3,0.5732484076433121,0.11464968152866241,0,0,0,0,0,0,0,1,0,0,1,0,0,True
IxDF,IxDF-UI,2_03,2,03,te,te,et,1-media-1-interaction,2,1,2,True,False,False,False,False,True,0,0,1,1,0,0,0,3,0,0,0,0,0,0,1644,660,900.0,0,0,900.0,660,1560.0,1560.0,0.0,0.4230769230769231,3,0.5769230769230769,0.11538461538461539,0,0,0,1,0,0,0,0,0,0,6,0,0,True
IxDF,IxDF-UI,2_04,2,04,te,te,et,1-media-1-interaction,2,1,2,True,False,False,False,False,True,0,0,1,1,0,0,0,2,0,0,0,0,0,0,1956,840,600.0,0,0,600.0,840,1440.0,1440.0,0.0,0.5833333333333334,2,0.4166666666666667,0.08333333333333333,0,0,0,1,0,0,0,0,0,0,6,0,0,True
IxDF,IxDF-UI,2_05,2,05,te,te,et,1-media-1-interaction,2,1,2,True,False,False,False,False,True,0,0,1,1,0,0,0,3,0,0,0,0,0,0,3452,1440,900.0,0,0,900.0,1440,2340.0,2340.0,0.0,0.6153846153846154,3,0.38461538461538464,0.07692307692307693,0,0,0,1,0,0,0,0,0,0,0,0,0,False
IxDF,IxDF-UI,2_06,2,06,te,te,et,1-media-1-interaction,2,1,2,True,False,False,False,False,True,0,0,1,1,0,0,0,2,0,0,0,0,0,0,2947,1200,600.0,0,0,600.0,1200,1800.0,1800.0,0.0,0.6666666666666666,2,0.3333333333333333,0.06666666666666667,0,0,0,1,0,0,0,0,0,0,8,0,0,True
IxDF,IxDF-UI,2_07,2,07,tee,te,et,1-media-1-interaction,3,1,2,True,False,False,False,False,True,0,0,1,2,0,0,0,1,0,0,1,0,0,0,2103,900,2100.0,0,0,2100.0,900,3000.0,3000.0,0.0,0.3,2,0.7,0.04,0,0,0,1,0,0,0,0,0,0,4,0,0,True
IxDF,IxDF-UI,2_08,2,08,td,td,dt,1-media-1-interaction,2,1,2,False,False,False,False,False,False,0,0,1,0,1,0,0,0,0,0,0,0,0,0,232,120,0.0,0,300,300.0,120,420.0,420.0,0.0,0.2857142857142857,1,0.7142857142857143,0.14285714285714285,0,0,0,1,0,0,0,0,0,0,1,0,0,True
IxDF,IxDF-UI,2_09,2,09,td,td,dt,1-media-1-interaction,2,1,2,False,False,False,False,False,False,0,0,1,0,1,0,0,0,0,0,0,0,0,0,387,180,0.0,0,300,300.0,180,480.0,480.0,0.0,0.375,1,0.625,0.125,0,0,0,1,0,0,0,0,0,0,2,0,0,True
IxDF,IxDF-UI,2_10,2,10,te,te,et,1-media-1-interaction,2,1,2,True,False,False,False,False,True,0,0,1,1,0,0,0,1,0,0,0,0,0,0,242,120,300.0,0,0,300.0,120,420.0,420.0,0.0,0.2857142857142857,1,0.7142857142857143,0.14285714285714285,0,0,0,1,0,0,0,0,0,0,1,0,0,True
IxDF,IxDF-UI,3_01,3,01,te,te,et,1-media-1-interaction,2,1,2,True,False,False,False,False,True,0,0,1,1,0,0,0,1,0,0,0,0,0,0,237,120,300.0,0,0,300.0,120,420.0,420.0,0.0,0.2857142857142857,1,0.7142857142857143,0.14285714285714285,0,0,0,1,0,0,0,0,0,0,0,0,0,False
IxDF,IxDF-UI,3_02,3,02,te,te,et,1-media-1-interaction,2,1,2,True,False,False,False,False,True,0,0,1,1,0,0,0,3,0,0,0,0,0,0,2153,900,900.0,0,0,900.0,900,1800.0,1800.0,0.0,0.5,3,0.5,0.1,0,0,0,1,0,0,0,0,0,0,6,0,0,True
IxDF,IxDF-UI,3_03,3,03,te,te,et,1-media-1-interaction,2,1,2,True,False,False,False,False,True,0,0,1,1,0,0,0,2,0,0,0,0,0,0,1834,780,600.0,0,0,600.0,780,1380.0,1380.0,0.0,0.5652173913043478,2,0.43478260869565216,0.08695652173913043,0,0,0,1,0,0,0,0,0,0,4,0,0,True
IxDF,IxDF-UI,3_04,3,04,te,te,et,1-media-1-interaction,2,1,2,True,False,False,False,False,True,0,0,1,1,0,0,0,3,0,0,0,0,0,0,2113,900,900.0,0,0,900.0,900,1800.0,1800.0,0.0,0.5,3,0.5,0.1,0,0,0,1,0,0,0,0,0,0,5,0,0,True
IxDF,IxDF-UI,3_05,3,05,tve,tve,etv,2-media-1-interaction,3,2,3,True,False,False,False,False,True,1,0,1,1,0,0,0,2,0,0,0,0,504,0,55,60,600.0,0,0,600.0,564,1164.0,1668.0,0.8936170212765957,0.6402877697841727,2,0.5154639175257731,0.10309278350515465,0,0,0,0,0,0,0,1,0,0,0,0,0,False
IxDF,IxDF-UI,3_06,3,06,te,te,et,1-media-1-interaction,2,1,2,True,False,False,False,False,True,0,0,1,1,0,0,0,2,0,0,0,0,0,0,1509,660,600.0,0,0,600.0,660,1260.0,1260.0,0.0,0.5238095238095238,2,0.47619047619047616,0.09523809523809523,0,0,0,1,0,0,0,0,0,0,4,0,0,True
IxDF,IxDF-UI,3_07,3,07,te,te,et,1-media-1-interaction,2,1,2,True,False,False,False,False,True,0,0,1,1,0,0,0,2,0,0,0,0,0,0,1506,660,600.0,0,0,600.0,660,1260.0,1260.0,0.0,0.5238095238095238,2,0.47619047619047616,0.09523809523809523,0,0,0,1,0,0,0,0,0,0,4,0,0,True
IxDF,IxDF-UI,3_08,3,08,tee,te,et,1-media-1-interaction,3,1,2,True,False,False,False,False,True,0,0,1,2,0,0,0,1,0,0,1,0,0,0,91,60,2100.0,0,0,2100.0,60,2160.0,2160.0,0.0,0.027777777777777776,2,0.9722222222222222,0.05555555555555555,0,0,0,1,0,0,0,0,0,0,1,0,0,True
IxDF,IxDF-UI,3_09,3,09,td,td,dt,1-media-1-interaction,2,1,2,False,False,False,False,False,False,0,0,1,0,1,0,0,0,0,0,0,0,0,0,420,180,0.0,0,300,300.0,180,480.0,480.0,0.0,0.375,1,0.625,0.125,0,0,0,1,0,0,0,0,0,0,1,0,0,True
IxDF,IxDF-UI,3_10,3,10,t,t,t,1-media-0-interaction,1,0,1,False,False,False,False,False,False,0,0,1,0,0,0,0,0,0,0,0,0,0,0,309,180,0.0,0,0,0.0,180,180.0,180.0,0.0,1.0,0,0.0,0.0,0,0,1,0,0,0,0,0,0,0,1,0,0,True
IxDF,IxDF-UI,4_01,4,01,te,te,et,1-media-1-interaction,2,1,2,True,False,False,False,False,True,0,0,1,1,0,0,0,1,0,0,0,0,0,0,197,120,300.0,0,0,300.0,120,420.0,420.0,0.0,0.2857142857142857,1,0.7142857142857143,0.14285714285714285,0,0,0,1,0,0,0,0,0,0,1,0,0,True
IxDF,IxDF-UI,4_02,4,02,td,td,dt,1-media-1-interaction,2,1,2,False,False,False,False,False,False,0,0,1,0,1,0,0,0,0,0,0,0,0,0,202,120,0.0,0,300,300.0,120,420.0,420.0,0.0,0.2857142857142857,1,0.7142857142857143,0.14285714285714285,0,0,0,1,0,0,0,0,0,0,1,0,0,True
IxDF,IxDF-UI,4_03,4,03,tve,tve,etv,2-media-1-interaction,3,2,3,True,False,False,False,False,True,1,0,1,1,0,0,0,2,0,0,0,0,474,0,89,60,600.0,0,0,600.0,534,1134.0,1608.0,0.8876404494382022,0.6268656716417911,2,0.5291005291005291,0.10582010582010583,0,0,0,0,0,0,0,1,0,0,0,0,0,False
IxDF,IxDF-UI,4_04,4,04,tee,te,et,1-media-1-interaction,3,1,2,True,False,False,False,False,True,0,0,1,2,0,0,0,2,0,0,1,0,0,0,1960,840,2400.0,0,0,2400.0,840,3240.0,3240.0,0.0,0.25925925925925924,3,0.7407407407407407,0.05555555555555555,0,0,0,1,0,0,0,0,0,0,4,0,0,True
IxDF,IxDF-UI,4_05,4,05,te,te,et,1-media-1-interaction,2,1,2,True,False,False,False,False,True,0,0,1,1,0,0,0,2,0,0,0,0,0,0,1355,600,600.0,0,0,600.0,600,1200.0,1200.0,0.0,0.5,2,0.5,0.1,0,0,0,1,0,0,0,0,0,0,4,0,0,True
IxDF,IxDF-UI,4_06,4,06,te,te,et,1-media-1-interaction,2,1,2,True,False,False,False,False,True,0,0,1,1,0,0,0,3,0,0,0,0,0,0,2032,840,900.0,0,0,900.0,840,1740.0,1740.0,0.0,0.4827586206896552,3,0.5172413793103449,0.10344827586206896,0,0,0,1,0,0,0,0,0,0,4,0,0,True
IxDF,IxDF-UI,4_07,4,07,te,te,et,1-media-1-interaction,2,1,2,True,False,False,False,False,True,0,0,1,1,0,0,0,2,0,0,0,0,0,0,2032,840,600.0,0,0,600.0,840,1440.0,1440.0,0.0,0.5833333333333334,2,0.4166666666666667,0.08333333333333333,0,0,0,1,0,0,0,0,0,0,5,0,0,True
IxDF,IxDF-UI,4_08,4,08,te,te,et,1-media-1-interaction,2,1,2,True,False,False,False,False,True,0,0,1,1,0,0,0,3,0,0,0,0,0,0,1749,720,900.0,0,0,900.0,720,1620.0,1620.0,0.0,0.4444444444444444,3,0.5555555555555556,0.1111111111111111,0,0,0,1,0,0,0,0,0,0,3,0,0,True
IxDF,IxDF-UI,4_09,4,09,td,td,dt,1-media-1-interaction,2,1,2,False,False,False,False,False,False,0,0,1,0,1,0,0,0,0,0,0,0,0,0,569,240,0.0,0,300,300.0,240,540.0,540.0,0.0,0.4444444444444444,1,0.5555555555555556,0.1111111111111111,0,0,0,1,0,0,0,0,0,0,2,0,0,True
IxDF,IxDF-UI,4_10,4,10,t,t,t,1-media-0-interaction,1,0,1,False,False,False,False,False,False,0,0,1,0,0,0,0,0,0,0,0,0,0,0,235,120,0.0,0,0,0.0,120,120.0,120.0,0.0,1.0,0,0.0,0.0,0,0,1,0,0,0,0,0,0,0,0,0,0,False
IxDF,IxDF-UI,5_01,5,01,te,te,et,1-media-1-interaction,2,1,2,True,False,False,False,False,True,0,0,1,1,0,0,0,1,0,0,0,0,0,0,189,120,300.0,0,0,300.0,120,420.0,420.0,0.0,0.2857142857142857,1,0.7142857142857143,0.14285714285714285,0,0,0,1,0,0,0,0,0,0,1,0,0,True
IxDF,IxDF-UI,5_02,5,02,te,te,et,1-media-1-interaction,2,1,2,True,False,False,False,False,True,0,0,1,1,0,0,0,3,0,0,0,0,0,0,1918,780,900.0,0,0,900.0,780,1680.0,1680.0,0.0,0.4642857142857143,3,0.5357142857142857,0.10714285714285714,0,0,0,1,0,0,0,0,0,0,4,0,0,True
IxDF,IxDF-UI,5_03,5,03,te,te,et,1-media-1-interaction,2,1,2,True,False,False,False,False,True,0,0,1,1,0,0,0,2,0,0,0,0,0,0,1489,600,600.0,0,0,600.0,600,1200.0,1200.0,0.0,0.5,2,0.5,0.1,0,0,0,1,0,0,0,0,0,0,3,0,0,True
IxDF,IxDF-UI,5_04,5,04,tvee,tve,etv,2-media-1-interaction,4,2,3,True,False,False,False,False,True,1,0,1,2,0,0,0,2,0,0,1,0,495,0,127,60,2400.0,0,0,2400.0,555,2955.0,3450.0,0.8918918918918919,0.30434782608695654,3,0.8121827411167513,0.06091370558375635,0,0,0,0,0,0,0,1,0,0,1,0,0,True
IxDF,IxDF-UI,5_05,5,05,te,te,et,1-media-1-interaction,2,1,2,True,False,False,False,False,True,0,0,1,1,0,0,0,3,0,0,0,0,0,0,1597,660,900.0,0,0,900.0,660,1560.0,1560.0,0.0,0.4230769230769231,3,0.5769230769230769,0.11538461538461539,0,0,0,1,0,0,0,0,0,0,4,0,0,True
IxDF,IxDF-UI,5_06,5,06,te,te,et,1-media-1-interaction,2,1,2,True,False,False,False,False,True,0,0,1,1,0,0,0,2,0,0,0,0,0,0,1140,480,600.0,0,0,600.0,480,1080.0,1080.0,0.0,0.4444444444444444,2,0.5555555555555556,0.1111111111111111,0,0,0,1,0,0,0,0,0,0,4,0,0,True
IxDF,IxDF-UI,5_07,5,07,te,te,et,1-media-1-interaction,2,1,2,True,False,False,False,False,True,0,0,1,1,0,0,0,3,0,0,0,0,0,0,1226,540,900.0,0,0,900.0,540,1440.0,1440.0,0.0,0.375,3,0.625,0.125,0,0,0,1,0,0,0,0,0,0,4,0,0,True
IxDF,IxDF-UI,5_08,5,08,te,te,et,1-media-1-interaction,2,1,2,True,False,False,False,False,True,0,0,1,1,0,0,0,2,0,0,0,0,0,0,1609,660,600.0,0,0,600.0,660,1260.0,1260.0,0.0,0.5238095238095238,2,0.47619047619047616,0.09523809523809523,0,0,0,1,0,0,0,0,0,0,0,0,0,False
IxDF,IxDF-UI,5_09,5,09,td,td,dt,1-media-1-interaction,2,1,2,False,False,False,False,False,False,0,0,1,0,1,0,0,0,0,0,0,0,0,0,132,60,0.0,0,300,300.0,60,360.0,360.0,0.0,0.16666666666666666,1,0.8333333333333334,0.16666666666666666,0,0,0,1,0,0,0,0,0,0,1,0,0,True
IxDF,IxDF-UI,5_10,5,10,td,td,dt,1-media-1-interaction,2,1,2,False,False,False,False,False,False,0,0,1,0,1,0,0,0,0,0,0,0,0,0,468,240,0.0,0,300,300.0,240,540.0,540.0,0.0,0.4444444444444444,1,0.5555555555555556,0.1111111111111111,0,0,0,1,0,0,0,0,0,0,2,0,0,True
IxDF,IxDF-UI,5_11,5,11,t,t,t,1-media-0-interaction,1,0,1,False,False,False,False,False,False,0,0,1,0,0,0,0,0,0,0,0,0,0,0,274,120,0.0,0,0,0.0,120,120.0,120.0,0.0,1.0,0,0.0,0.0,0,0,1,0,0,0,0,0,0,0,1,0,0,True
IxDF,IxDF-UI,6_01,6,01,te,te,et,1-media-1-interaction,2,1,2,True,False,False,False,False,True,0,0,1,1,0,0,0,1,0,0,0,0,0,0,215,120,300.0,0,0,300.0,120,420.0,420.0,0.0,0.2857142857142857,1,0.7142857142857143,0.14285714285714285,0,0,0,1,0,0,0,0,0,0,1,0,0,True
IxDF,IxDF-UI,6_02,6,02,tve,tve,etv,2-media-1-interaction,3,2,3,True,False,False,False,False,True,1,0,1,1,0,0,0,2,0,0,0,0,445,0,83,60,600.0,0,0,600.0,505,1105.0,1550.0,0.8811881188118812,0.6129032258064516,2,0.5429864253393665,0.10859728506787329,0,0,0,0,0,0,0,1,0,0,1,0,0,True
IxDF,IxDF-UI,6_03,6,03,te,te,et,1-media-1-interaction,2,1,2,True,False,False,False,False,True,0,0,1,1,0,0,0,2,0,0,0,0,0,0,1080,480,600.0,0,0,600.0,480,1080.0,1080.0,0.0,0.4444444444444444,2,0.5555555555555556,0.1111111111111111,0,0,0,1,0,0,0,0,0,0,4,0,0,True
IxDF,IxDF-UI,6_04,6,04,te,te,et,1-media-1-interaction,2,1,2,True,False,False,False,False,True,0,0,1,1,0,0,0,2,0,0,0,0,0,0,1058,480,600.0,0,0,600.0,480,1080.0,1080.0,0.0,0.4444444444444444,2,0.5555555555555556,0.1111111111111111,0,0,0,1,0,0,0,0,0,0,4,0,0,True
IxDF,IxDF-UI,6_05,6,05,tee,te,et,1-media-1-interaction,3,1,2,True,False,False,False,False,True,0,0,1,2,0,0,0,2,0,0,1,0,0,0,1265,540,2400.0,0,0,2400.0,540,2940.0,2940.0,0.0,0.1836734693877551,3,0.8163265306122449,0.061224489795918366,0,0,0,1,0,0,0,0,0,0,4,0,0,True
IxDF,IxDF-UI,6_06,6,06,te,te,et,1-media-1-interaction,2,1,2,True,False,False,False,False,True,0,0,1,1,0,0,0,1,0,0,0,0,0,0,71,60,300.0,0,0,300.0,60,360.0,360.0,0.0,0.16666666666666666,1,0.8333333333333334,0.16666666666666666,0,0,0,1,0,0,0,0,0,0,1,0,0,True
IxDF,IxDF-UI,6_07,6,07,te,te,et,1-media-1-interaction,2,1,2,True,False,False,False,False,True,0,0,1,1,0,0,0,2,0,0,0,0,0,0,1360,600,600.0,0,0,600.0,600,1200.0,1200.0,0.0,0.5,2,0.5,0.1,0,0,0,1,0,0,0,0,0,0,4,0,0,True
IxDF,IxDF-UI,6_08,6,08,te,te,et,1-media-1-interaction,2,1,2,True,False,False,False,False,True,0,0,1,1,0,0,0,3,0,0,0,0,0,0,1856,780,900.0,0,0,900.0,780,1680.0,1680.0,0.0,0.4642857142857143,3,0.5357142857142857,0.10714285714285714,0,0,0,1,0,0,0,0,0,0,3,0,0,True
IxDF,IxDF-UI,6_09,6,09,te,te,et,1-media-1-interaction,2,1,2,True,False,False,False,False,True,0,0,1,1,0,0,0,2,0,0,0,0,0,0,1651,720,600.0,0,0,600.0,720,1320.0,1320.0,0.0,0.5454545454545454,2,0.45454545454545453,0.09090909090909091,0,0,0,1,0,0,0,0,0,0,3,0,1,True
IxDF,IxDF-UI,6_10,6,10,te,te,et,1-media-1-interaction,2,1,2,True,False,False,False,False,True,0,0,1,1,0,0,0,3,0,0,0,0,0,0,1366,600,900.0,0,0,900.0,600,1500.0,1500.0,0.0,0.4,3,0.6,0.12,0,0,0,1,0,0,0,0,0,0,0,0,0,False
IxDF,IxDF-UI,6_11,6,11,td,td,dt,1-media-1-interaction,2,1,2,False,False,False,False,False,False,0,0,1,0,1,0,0,0,0,0,0,0,0,0,352,180,0.0,0,300,300.0,180,480.0,480.0,0.0,0.375,1,0.625,0.125,0,0,0,1,0,0,0,0,0,0,3,0,0,True
IxDF,IxDF-UI,6_12,6,12,t,t,t,1-media-0-interaction,1,0,1,False,False,False,False,False,False,0,0,1,0,0,0,0,0,0,0,0,0,0,0,224,120,0.0,0,0,0.0,120,120.0,120.0,0.0,1.0,0,0.0,0.0,0,0,1,0,0,0,0,0,0,0,1,0,0,True
IxDF,IxDF-UI,7_01,7,01,te,te,et,1-media-1-interaction,2,1,2,True,False,False,False,False,True,0,0,1,1,0,0,0,1,0,0,0,0,0,0,385,180,300.0,0,0,300.0,180,480.0,480.0,0.0,0.375,1,0.625,0.125,0,0,0,1,0,0,0,0,0,0,1,0,0,True
IxDF,IxDF-UI,7_02,7,02,tve,tve,etv,2-media-1-interaction,3,2,3,True,False,False,False,False,True,1,0,1,1,0,0,0,4,0,0,0,0,490,0,129,60,1200.0,0,0,1200.0,550,1750.0,2240.0,0.8909090909090909,0.4642857142857143,4,0.6857142857142857,0.13714285714285715,0,0,0,0,0,0,0,1,0,0,1,0,0,True
IxDF,IxDF-UI,7_03,7,03,tee,te,et,1-media-1-interaction,3,1,2,True,False,False,False,False,True,0,0,1,2,0,0,0,1,0,0,1,0,0,0,85,60,2100.0,0,0,2100.0,60,2160.0,2160.0,0.0,0.027777777777777776,2,0.9722222222222222,0.05555555555555555,0,0,0,1,0,0,0,0,0,0,1,0,0,True
IxDF,IxDF-UI,7_04,7,04,td,td,dt,1-media-1-interaction,2,1,2,False,False,False,False,False,False,0,0,1,0,1,0,0,0,0,0,0,0,0,0,287,120,0.0,0,300,300.0,120,420.0,420.0,0.0,0.2857142857142857,1,0.7142857142857143,0.14285714285714285,0,0,0,1,0,0,0,0,0,0,1,0,0,True
IxDF,IxDF-UI,7_05,7,05,td,td,dt,1-media-1-interaction,2,1,2,False,False,False,False,False,False,0,0,1,0,1,0,0,0,0,0,0,0,0,0,313,180,0.0,0,300,300.0,180,480.0,480.0,0.0,0.375,1,0.625,0.125,0,0,0,1,0,0,0,0,0,0,1,0,0,True
IxDF,IxDF-UI,7_06,7,06,td,td,dt,1-media-1-interaction,2,1,2,False,False,False,False,False,False,0,0,1,0,1,0,0,0,0,0,0,0,0,0,260,120,0.0,0,300,300.0,120,420.0,420.0,0.0,0.2857142857142857,1,0.7142857142857143,0.14285714285714285,0,0,0,1,0,0,0,0,0,0,1,0,0,True
IxDF,IxDF-UI,7_07,7,07,td,td,dt,1-media-1-interaction,2,1,2,False,False,False,False,False,False,0,0,1,0,1,0,0,0,0,0,0,0,0,0,379,180,0.0,0,300,300.0,180,480.0,480.0,0.0,0.375,1,0.625,0.125,0,0,0,1,0,0,0,0,0,0,1,0,0,True
IxDF,IxDF-UI,7_08,7,08,t,t,t,1-media-0-interaction,1,0,1,False,False,False,False,False,False,0,0,1,0,0,0,0,0,0,0,0,0,0,0,347,180,0.0,0,0,0.0,180,180.0,180.0,0.0,1.0,0,0.0,0.0,0,0,1,0,0,0,0,0,0,0,1,0,0,True
Udacity,Uda-CM,1_01,1,01,v,v,v,1-media-0-interaction,1,0,1,False,False,False,False,False,False,1,0,0,0,0,0,0,0,0,0,0,0,39,0,0,0,0.0,0,0,0.0,39,39.0,78.0,1.0,1.0,0,0.0,0.0,0,0,1,0,0,0,0,0,0,0,0,0,0,False
Udacity,Uda-CM,1_02,1,02,v,v,v,1-media-0-interaction,1,0,1,False,False,False,False,False,False,1,0,0,0,0,0,0,0,0,0,0,0,122,0,0,0,0.0,0,0,0.0,122,122.0,244.0,1.0,1.0,0,0.0,0.0,0,0,1,0,0,0,0,0,0,0,0,0,0,False
Udacity,Uda-CM,1_03,1,03,e,e,e,0-media-1-interaction,1,0,1,True,True,False,False,False,False,0,0,0,1,0,0,0,0,0,0,0,1,0,0,0,0,120.0,0,0,120.0,0,120.0,120.0,,0.0,1,1.0,0.5,1,0,0,0,0,0,0,0,0,0,0,0,0,False
Udacity,Uda-CM,1_04,1,04,v,v,v,1-media-0-interaction,1,0,1,False,False,False,False,False,False,1,0,0,0,0,0,0,0,0,0,0,0,93,0,0,0,0.0,0,0,0.0,93,93.0,186.0,1.0,1.0,0,0.0,0.0,0,0,1,0,0,0,0,0,0,0,0,0,0,False
Udacity,Uda-CM,1_05,1,05,te,te,et,1-media-1-interaction,2,1,2,True,False,False,False,False,True,0,0,1,1,0,0,0,3,0,0,0,0,0,0,25,60,900.0,0,0,900.0,60,960.0,960.0,0.0,0.0625,3,0.9375,0.1875,0,0,0,1,0,0,0,0,0,0,0,0,0,False
Udacity,Uda-CM,1_06,1,06,v,v,v,1-media-0-interaction,1,0,1,False,False,False,False,False,False,1,0,0,0,0,0,0,0,0,0,0,0,59,0,0,0,0.0,0,0,0.0,59,59.0,118.0,1.0,1.0,0,0.0,0.0,0,0,1,0,0,0,0,0,0,0,0,0,0,False
Udacity,Uda-CM,1_07,1,07,v,v,v,1-media-0-interaction,1,0,1,False,False,False,False,False,False,1,0,0,0,0,0,0,0,0,0,0,0,83,0,0,0,0.0,0,0,0.0,83,83.0,166.0,1.0,1.0,0,0.0,0.0,0,0,1,0,0,0,0,0,0,0,0,0,0,False
Udacity,Uda-CM,1_08,1,08,vt,vt,tv,2-media-0-interaction,2,1,2,False,False,False,False,False,False,1,0,1,0,0,0,0,0,0,0,0,0,25,0,33,60,0.0,0,0,0.0,85,85.0,110.0,0.29411764705882354,1.0,0,0.0,0.0,0,0,0,0,0,0,1,0,0,0,0,0,0,False
Udacity,Uda-CM,1_09,1,09,e,e,e,0-media-1-interaction,1,0,1,True,True,False,False,False,False,0,0,0,1,0,0,0,1,0,0,0,0,0,0,0,0,300.0,0,0,300.0,0,300.0,300.0,,0.0,1,1.0,0.2,1,0,0,0,0,0,0,0,0,0,0,0,0,False
Udacity,Uda-CM,1_10,1,10,t,t,t,1-media-0-interaction,1,0,1,False,False,False,False,False,False,0,0,1,0,0,0,0,0,0,0,0,0,0,0,154,120,0.0,0,0,0.0,120,120.0,120.0,0.0,1.0,0,0.0,0.0,0,0,1,0,0,0,0,0,0,0,0,0,0,False
Udacity,Uda-CM,1_11,1,11,v,v,v,1-media-0-interaction,1,0,1,False,False,False,False,False,False,1,0,0,0,0,0,0,0,0,0,0,0,48,0,0,0,0.0,0,0,0.0,48,48.0,96.0,1.0,1.0,0,0.0,0.0,0,0,1,0,0,0,0,0,0,0,0,0,0,False
Udacity,Uda-CM,1_12,1,12,vt,vt,tv,2-media-0-interaction,2,1,2,False,False,False,False,False,False,1,0,1,0,0,0,0,0,0,0,0,0,80,0,30,60,0.0,0,0,0.0,140,140.0,220.0,0.5714285714285714,1.0,0,0.0,0.0,0,0,0,0,0,0,1,0,0,0,0,0,0,False
Udacity,Uda-CM,1_13,1,13,tvt,tvt,tv,2-media-0-interaction,3,2,2,False,False,False,False,False,False,1,0,2,0,0,0,0,0,0,0,0,0,45,0,104,60,0.0,0,0,0.0,105,105.0,150.0,0.42857142857142855,1.0,0,0.0,0.0,0,0,0,0,0,0,1,0,0,0,0,0,0,False
Udacity,Uda-CM,1_14,1,14,v,v,v,1-media-0-interaction,1,0,1,False,False,False,False,False,False,1,0,0,0,0,0,0,0,0,0,0,0,175,0,0,0,0.0,0,0,0.0,175,175.0,350.0,1.0,1.0,0,0.0,0.0,0,0,1,0,0,0,0,0,0,0,0,0,0,False
Udacity,Uda-CM,1_15,1,15,vt,vt,tv,2-media-0-interaction,2,1,2,False,False,False,False,False,False,1,0,1,0,0,0,0,0,0,0,0,0,357,0,43,60,0.0,0,0,0.0,417,417.0,774.0,0.8561151079136691,1.0,0,0.0,0.0,0,0,0,0,0,0,1,0,0,0,0,0,0,False
Udacity,Uda-CM,1_16,1,16,te,te,et,1-media-1-interaction,2,1,2,True,False,False,False,False,True,0,0,1,1,0,0,0,2,0,0,0,0,0,0,67,60,600.0,0,0,600.0,60,660.0,660.0,0.0,0.09090909090909091,2,0.9090909090909091,0.18181818181818182,0,0,0,1,0,0,0,0,0,0,0,0,0,False
Udacity,Uda-CM,1_17,1,17,vt,vt,tv,2-media-0-interaction,2,1,2,False,False,False,False,False,False,1,0,1,0,0,0,0,0,0,0,0,0,44,0,19,60,0.0,0,0,0.0,104,104.0,148.0,0.4230769230769231,1.0,0,0.0,0.0,0,0,0,0,0,0,1,0,0,0,0,0,0,False
Udacity,Uda-CM,1_18,1,18,vt,vt,tv,2-media-0-interaction,2,1,2,False,False,False,False,False,False,1,0,1,0,0,0,0,0,0,0,0,0,33,0,22,60,0.0,0,0,0.0,93,93.0,126.0,0.3548387096774194,1.0,0,0.0,0.0,0,0,0,0,0,0,1,0,0,0,0,0,0,False
Udacity,Uda-CM,1_19,1,19,teet,tet,et,1-media-1-interaction,4,2,2,True,False,False,False,True,False,0,0,2,2,0,0,0,4,0,0,0,0,0,0,48,60,1200.0,0,0,1200.0,60,1260.0,1260.0,0.0,0.047619047619047616,4,0.9523809523809523,0.19047619047619047,0,0,0,1,0,0,0,0,0,0,0,0,0,False
Udacity,Uda-CM,1_20,1,20,v,v,v,1-media-0-interaction,1,0,1,False,False,False,False,False,False,1,0,0,0,0,0,0,0,0,0,0,0,82,0,0,0,0.0,0,0,0.0,82,82.0,164.0,1.0,1.0,0,0.0,0.0,0,0,1,0,0,0,0,0,0,0,0,0,0,False
Udacity,Uda-CM,1_21,1,21,v,v,v,1-media-0-interaction,1,0,1,False,False,False,False,False,False,1,0,0,0,0,0,0,0,0,0,0,0,83,0,0,0,0.0,0,0,0.0,83,83.0,166.0,1.0,1.0,0,0.0,0.0,0,0,1,0,0,0,0,0,0,0,0,0,0,False
Udacity,Uda-CM,1_22,1,22,vt,vt,tv,2-media-0-interaction,2,1,2,False,False,False,False,False,False,1,0,1,0,0,0,0,0,0,0,0,0,252,0,83,60,0.0,0,0,0.0,312,312.0,564.0,0.8076923076923077,1.0,0,0.0,0.0,0,0,0,0,0,0,1,0,0,0,0,0,0,False
Udacity,Uda-CM,1_23,1,23,vt,vt,tv,2-media-0-interaction,2,1,2,False,False,False,False,False,False,1,0,1,0,0,0,0,0,0,0,0,0,51,0,4,60,0.0,0,0,0.0,111,111.0,162.0,0.4594594594594595,1.0,0,0.0,0.0,0,0,0,0,0,0,1,0,0,0,0,0,0,False
Udacity,Uda-CM,1_24,1,24,v,v,v,1-media-0-interaction,1,0,1,False,False,False,False,False,False,1,0,0,0,0,0,0,0,0,0,0,0,127,0,0,0,0.0,0,0,0.0,127,127.0,254.0,1.0,1.0,0,0.0,0.0,0,0,1,0,0,0,0,0,0,0,0,0,0,False
Udacity,Uda-CM,1_25,1,25,v,v,v,1-media-0-interaction,1,0,1,False,False,False,False,False,False,1,0,0,0,0,0,0,0,0,0,0,0,39,0,0,0,0.0,0,0,0.0,39,39.0,78.0,1.0,1.0,0,0.0,0.0,0,0,1,0,0,0,0,0,0,0,0,0,0,False
Udacity,Uda-CM,2_01,2,01,v,v,v,1-media-0-interaction,1,0,1,False,False,False,False,False,False,1,0,0,0,0,0,0,0,0,0,0,0,25,0,0,0,0.0,0,0,0.0,25,25.0,50.0,1.0,1.0,0,0.0,0.0,0,0,1,0,0,0,0,0,0,0,0,0,0,False
Udacity,Uda-CM,2_02,2,02,tvt,tvt,tv,2-media-0-interaction,3,2,2,False,False,False,False,False,False,1,0,2,0,0,0,0,0,0,0,0,0,106,0,115,60,0.0,0,0,0.0,166,166.0,272.0,0.6385542168674698,1.0,0,0.0,0.0,0,0,0,0,0,0,1,0,0,0,0,0,0,False
Udacity,Uda-CM,2_03,2,03,vt,vt,tv,2-media-0-interaction,2,1,2,False,False,False,False,False,False,1,0,1,0,0,0,0,0,0,0,0,0,69,0,40,60,0.0,0,0,0.0,129,129.0,198.0,0.5348837209302325,1.0,0,0.0,0.0,0,0,0,0,0,0,1,0,0,0,0,0,0,False
Udacity,Uda-CM,2_04,2,04,vt,vt,tv,2-media-0-interaction,2,1,2,False,False,False,False,False,False,1,0,1,0,0,0,0,0,0,0,0,0,232,0,5,60,0.0,0,0,0.0,292,292.0,524.0,0.7945205479452054,1.0,0,0.0,0.0,0,0,0,0,0,0,1,0,0,0,0,0,0,False
Udacity,Uda-CM,2_05,2,05,tet,tet,et,1-media-1-interaction,3,2,2,True,False,False,False,True,False,0,0,2,1,0,0,0,2,0,0,0,0,0,0,141,60,600.0,0,0,600.0,60,660.0,660.0,0.0,0.09090909090909091,2,0.9090909090909091,0.18181818181818182,0,0,0,1,0,0,0,0,0,0,0,0,0,False
Udacity,Uda-CM,2_06,2,06,v,v,v,1-media-0-interaction,1,0,1,False,False,False,False,False,False,1,0,0,0,0,0,0,0,0,0,0,0,170,0,0,0,0.0,0,0,0.0,170,170.0,340.0,1.0,1.0,0,0.0,0.0,0,0,1,0,0,0,0,0,0,0,0,0,0,False
Udacity,Uda-CM,2_07,2,07,v,v,v,1-media-0-interaction,1,0,1,False,False,False,False,False,False,1,0,0,0,0,0,0,0,0,0,0,0,26,0,0,0,0.0,0,0,0.0,26,26.0,52.0,1.0,1.0,0,0.0,0.0,0,0,1,0,0,0,0,0,0,0,0,0,0,False
Udacity,Uda-CM,2_08,2,08,vt,vt,tv,2-media-0-interaction,2,1,2,False,False,False,False,False,False,1,0,1,0,0,0,0,0,0,0,0,0,135,0,225,120,0.0,0,0,0.0,255,255.0,390.0,0.5294117647058824,1.0,0,0.0,0.0,0,0,0,0,0,0,1,0,0,0,0,0,0,False
Udacity,Uda-CM,2_09,2,09,teet,tet,et,1-media-1-interaction,4,2,2,True,False,False,False,True,False,0,0,2,2,0,0,0,2,0,0,0,0,0,0,130,60,600.0,0,0,600.0,60,660.0,660.0,0.0,0.09090909090909091,2,0.9090909090909091,0.18181818181818182,0,0,0,1,0,0,0,0,0,0,0,0,0,False
Udacity,Uda-CM,2_10,2,10,vt,vt,tv,2-media-0-interaction,2,1,2,False,False,False,False,False,False,1,0,1,0,0,0,0,0,0,0,0,0,99,0,56,60,0.0,0,0,0.0,159,159.0,258.0,0.6226415094339622,1.0,0,0.0,0.0,0,0,0,0,0,0,1,0,0,0,0,0,0,False
Udacity,Uda-CM,2_11,2,11,v,v,v,1-media-0-interaction,1,0,1,False,False,False,False,False,False,1,0,0,0,0,0,0,0,0,0,0,0,32,0,0,0,0.0,0,0,0.0,32,32.0,64.0,1.0,1.0,0,0.0,0.0,0,0,1,0,0,0,0,0,0,0,0,0,0,False
Udacity,Uda-CM,2_12,2,12,vt,vt,tv,2-media-0-interaction,2,1,2,False,False,False,False,False,False,1,0,1,0,0,0,0,0,0,0,0,0,176,0,426,180,0.0,0,0,0.0,356,356.0,532.0,0.4943820224719101,1.0,0,0.0,0.0,0,0,0,0,0,0,1,0,0,0,5,0,0,True
Udacity,Uda-CM,2_13,2,13,v,v,v,1-media-0-interaction,1,0,1,False,False,False,False,False,False,1,0,0,0,0,0,0,0,0,0,0,0,21,0,0,0,0.0,0,0,0.0,21,21.0,42.0,1.0,1.0,0,0.0,0.0,0,0,1,0,0,0,0,0,0,0,0,0,0,False
Udacity,Uda-CM,2_14,2,14,vt,vt,tv,2-media-0-interaction,2,1,2,False,False,False,False,False,False,1,0,1,0,0,0,0,0,0,0,0,0,117,0,11,60,0.0,0,0,0.0,177,177.0,294.0,0.6610169491525424,1.0,0,0.0,0.0,0,0,0,0,0,0,1,0,0,0,0,0,0,False
Udacity,Uda-CM,2_15,2,15,vt,vt,tv,2-media-0-interaction,2,1,2,False,False,False,False,False,False,1,0,1,0,0,0,0,0,0,0,0,0,99,0,15,60,0.0,0,0,0.0,159,159.0,258.0,0.6226415094339622,1.0,0,0.0,0.0,0,0,0,0,0,0,1,0,0,0,0,0,0,False
Udacity,Uda-CM,2_16,2,16,vtvt,vtvt,tv,2-media-0-interaction,4,3,2,False,False,False,False,False,False,2,0,2,0,0,0,0,0,0,0,0,0,248,0,142,60,0.0,0,0,0.0,308,308.0,556.0,0.8051948051948052,1.0,0,0.0,0.0,0,0,0,0,0,0,1,0,0,0,1,0,0,True
Udacity,Uda-CM,2_17,2,17,teet,tet,et,1-media-1-interaction,4,2,2,True,False,False,False,True,False,0,0,2,2,0,0,0,2,0,0,0,0,0,0,105,60,600.0,0,0,600.0,60,660.0,660.0,0.0,0.09090909090909091,2,0.9090909090909091,0.18181818181818182,0,0,0,1,0,0,0,0,0,0,0,0,0,False
Udacity,Uda-CM,2_18,2,18,t,t,t,1-media-0-interaction,1,0,1,False,False,False,False,False,False,0,0,1,0,0,0,0,0,0,0,0,0,0,0,115,60,0.0,0,0,0.0,60,60.0,60.0,0.0,1.0,0,0.0,0.0,0,0,1,0,0,0,0,0,0,0,0,0,0,False
Udacity,Uda-CM,2_19,2,19,v,v,v,1-media-0-interaction,1,0,1,False,False,False,False,False,False,1,0,0,0,0,0,0,0,0,0,0,0,95,0,0,0,0.0,0,0,0.0,95,95.0,190.0,1.0,1.0,0,0.0,0.0,0,0,1,0,0,0,0,0,0,0,0,0,0,False
Udacity,Uda-CM,2_20,2,20,vt,vt,tv,2-media-0-interaction,2,1,2,False,False,False,False,False,False,1,0,1,0,0,0,0,0,0,0,0,0,54,0,172,120,0.0,0,0,0.0,174,174.0,228.0,0.3103448275862069,1.0,0,0.0,0.0,0,0,0,0,0,0,1,0,0,0,0,0,0,False
Udacity,Uda-CM,2_21,2,21,vt,vt,tv,2-media-0-interaction,2,1,2,False,False,False,False,False,False,1,0,1,0,0,0,0,0,0,0,0,0,196,0,67,60,0.0,0,0,0.0,256,256.0,452.0,0.765625,1.0,0,0.0,0.0,0,0,0,0,0,0,1,0,0,0,0,0,0,False
Udacity,Uda-CM,2_22,2,22,vt,vt,tv,2-media-0-interaction,2,1,2,False,False,False,False,False,False,1,0,1,0,0,0,0,0,0,0,0,0,30,0,92,60,0.0,0,0,0.0,90,90.0,120.0,0.3333333333333333,1.0,0,0.0,0.0,0,0,0,0,0,0,1,0,0,0,0,0,0,False
Udacity,Uda-CM,2_23,2,23,tet,tet,et,1-media-1-interaction,3,2,2,True,False,False,False,True,False,0,0,2,1,0,0,0,1,0,0,0,0,0,0,368,180,300.0,0,0,300.0,180,480.0,480.0,0.0,0.375,1,0.625,0.125,0,0,0,1,0,0,0,0,0,0,2,0,0,True
Udacity,Uda-CM,2_24,2,24,v,v,v,1-media-0-interaction,1,0,1,False,False,False,False,False,False,1,0,0,0,0,0,0,0,0,0,0,0,147,0,0,0,0.0,0,0,0.0,147,147.0,294.0,1.0,1.0,0,0.0,0.0,0,0,1,0,0,0,0,0,0,0,0,0,0,False
Udacity,Uda-CM,2_25,2,25,tet,tet,et,1-media-1-interaction,3,2,2,True,False,False,False,True,False,0,0,2,1,0,0,0,1,0,0,0,0,0,0,128,60,300.0,0,0,300.0,60,360.0,360.0,0.0,0.16666666666666666,1,0.8333333333333334,0.16666666666666666,0,0,0,1,0,0,0,0,0,0,0,0,0,False
Udacity,Uda-CM,2_26,2,26,v,v,v,1-media-0-interaction,1,0,1,False,False,False,False,False,False,1,0,0,0,0,0,0,0,0,0,0,0,26,0,0,0,0.0,0,0,0.0,26,26.0,52.0,1.0,1.0,0,0.0,0.0,0,0,1,0,0,0,0,0,0,0,0,0,0,False
Udacity,Uda-CM,2_27,2,27,t,t,t,1-media-0-interaction,1,0,1,False,False,False,False,False,False,0,0,1,0,0,0,0,0,0,0,0,0,0,0,442,180,0.0,0,0,0.0,180,180.0,180.0,0.0,1.0,0,0.0,0.0,0,0,1,0,0,0,0,0,0,0,0,0,0,False
Udacity,Uda-CM,3_01,3,01,v,v,v,1-media-0-interaction,1,0,1,False,False,False,False,False,False,1,0,0,0,0,0,0,0,0,0,0,0,56,0,0,0,0.0,0,0,0.0,56,56.0,112.0,1.0,1.0,0,0.0,0.0,0,0,1,0,0,0,0,0,0,0,0,0,0,False
Udacity,Uda-CM,3_02,3,02,vt,vt,tv,2-media-0-interaction,2,1,2,False,False,False,False,False,False,1,0,1,0,0,0,0,0,0,0,0,0,51,0,74,60,0.0,0,0,0.0,111,111.0,162.0,0.4594594594594595,1.0,0,0.0,0.0,0,0,0,0,0,0,1,0,0,0,0,0,0,False
Udacity,Uda-CM,3_03,3,03,tet,tet,et,1-media-1-interaction,3,2,2,True,False,False,False,True,False,0,0,2,1,0,0,0,1,0,0,0,0,0,0,54,60,300.0,0,0,300.0,60,360.0,360.0,0.0,0.16666666666666666,1,0.8333333333333334,0.16666666666666666,0,0,0,1,0,0,0,0,0,0,0,0,0,False
Udacity,Uda-CM,3_04,3,04,vt,vt,tv,2-media-0-interaction,2,1,2,False,False,False,False,False,False,1,0,1,0,0,0,0,0,0,0,0,0,235,0,57,60,0.0,0,0,0.0,295,295.0,530.0,0.7966101694915254,1.0,0,0.0,0.0,0,0,0,0,0,0,1,0,0,0,1,0,0,True
Udacity,Uda-CM,3_05,3,05,vt,vt,tv,2-media-0-interaction,2,1,2,False,False,False,False,False,False,1,0,1,0,0,0,0,0,0,0,0,0,109,0,73,60,0.0,0,0,0.0,169,169.0,278.0,0.6449704142011834,1.0,0,0.0,0.0,0,0,0,0,0,0,1,0,0,0,0,0,0,False
Udacity,Uda-CM,3_06,3,06,tvt,tvt,tv,2-media-0-interaction,3,2,2,False,False,False,False,False,False,1,0,2,0,0,0,0,0,0,0,0,0,145,0,123,60,0.0,0,0,0.0,205,205.0,350.0,0.7073170731707317,1.0,0,0.0,0.0,0,0,0,0,0,0,1,0,0,0,0,0,0,False
Udacity,Uda-CM,3_07,3,07,vt,vt,tv,2-media-0-interaction,2,1,2,False,False,False,False,False,False,1,0,1,0,0,0,0,0,0,0,0,0,133,0,36,60,0.0,0,0,0.0,193,193.0,326.0,0.689119170984456,1.0,0,0.0,0.0,0,0,0,0,0,0,1,0,0,0,0,0,0,False
Udacity,Uda-CM,3_08,3,08,vt,vt,tv,2-media-0-interaction,2,1,2,False,False,False,False,False,False,1,0,1,0,0,0,0,0,0,0,0,0,146,0,45,60,0.0,0,0,0.0,206,206.0,352.0,0.7087378640776699,1.0,0,0.0,0.0,0,0,0,0,0,0,1,0,0,0,0,0,0,False
Udacity,Uda-CM,3_09,3,09,vt,vt,tv,2-media-0-interaction,2,1,2,False,False,False,False,False,False,1,0,1,0,0,0,0,0,0,0,0,0,110,0,204,120,0.0,0,0,0.0,230,230.0,340.0,0.4782608695652174,1.0,0,0.0,0.0,0,0,0,0,0,0,1,0,0,0,0,0,0,False
Udacity,Uda-CM,3_10,3,10,vt,vt,tv,2-media-0-interaction,2,1,2,False,False,False,False,False,False,1,0,1,0,0,0,0,0,0,0,0,0,216,0,145,60,0.0,0,0,0.0,276,276.0,492.0,0.782608695652174,1.0,0,0.0,0.0,0,0,0,0,0,0,1,0,0,0,0,0,0,False
Udacity,Uda-CM,3_11,3,11,te,te,et,1-media-1-interaction,2,1,2,True,False,False,False,False,True,0,0,1,1,0,0,0,2,0,0,0,0,0,0,17,60,600.0,0,0,600.0,60,660.0,660.0,0.0,0.09090909090909091,2,0.9090909090909091,0.18181818181818182,0,0,0,1,0,0,0,0,0,0,0,0,0,False
Udacity,Uda-CM,3_12,3,12,tet,tet,et,1-media-1-interaction,3,2,2,True,False,False,False,True,False,0,0,2,1,0,0,0,1,0,0,0,0,0,0,66,60,300.0,0,0,300.0,60,360.0,360.0,0.0,0.16666666666666666,1,0.8333333333333334,0.16666666666666666,0,0,0,1,0,0,0,0,0,0,0,0,0,False
Udacity,Uda-CM,3_13,3,13,v,v,v,1-media-0-interaction,1,0,1,False,False,False,False,False,False,1,0,0,0,0,0,0,0,0,0,0,0,104,0,0,0,0.0,0,0,0.0,104,104.0,208.0,1.0,1.0,0,0.0,0.0,0,0,1,0,0,0,0,0,0,0,0,0,0,False
Udacity,Uda-CM,3_14,3,14,v,v,v,1-media-0-interaction,1,0,1,False,False,False,False,False,False,1,0,0,0,0,0,0,0,0,0,0,0,27,0,0,0,0.0,0,0,0.0,27,27.0,54.0,1.0,1.0,0,0.0,0.0,0,0,1,0,0,0,0,0,0,0,0,0,0,False
Udacity,Uda-CM,3_15,3,15,t,t,t,1-media-0-interaction,1,0,1,False,False,False,False,False,False,0,0,1,0,0,0,0,0,0,0,0,0,0,0,514,240,0.0,0,0,0.0,240,240.0,240.0,0.0,1.0,0,0.0,0.0,0,0,1,0,0,0,0,0,0,0,0,0,0,False
Udacity,Uda-CM,3_16,3,16,vt,vt,tv,2-media-0-interaction,2,1,2,False,False,False,False,False,False,1,0,1,0,0,0,0,0,0,0,0,0,44,0,138,60,0.0,0,0,0.0,104,104.0,148.0,0.4230769230769231,1.0,0,0.0,0.0,0,0,0,0,0,0,1,0,0,0,0,0,0,False
Udacity,Uda-CM,3_17,3,17,vt,vt,tv,2-media-0-interaction,2,1,2,False,False,False,False,False,False,1,0,1,0,0,0,0,0,0,0,0,0,108,0,69,60,0.0,0,0,0.0,168,168.0,276.0,0.6428571428571429,1.0,0,0.0,0.0,0,0,0,0,0,0,1,0,0,0,0,0,0,False
Udacity,Uda-CM,3_18,3,18,v,v,v,1-media-0-interaction,1,0,1,False,False,False,False,False,False,1,0,0,0,0,0,0,0,0,0,0,0,57,0,0,0,0.0,0,0,0.0,57,57.0,114.0,1.0,1.0,0,0.0,0.0,0,0,1,0,0,0,0,0,0,0,0,0,0,False
Udacity,Uda-CM,3_19,3,19,vt,vt,tv,2-media-0-interaction,2,1,2,False,False,False,False,False,False,1,0,1,0,0,0,0,0,0,0,0,0,131,0,112,60,0.0,0,0,0.0,191,191.0,322.0,0.6858638743455497,1.0,0,0.0,0.0,0,0,0,0,0,0,1,0,0,0,0,0,0,False
Udacity,Uda-CM,3_20,3,20,vt,vt,tv,2-media-0-interaction,2,1,2,False,False,False,False,False,False,1,0,1,0,0,0,0,0,0,0,0,0,129,0,75,60,0.0,0,0,0.0,189,189.0,318.0,0.6825396825396826,1.0,0,0.0,0.0,0,0,0,0,0,0,1,0,0,0,0,0,0,False
Udacity,Uda-CM,3_21,3,21,v,v,v,1-media-0-interaction,1,0,1,False,False,False,False,False,False,1,0,0,0,0,0,0,0,0,0,0,0,27,0,0,0,0.0,0,0,0.0,27,27.0,54.0,1.0,1.0,0,0.0,0.0,0,0,1,0,0,0,0,0,0,0,0,0,0,False
Udacity,Uda-CM,3_22,3,22,vt,vt,tv,2-media-0-interaction,2,1,2,False,False,False,False,False,False,1,0,1,0,0,0,0,0,0,0,0,0,102,0,85,60,0.0,0,0,0.0,162,162.0,264.0,0.6296296296296297,1.0,0,0.0,0.0,0,0,0,0,0,0,1,0,0,0,0,0,0,False
Udacity,Uda-CM,3_23,3,23,tet,tet,et,1-media-1-interaction,3,2,2,True,False,False,False,True,False,0,0,2,1,0,0,0,3,0,0,0,0,0,0,62,60,900.0,0,0,900.0,60,960.0,960.0,0.0,0.0625,3,0.9375,0.1875,0,0,0,1,0,0,0,0,0,0,0,0,0,False
Udacity,Uda-CM,3_24,3,24,vt,vt,tv,2-media-0-interaction,2,1,2,False,False,False,False,False,False,1,0,1,0,0,0,0,0,0,0,0,0,246,0,116,60,0.0,0,0,0.0,306,306.0,552.0,0.803921568627451,1.0,0,0.0,0.0,0,0,0,0,0,0,1,0,0,0,0,0,0,False
Udacity,Uda-CM,3_25,3,25,vt,vt,tv,2-media-0-interaction,2,1,2,False,False,False,False,False,False,1,0,1,0,0,0,0,0,0,0,0,0,35,0,83,60,0.0,0,0,0.0,95,95.0,130.0,0.3684210526315789,1.0,0,0.0,0.0,0,0,0,0,0,0,1,0,0,0,0,0,0,False
Udacity,Uda-CM,3_26,3,26,t,t,t,1-media-0-interaction,1,0,1,False,False,False,False,False,False,0,0,1,0,0,0,0,0,0,0,0,0,0,0,353,180,0.0,0,0,0.0,180,180.0,180.0,0.0,1.0,0,0.0,0.0,0,0,1,0,0,0,0,0,0,0,0,0,0,False
Udacity,Uda-JS,1_01,1,01,v,v,v,1-media-0-interaction,1,0,1,False,False,False,False,False,False,1,0,0,0,0,0,0,0,0,0,0,0,64,0,0,0,0.0,0,0,0.0,64,64.0,128.0,1.0,1.0,0,0.0,0.0,0,0,1,0,0,0,0,0,0,0,0,0,0,False
Udacity,Uda-JS,1_02,1,02,vt,vt,tv,2-media-0-interaction,2,1,2,False,False,False,False,False,False,1,0,1,0,0,0,0,0,0,0,0,0,92,0,57,60,0.0,0,0,0.0,152,152.0,244.0,0.6052631578947368,1.0,0,0.0,0.0,0,0,0,0,0,0,1,0,0,0,0,0,0,False
Udacity,Uda-JS,1_03,1,03,vt,vt,tv,2-media-0-interaction,2,1,2,False,False,False,False,False,False,1,0,1,0,0,0,0,0,0,0,0,0,123,0,5,60,0.0,0,0,0.0,183,183.0,306.0,0.6721311475409836,1.0,0,0.0,0.0,0,0,0,0,0,0,1,0,0,0,0,0,0,False
Udacity,Uda-JS,1_04,1,04,t,t,t,1-media-0-interaction,1,0,1,False,False,False,False,False,False,0,0,1,0,0,0,0,0,0,0,0,0,0,0,512,240,0.0,0,0,0.0,240,240.0,240.0,0.0,1.0,0,0.0,0.0,0,0,1,0,0,0,0,0,0,0,0,0,0,False
Udacity,Uda-JS,1_05,1,05,vtv,vtv,tv,2-media-0-interaction,3,2,2,False,False,False,False,False,False,2,0,1,0,0,0,0,0,0,0,0,0,65,0,181,120,0.0,0,0,0.0,185,185.0,250.0,0.35135135135135137,1.0,0,0.0,0.0,0,0,0,0,0,0,1,0,0,0,0,4,0,True
Udacity,Uda-JS,1_06,1,06,tetev,tetev,etv,2-media-1-interaction,5,4,3,True,False,True,False,True,False,1,0,2,2,0,0,0,2,0,0,0,0,8,0,129,60,600.0,0,0,600.0,68,668.0,676.0,0.11764705882352941,0.11242603550295859,2,0.8982035928143712,0.17964071856287425,0,0,0,0,0,0,0,1,0,0,0,8,0,True
Udacity,Uda-JS,1_07,1,07,v,v,v,1-media-0-interaction,1,0,1,False,False,False,False,False,False,1,0,0,0,0,0,0,0,0,0,0,0,36,0,0,0,0.0,0,0,0.0,36,36.0,72.0,1.0,1.0,0,0.0,0.0,0,0,1,0,0,0,0,0,0,0,0,0,0,False
Udacity,Uda-JS,2_01,2,01,v,v,v,1-media-0-interaction,1,0,1,False,False,False,False,False,False,1,0,0,0,0,0,0,0,0,0,0,0,82,0,0,0,0.0,0,0,0.0,82,82.0,164.0,1.0,1.0,0,0.0,0.0,0,0,1,0,0,0,0,0,0,0,0,0,0,False
Udacity,Uda-JS,2_02,2,02,tetet,tetet,et,1-media-1-interaction,5,4,2,True,False,True,False,True,False,0,0,3,2,0,0,0,0,0,2,0,0,0,0,175,120,600.0,0,0,600.0,120,720.0,720.0,0.0,0.16666666666666666,2,0.8333333333333334,0.16666666666666666,0,0,0,1,0,0,0,0,0,0,0,2,0,True
Udacity,Uda-JS,2_03,2,03,e,e,e,0-media-1-interaction,1,0,1,True,True,False,False,False,False,0,0,0,1,0,0,0,0,0,0,0,4,0,0,0,0,480.0,0,0,480.0,0,480.0,480.0,,0.0,4,1.0,0.5,1,0,0,0,0,0,0,0,0,0,0,0,0,False
Udacity,Uda-JS,2_04,2,04,vt,vt,tv,2-media-0-interaction,2,1,2,False,False,False,False,False,False,1,0,1,0,0,0,0,0,0,0,0,0,99,0,142,60,0.0,0,0,0.0,159,159.0,258.0,0.6226415094339622,1.0,0,0.0,0.0,0,0,0,0,0,0,1,0,0,0,0,6,0,True
Udacity,Uda-JS,2_05,2,05,e,e,e,0-media-1-interaction,1,0,1,True,True,False,False,False,False,0,0,0,1,0,0,0,0,1,0,0,0,0,0,0,0,1800.0,0,0,1800.0,0,1800.0,1800.0,,0.0,1,1.0,0.03333333333333333,1,0,0,0,0,0,0,0,0,0,0,0,0,False
Udacity,Uda-JS,2_06,2,06,vt,vt,tv,2-media-0-interaction,2,1,2,False,False,False,False,False,False,1,0,1,0,0,0,0,0,0,0,0,0,72,0,35,60,0.0,0,0,0.0,132,132.0,204.0,0.5454545454545454,1.0,0,0.0,0.0,0,0,0,0,0,0,1,0,0,0,0,0,0,False
Udacity,Uda-JS,2_07,2,07,tee,te,et,1-media-1-interaction,3,1,2,True,False,False,False,False,True,0,0,1,2,0,0,0,3,0,0,0,0,0,0,80,60,900.0,0,0,900.0,60,960.0,960.0,0.0,0.0625,3,0.9375,0.1875,0,0,0,1,0,0,0,0,0,0,0,1,0,True
Udacity,Uda-JS,2_08,2,08,vte,vte,etv,2-media-1-interaction,3,2,3,True,False,False,False,False,True,1,0,1,1,0,0,0,1,0,0,0,0,103,0,215,120,300.0,0,0,300.0,223,523.0,626.0,0.4618834080717489,0.5207667731629393,1,0.5736137667304015,0.1147227533460803,0,0,0,0,0,0,0,1,0,0,0,0,0,False
Udacity,Uda-JS,2_09,2,09,e,e,e,0-media-1-interaction,1,0,1,True,True,False,False,False,False,0,0,0,1,0,0,0,0,1,0,0,0,0,0,0,0,1800.0,0,0,1800.0,0,1800.0,1800.0,,0.0,1,1.0,0.03333333333333333,1,0,0,0,0,0,0,0,0,0,0,0,0,False
Udacity,Uda-JS,2_10,2,10,tvte,tvte,etv,2-media-1-interaction,4,3,3,True,False,False,False,False,True,1,0,2,1,0,0,0,1,0,0,0,0,29,0,123,60,300.0,0,0,300.0,89,389.0,418.0,0.3258426966292135,0.2822966507177033,1,0.7712082262210797,0.15424164524421594,0,0,0,0,0,0,0,1,0,0,0,0,0,False
Udacity,Uda-JS,2_11,2,11,tvtvte,tvtvte,etv,2-media-1-interaction,6,5,3,True,False,False,False,False,True,2,0,3,1,0,0,0,1,0,0,0,0,31,0,378,180,300.0,0,0,300.0,211,511.0,542.0,0.14691943127962084,0.44649446494464945,1,0.5870841487279843,0.11741682974559686,0,0,0,0,0,0,0,1,0,0,0,3,1,True
Udacity,Uda-JS,2_12,2,12,te,te,et,1-media-1-interaction,2,1,2,True,False,False,False,False,True,0,0,1,1,0,0,0,1,0,0,0,0,0,0,282,120,300.0,0,0,300.0,120,420.0,420.0,0.0,0.2857142857142857,1,0.7142857142857143,0.14285714285714285,0,0,0,1,0,0,0,0,0,0,0,13,0,True
Udacity,Uda-JS,2_13,2,13,e,e,e,0-media-1-interaction,1,0,1,True,True,False,False,False,False,0,0,0,1,0,0,0,0,1,0,0,0,0,0,0,0,1800.0,0,0,1800.0,0,1800.0,1800.0,,0.0,1,1.0,0.03333333333333333,1,0,0,0,0,0,0,0,0,0,0,0,0,False
Udacity,Uda-JS,2_14,2,14,e,e,e,0-media-1-interaction,1,0,1,True,True,False,False,False,False,0,0,0,1,0,0,0,0,1,0,0,0,0,0,0,0,1800.0,0,0,1800.0,0,1800.0,1800.0,,0.0,1,1.0,0.03333333333333333,1,0,0,0,0,0,0,0,0,0,0,0,0,False
Udacity,Uda-JS,2_15,2,15,e,e,e,0-media-1-interaction,1,0,1,True,True,False,False,False,False,0,0,0,1,0,0,0,0,1,0,0,0,0,0,0,0,1800.0,0,0,1800.0,0,1800.0,1800.0,,0.0,1,1.0,0.03333333333333333,1,0,0,0,0,0,0,0,0,0,0,0,0,False
Udacity,Uda-JS,2_16,2,16,e,e,e,0-media-1-interaction,1,0,1,True,True,False,False,False,False,0,0,0,1,0,0,0,0,1,0,0,0,0,0,0,0,1800.0,0,0,1800.0,0,1800.0,1800.0,,0.0,1,1.0,0.03333333333333333,1,0,0,0,0,0,0,0,0,0,0,0,0,False
Udacity,Uda-JS,2_17,2,17,vt,vt,tv,2-media-0-interaction,2,1,2,False,False,False,False,False,False,1,0,1,0,0,0,0,0,0,0,0,0,43,0,95,60,0.0,0,0,0.0,103,103.0,146.0,0.4174757281553398,1.0,0,0.0,0.0,0,0,0,0,0,0,1,0,0,0,0,19,0,True
Udacity,Uda-JS,2_18,2,18,e,e,e,0-media-1-interaction,1,0,1,True,True,False,False,False,False,0,0,0,1,0,0,0,0,0,1,0,0,0,0,0,0,300.0,0,0,300.0,0,300.0,300.0,,0.0,1,1.0,0.2,1,0,0,0,0,0,0,0,0,0,0,0,0,False
Udacity,Uda-JS,2_19,2,19,vte,vte,etv,2-media-1-interaction,3,2,3,True,False,False,False,False,True,1,0,1,1,0,0,0,1,0,0,0,0,75,0,57,60,300.0,0,0,300.0,135,435.0,510.0,0.5555555555555556,0.4117647058823529,1,0.6896551724137931,0.13793103448275862,0,0,0,0,0,0,0,1,0,0,0,4,0,True
Udacity,Uda-JS,2_20,2,20,tete,tete,et,1-media-1-interaction,4,3,2,True,False,True,False,True,True,0,0,2,2,0,0,0,2,0,0,0,0,0,0,585,240,600.0,0,0,600.0,240,840.0,840.0,0.0,0.2857142857142857,2,0.7142857142857143,0.14285714285714285,0,0,0,1,0,0,0,0,0,0,0,11,0,True
Udacity,Uda-JS,2_21,2,21,te,te,et,1-media-1-interaction,2,1,2,True,False,False,False,False,True,0,0,1,1,0,0,0,0,1,0,0,0,0,0,118,60,1800.0,0,0,1800.0,60,1860.0,1860.0,0.0,0.03225806451612903,1,0.967741935483871,0.03225806451612903,0,0,0,1,0,0,0,0,0,0,0,2,0,True
Udacity,Uda-JS,2_22,2,22,e,e,e,0-media-1-interaction,1,0,1,True,True,False,False,False,False,0,0,0,1,0,0,0,0,1,0,0,0,0,0,0,0,1800.0,0,0,1800.0,0,1800.0,1800.0,,0.0,1,1.0,0.03333333333333333,1,0,0,0,0,0,0,0,0,0,0,0,0,False
Udacity,Uda-JS,2_23,2,23,e,e,e,0-media-1-interaction,1,0,1,True,True,False,False,False,False,0,0,0,1,0,0,0,0,1,0,0,0,0,0,0,0,1800.0,0,0,1800.0,0,1800.0,1800.0,,0.0,1,1.0,0.03333333333333333,1,0,0,0,0,0,0,0,0,0,0,0,0,False
Udacity,Uda-JS,2_24,2,24,e,e,e,0-media-1-interaction,1,0,1,True,True,False,False,False,False,0,0,0,1,0,0,0,0,1,0,0,0,0,0,0,0,1800.0,0,0,1800.0,0,1800.0,1800.0,,0.0,1,1.0,0.03333333333333333,1,0,0,0,0,0,0,0,0,0,0,0,0,False
Udacity,Uda-JS,2_25,2,25,e,e,e,0-media-1-interaction,1,0,1,True,True,False,False,False,False,0,0,0,1,0,0,0,0,1,0,0,0,0,0,0,0,1800.0,0,0,1800.0,0,1800.0,1800.0,,0.0,1,1.0,0.03333333333333333,1,0,0,0,0,0,0,0,0,0,0,0,0,False
Udacity,Uda-JS,2_26,2,26,v,v,v,1-media-0-interaction,1,0,1,False,False,False,False,False,False,1,0,0,0,0,0,0,0,0,0,0,0,32,0,0,0,0.0,0,0,0.0,32,32.0,64.0,1.0,1.0,0,0.0,0.0,0,0,1,0,0,0,0,0,0,0,0,0,0,False
Udacity,Uda-JS,3_01,3,01,v,v,v,1-media-0-interaction,1,0,1,False,False,False,False,False,False,1,0,0,0,0,0,0,0,0,0,0,0,14,0,0,0,0.0,0,0,0.0,14,14.0,28.0,1.0,1.0,0,0.0,0.0,0,0,1,0,0,0,0,0,0,0,0,0,0,False
Udacity,Uda-JS,3_02,3,02,te,te,et,1-media-1-interaction,2,1,2,True,False,False,False,False,True,0,0,1,1,0,0,0,2,0,0,0,0,0,0,34,60,600.0,0,0,600.0,60,660.0,660.0,0.0,0.09090909090909091,2,0.9090909090909091,0.18181818181818182,0,0,0,1,0,0,0,0,0,0,0,0,0,False
Udacity,Uda-JS,3_03,3,03,v,v,v,1-media-0-interaction,1,0,1,False,False,False,False,False,False,1,0,0,0,0,0,0,0,0,0,0,0,205,0,0,0,0.0,0,0,0.0,205,205.0,410.0,1.0,1.0,0,0.0,0.0,0,0,1,0,0,0,0,0,0,0,0,0,0,False
Udacity,Uda-JS,3_04,3,04,t,t,t,1-media-0-interaction,1,0,1,False,False,False,False,False,False,0,0,1,0,0,0,0,0,0,0,0,0,0,0,190,120,0.0,0,0,0.0,120,120.0,120.0,0.0,1.0,0,0.0,0.0,0,0,1,0,0,0,0,0,0,0,0,12,0,True
Udacity,Uda-JS,3_05,3,05,te,te,et,1-media-1-interaction,2,1,2,True,False,False,False,False,True,0,0,1,1,0,0,0,2,0,0,0,0,0,0,178,120,600.0,0,0,600.0,120,720.0,720.0,0.0,0.16666666666666666,2,0.8333333333333334,0.16666666666666666,0,0,0,1,0,0,0,0,0,0,1,8,0,True
Udacity,Uda-JS,3_06,3,06,e,e,e,0-media-1-interaction,1,0,1,True,True,False,False,False,False,0,0,0,1,0,0,0,0,1,0,0,0,0,0,0,0,1800.0,0,0,1800.0,0,1800.0,1800.0,,0.0,1,1.0,0.03333333333333333,1,0,0,0,0,0,0,0,0,0,0,0,0,False
Udacity,Uda-JS,3_07,3,07,te,te,et,1-media-1-interaction,2,1,2,True,False,False,False,False,True,0,0,1,1,0,0,0,0,1,0,0,0,0,0,50,60,1800.0,0,0,1800.0,60,1860.0,1860.0,0.0,0.03225806451612903,1,0.967741935483871,0.03225806451612903,0,0,0,1,0,0,0,0,0,0,0,0,0,False
Udacity,Uda-JS,3_08,3,08,e,e,e,0-media-1-interaction,1,0,1,True,True,False,False,False,False,0,0,0,1,0,0,0,0,1,0,0,0,0,0,0,0,1800.0,0,0,1800.0,0,1800.0,1800.0,,0.0,1,1.0,0.03333333333333333,1,0,0,0,0,0,0,0,0,0,0,0,0,False
Udacity,Uda-JS,3_09,3,09,v,v,v,1-media-0-interaction,1,0,1,False,False,False,False,False,False,1,0,0,0,0,0,0,0,0,0,0,0,56,0,0,0,0.0,0,0,0.0,56,56.0,112.0,1.0,1.0,0,0.0,0.0,0,0,1,0,0,0,0,0,0,0,0,0,0,False
Udacity,Uda-JS,3_10,3,10,tvteee,tvte,etv,2-media-1-interaction,6,3,3,True,False,False,False,False,True,1,0,2,3,0,0,0,3,0,0,0,0,8,0,299,120,600.0,0,0,600.0,128,728.0,736.0,0.0625,0.18478260869565216,3,0.8241758241758241,0.24725274725274726,0,0,0,0,0,0,0,1,0,0,0,6,1,True
Udacity,Uda-JS,3_11,3,11,vt,vt,tv,2-media-0-interaction,2,1,2,False,False,False,False,False,False,1,0,1,0,0,0,0,0,0,0,0,0,121,0,192,120,0.0,0,0,0.0,241,241.0,362.0,0.5020746887966805,1.0,0,0.0,0.0,0,0,0,0,0,0,1,0,0,0,1,0,2,True
Udacity,Uda-JS,3_12,3,12,e,e,e,0-media-1-interaction,1,0,1,True,True,False,False,False,False,0,0,0,1,0,0,0,0,1,0,0,0,0,0,0,0,1800.0,0,0,1800.0,0,1800.0,1800.0,,0.0,1,1.0,0.03333333333333333,1,0,0,0,0,0,0,0,0,0,0,0,0,False
Udacity,Uda-JS,3_13,3,13,e,e,e,0-media-1-interaction,1,0,1,True,True,False,False,False,False,0,0,0,1,0,0,0,0,1,0,0,0,0,0,0,0,1800.0,0,0,1800.0,0,1800.0,1800.0,,0.0,1,1.0,0.03333333333333333,1,0,0,0,0,0,0,0,0,0,0,0,0,False
Udacity,Uda-JS,3_14,3,14,te,te,et,1-media-1-interaction,2,1,2,True,False,False,False,False,True,0,0,1,1,0,0,0,0,1,0,0,0,0,0,68,60,1800.0,0,0,1800.0,60,1860.0,1860.0,0.0,0.03225806451612903,1,0.967741935483871,0.03225806451612903,0,0,0,1,0,0,0,0,0,0,0,0,1,True
Udacity,Uda-JS,3_15,3,15,v,v,v,1-media-0-interaction,1,0,1,False,False,False,False,False,False,1,0,0,0,0,0,0,0,0,0,0,0,18,0,0,0,0.0,0,0,0.0,18,18.0,36.0,1.0,1.0,0,0.0,0.0,0,0,1,0,0,0,0,0,0,0,0,0,0,False
Udacity,Uda-JS,3_16,3,16,tet,tet,et,1-media-1-interaction,3,2,2,True,False,False,False,True,False,0,0,2,1,0,0,0,1,0,0,0,0,0,0,230,120,300.0,0,0,300.0,120,420.0,420.0,0.0,0.2857142857142857,1,0.7142857142857143,0.14285714285714285,0,0,0,1,0,0,0,0,0,0,0,21,0,True
Udacity,Uda-JS,3_17,3,17,tvte,tvte,etv,2-media-1-interaction,4,3,3,True,False,False,False,False,True,1,0,2,1,0,0,0,1,0,0,0,0,24,0,254,120,300.0,0,0,300.0,144,444.0,468.0,0.16666666666666666,0.358974358974359,1,0.6756756756756757,0.13513513513513511,0,0,0,0,0,0,0,1,0,0,0,12,0,True
Udacity,Uda-JS,3_18,3,18,te,te,et,1-media-1-interaction,2,1,2,True,False,False,False,False,True,0,0,1,1,0,0,0,0,1,0,0,0,0,0,71,60,1800.0,0,0,1800.0,60,1860.0,1860.0,0.0,0.03225806451612903,1,0.967741935483871,0.03225806451612903,0,0,0,1,0,0,0,0,0,0,0,0,0,False
Udacity,Uda-JS,3_19,3,19,vte,vte,etv,2-media-1-interaction,3,2,3,True,False,False,False,False,True,1,0,1,1,0,0,0,1,0,0,0,0,205,0,241,120,300.0,0,0,300.0,325,625.0,830.0,0.6307692307692307,0.6385542168674698,1,0.48,0.096,0,0,0,0,0,0,0,1,0,0,0,52,0,True
Udacity,Uda-JS,3_20,3,20,tvte,tvte,etv,2-media-1-interaction,4,3,3,True,False,False,False,False,True,1,0,2,1,0,0,0,1,0,0,0,0,31,0,189,120,300.0,0,0,300.0,151,451.0,482.0,0.2052980132450331,0.3775933609958506,1,0.6651884700665188,0.13303769401330376,0,0,0,0,0,0,0,1,0,0,0,21,0,True
Udacity,Uda-JS,3_21,3,21,te,te,et,1-media-1-interaction,2,1,2,True,False,False,False,False,True,0,0,1,1,0,0,0,0,1,0,0,0,0,0,147,60,1800.0,0,0,1800.0,60,1860.0,1860.0,0.0,0.03225806451612903,1,0.967741935483871,0.03225806451612903,0,0,0,1,0,0,0,0,0,0,0,0,0,False
Udacity,Uda-JS,3_22,3,22,v,v,v,1-media-0-interaction,1,0,1,False,False,False,False,False,False,1,0,0,0,0,0,0,0,0,0,0,0,50,0,0,0,0.0,0,0,0.0,50,50.0,100.0,1.0,1.0,0,0.0,0.0,0,0,1,0,0,0,0,0,0,0,0,0,0,False
Udacity,Uda-JS,4_01,4,01,v,v,v,1-media-0-interaction,1,0,1,False,False,False,False,False,False,1,0,0,0,0,0,0,0,0,0,0,0,54,0,0,0,0.0,0,0,0.0,54,54.0,108.0,1.0,1.0,0,0.0,0.0,0,0,1,0,0,0,0,0,0,0,0,0,0,False
Udacity,Uda-JS,4_02,4,02,v,v,v,1-media-0-interaction,1,0,1,False,False,False,False,False,False,1,0,0,0,0,0,0,0,0,0,0,0,126,0,0,0,0.0,0,0,0.0,126,126.0,252.0,1.0,1.0,0,0.0,0.0,0,0,1,0,0,0,0,0,0,0,0,0,0,False
Udacity,Uda-JS,4_03,4,03,tvte,tvte,etv,2-media-1-interaction,4,3,3,True,False,False,False,False,True,1,0,2,1,0,0,0,2,0,0,0,0,20,0,363,180,600.0,0,0,600.0,200,800.0,820.0,0.1,0.2682926829268293,2,0.75,0.15,0,0,0,0,0,0,0,1,0,0,0,11,0,True
Udacity,Uda-JS,4_04,4,04,e,e,e,0-media-1-interaction,1,0,1,True,True,False,False,False,False,0,0,0,1,0,0,0,0,1,0,0,0,0,0,0,0,1800.0,0,0,1800.0,0,1800.0,1800.0,,0.0,1,1.0,0.03333333333333333,1,0,0,0,0,0,0,0,0,0,0,0,0,False
Udacity,Uda-JS,4_05,4,05,e,e,e,0-media-1-interaction,1,0,1,True,True,False,False,False,False,0,0,0,1,0,0,0,0,1,0,0,0,0,0,0,0,1800.0,0,0,1800.0,0,1800.0,1800.0,,0.0,1,1.0,0.03333333333333333,1,0,0,0,0,0,0,0,0,0,0,0,0,False
Udacity,Uda-JS,4_06,4,06,e,e,e,0-media-1-interaction,1,0,1,True,True,False,False,False,False,0,0,0,1,0,0,0,0,1,0,0,0,0,0,0,0,1800.0,0,0,1800.0,0,1800.0,1800.0,,0.0,1,1.0,0.03333333333333333,1,0,0,0,0,0,0,0,0,0,0,0,0,False
Udacity,Uda-JS,4_07,4,07,v,v,v,1-media-0-interaction,1,0,1,False,False,False,False,False,False,1,0,0,0,0,0,0,0,0,0,0,0,40,0,0,0,0.0,0,0,0.0,40,40.0,80.0,1.0,1.0,0,0.0,0.0,0,0,1,0,0,0,0,0,0,0,0,0,0,False
Udacity,Uda-JS,4_08,4,08,vt,vt,tv,2-media-0-interaction,2,1,2,False,False,False,False,False,False,1,0,1,0,0,0,0,0,0,0,0,0,213,0,98,60,0.0,0,0,0.0,273,273.0,486.0,0.7802197802197802,1.0,0,0.0,0.0,0,0,0,0,0,0,1,0,0,0,0,6,0,True
Udacity,Uda-JS,4_09,4,09,vte,vte,etv,2-media-1-interaction,3,2,3,True,False,False,False,False,True,1,0,1,1,0,0,0,1,0,0,0,0,201,0,146,60,300.0,0,0,300.0,261,561.0,762.0,0.7701149425287356,0.6062992125984252,1,0.5347593582887701,0.10695187165775401,0,0,0,0,0,0,0,1,0,0,0,10,0,True
Udacity,Uda-JS,4_10,4,10,vt,vt,tv,2-media-0-interaction,2,1,2,False,False,False,False,False,False,1,0,1,0,0,0,0,0,0,0,0,0,198,0,10,60,0.0,0,0,0.0,258,258.0,456.0,0.7674418604651163,1.0,0,0.0,0.0,0,0,0,0,0,0,1,0,0,0,0,6,0,True
Udacity,Uda-JS,4_11,4,11,e,e,e,0-media-1-interaction,1,0,1,True,True,False,False,False,False,0,0,0,1,0,0,0,0,1,0,0,0,0,0,0,0,1800.0,0,0,1800.0,0,1800.0,1800.0,,0.0,1,1.0,0.03333333333333333,1,0,0,0,0,0,0,0,0,0,0,0,0,False
Udacity,Uda-JS,4_12,4,12,e,e,e,0-media-1-interaction,1,0,1,True,True,False,False,False,False,0,0,0,1,0,0,0,0,1,0,0,0,0,0,0,0,1800.0,0,0,1800.0,0,1800.0,1800.0,,0.0,1,1.0,0.03333333333333333,1,0,0,0,0,0,0,0,0,0,0,0,0,False
Udacity,Uda-JS,4_13,4,13,e,e,e,0-media-1-interaction,1,0,1,True,True,False,False,False,False,0,0,0,1,0,0,0,0,1,0,0,0,0,0,0,0,1800.0,0,0,1800.0,0,1800.0,1800.0,,0.0,1,1.0,0.03333333333333333,1,0,0,0,0,0,0,0,0,0,0,0,0,False
Udacity,Uda-JS,4_14,4,14,e,e,e,0-media-1-interaction,1,0,1,True,True,False,False,False,False,0,0,0,1,0,0,0,0,1,0,0,0,0,0,0,0,1800.0,0,0,1800.0,0,1800.0,1800.0,,0.0,1,1.0,0.03333333333333333,1,0,0,0,0,0,0,0,0,0,0,0,0,False
Udacity,Uda-JS,4_15,4,15,e,e,e,0-media-1-interaction,1,0,1,True,True,False,False,False,False,0,0,0,1,0,0,0,0,1,0,0,0,0,0,0,0,1800.0,0,0,1800.0,0,1800.0,1800.0,,0.0,1,1.0,0.03333333333333333,1,0,0,0,0,0,0,0,0,0,0,0,0,False
Udacity,Uda-JS,4_16,4,16,v,v,v,1-media-0-interaction,1,0,1,False,False,False,False,False,False,1,0,0,0,0,0,0,0,0,0,0,0,27,0,0,0,0.0,0,0,0.0,27,27.0,54.0,1.0,1.0,0,0.0,0.0,0,0,1,0,0,0,0,0,0,0,0,0,0,False
Udacity,Uda-JS,5_01,5,01,v,v,v,1-media-0-interaction,1,0,1,False,False,False,False,False,False,1,0,0,0,0,0,0,0,0,0,0,0,140,0,0,0,0.0,0,0,0.0,140,140.0,280.0,1.0,1.0,0,0.0,0.0,0,0,1,0,0,0,0,0,0,0,0,0,0,False
Udacity,Uda-JS,5_02,5,02,v,v,v,1-media-0-interaction,1,0,1,False,False,False,False,False,False,1,0,0,0,0,0,0,0,0,0,0,0,101,0,0,0,0.0,0,0,0.0,101,101.0,202.0,1.0,1.0,0,0.0,0.0,0,0,1,0,0,0,0,0,0,0,0,0,0,False
Udacity,Uda-JS,5_03,5,03,tee,te,et,1-media-1-interaction,3,1,2,True,False,False,False,False,True,0,0,1,2,0,0,0,2,0,0,0,0,0,0,410,180,600.0,0,0,600.0,180,780.0,780.0,0.0,0.23076923076923078,2,0.7692307692307693,0.15384615384615385,0,0,0,1,0,0,0,0,0,0,0,26,0,True
Udacity,Uda-JS,5_04,5,04,t,t,t,1-media-0-interaction,1,0,1,False,False,False,False,False,False,0,0,1,0,0,0,0,0,0,0,0,0,0,0,84,60,0.0,0,0,0.0,60,60.0,60.0,0.0,1.0,0,0.0,0.0,0,0,1,0,0,0,0,0,0,0,0,18,0,True
Udacity,Uda-JS,5_05,5,05,e,e,e,0-media-1-interaction,1,0,1,True,True,False,False,False,False,0,0,0,1,0,0,0,0,1,0,0,0,0,0,0,0,1800.0,0,0,1800.0,0,1800.0,1800.0,,0.0,1,1.0,0.03333333333333333,1,0,0,0,0,0,0,0,0,0,0,0,0,False
Udacity,Uda-JS,5_06,5,06,e,e,e,0-media-1-interaction,1,0,1,True,True,False,False,False,False,0,0,0,1,0,0,0,0,1,0,0,0,0,0,0,0,1800.0,0,0,1800.0,0,1800.0,1800.0,,0.0,1,1.0,0.03333333333333333,1,0,0,0,0,0,0,0,0,0,0,0,0,False
Udacity,Uda-JS,5_07,5,07,vtee,vte,etv,2-media-1-interaction,4,2,3,True,False,False,False,False,True,1,0,1,2,0,0,0,3,0,0,0,0,288,0,134,60,900.0,0,0,900.0,348,1248.0,1536.0,0.8275862068965517,0.4140625,3,0.7211538461538461,0.14423076923076922,0,0,0,0,0,0,0,1,0,0,0,9,0,True
Udacity,Uda-JS,5_08,5,08,te,te,et,1-media-1-interaction,2,1,2,True,False,False,False,False,True,0,0,1,1,0,0,0,1,0,0,0,0,0,0,134,60,300.0,0,0,300.0,60,360.0,360.0,0.0,0.16666666666666666,1,0.8333333333333334,0.16666666666666666,0,0,0,1,0,0,0,0,0,0,0,10,0,True
Udacity,Uda-JS,5_09,5,09,v,v,v,1-media-0-interaction,1,0,1,False,False,False,False,False,False,1,0,0,0,0,0,0,0,0,0,0,0,83,0,0,0,0.0,0,0,0.0,83,83.0,166.0,1.0,1.0,0,0.0,0.0,0,0,1,0,0,0,0,0,0,0,0,0,0,False
Udacity,Uda-JS,5_10,5,10,vte,vte,etv,2-media-1-interaction,3,2,3,True,False,False,False,False,True,1,0,1,1,0,0,0,2,0,0,0,0,119,0,28,60,600.0,0,0,600.0,179,779.0,898.0,0.664804469273743,0.33184855233853006,2,0.7702182284980744,0.1540436456996149,0,0,0,0,0,0,0,1,0,0,0,0,0,False
Udacity,Uda-JS,5_11,5,11,ve,ve,ev,1-media-1-interaction,2,1,2,True,False,False,False,False,True,1,0,0,1,0,0,0,2,0,0,0,0,110,0,0,0,600.0,0,0,600.0,110,710.0,820.0,1.0,0.2682926829268293,2,0.8450704225352113,0.16901408450704225,0,0,0,1,0,0,0,0,0,0,0,0,0,False
Udacity,Uda-JS,5_12,5,12,t,t,t,1-media-0-interaction,1,0,1,False,False,False,False,False,False,0,0,1,0,0,0,0,0,0,0,0,0,0,0,129,60,0.0,0,0,0.0,60,60.0,60.0,0.0,1.0,0,0.0,0.0,0,0,1,0,0,0,0,0,0,0,0,0,0,False
Udacity,Uda-JS,5_13,5,13,t,t,t,1-media-0-interaction,1,0,1,False,False,False,False,False,False,0,0,1,0,0,0,0,0,0,0,0,0,0,0,108,60,0.0,0,0,0.0,60,60.0,60.0,0.0,1.0,0,0.0,0.0,0,0,1,0,0,0,0,0,0,0,0,0,0,False
Udacity,Uda-JS,5_14,5,14,tve,tve,etv,2-media-1-interaction,3,2,3,True,False,False,False,False,True,1,0,1,1,0,0,0,3,0,0,0,0,150,0,41,60,900.0,0,0,900.0,210,1110.0,1260.0,0.7142857142857143,0.2857142857142857,3,0.8108108108108109,0.16216216216216217,0,0,0,0,0,0,0,1,0,0,0,0,0,False
Udacity,Uda-JS,5_15,5,15,t,t,t,1-media-0-interaction,1,0,1,False,False,False,False,False,False,0,0,1,0,0,0,0,0,0,0,0,0,0,0,44,60,0.0,0,0,0.0,60,60.0,60.0,0.0,1.0,0,0.0,0.0,0,0,1,0,0,0,0,0,0,0,0,0,0,False
Udacity,Uda-JS,5_16,5,16,e,e,e,0-media-1-interaction,1,0,1,True,True,False,False,False,False,0,0,0,1,0,0,0,0,1,0,0,0,0,0,0,0,1800.0,0,0,1800.0,0,1800.0,1800.0,,0.0,1,1.0,0.03333333333333333,1,0,0,0,0,0,0,0,0,0,0,0,0,False
Udacity,Uda-JS,5_17,5,17,vtvt,vtvt,tv,2-media-0-interaction,4,3,2,False,False,False,False,False,False,2,0,2,0,0,0,0,0,0,0,0,0,104,0,245,120,0.0,0,0,0.0,224,224.0,328.0,0.4642857142857143,1.0,0,0.0,0.0,0,0,0,0,0,0,1,0,0,0,0,18,0,True
Udacity,Uda-JS,5_18,5,18,tvt,tvt,tv,2-media-0-interaction,3,2,2,False,False,False,False,False,False,1,0,2,0,0,0,0,0,0,0,0,0,30,0,281,120,0.0,0,0,0.0,150,150.0,180.0,0.2,1.0,0,0.0,0.0,0,0,0,0,0,0,1,0,0,0,0,35,0,True
Udacity,Uda-JS,5_19,5,19,t,t,t,1-media-0-interaction,1,0,1,False,False,False,False,False,False,0,0,1,0,0,0,0,0,0,0,0,0,0,0,61,60,0.0,0,0,0.0,60,60.0,60.0,0.0,1.0,0,0.0,0.0,0,0,1,0,0,0,0,0,0,0,0,19,0,True
Udacity,Uda-JS,5_20,5,20,e,e,e,0-media-1-interaction,1,0,1,True,True,False,False,False,False,0,0,0,1,0,0,0,0,1,0,0,0,0,0,0,0,1800.0,0,0,1800.0,0,1800.0,1800.0,,0.0,1,1.0,0.03333333333333333,1,0,0,0,0,0,0,0,0,0,0,0,0,False
Udacity,Uda-JS,5_21,5,21,e,e,e,0-media-1-interaction,1,0,1,True,True,False,False,False,False,0,0,0,1,0,0,0,0,1,0,0,0,0,0,0,0,1800.0,0,0,1800.0,0,1800.0,1800.0,,0.0,1,1.0,0.03333333333333333,1,0,0,0,0,0,0,0,0,0,0,0,0,False
Udacity,Uda-JS,5_22,5,22,e,e,e,0-media-1-interaction,1,0,1,True,True,False,False,False,False,0,0,0,1,0,0,0,0,1,0,0,0,0,0,0,0,1800.0,0,0,1800.0,0,1800.0,1800.0,,0.0,1,1.0,0.03333333333333333,1,0,0,0,0,0,0,0,0,0,0,0,0,False
Udacity,Uda-JS,5_23,5,23,v,v,v,1-media-0-interaction,1,0,1,False,False,False,False,False,False,1,0,0,0,0,0,0,0,0,0,0,0,26,0,0,0,0.0,0,0,0.0,26,26.0,52.0,1.0,1.0,0,0.0,0.0,0,0,1,0,0,0,0,0,0,0,0,0,0,False
Udacity,Uda-JS,6_01,6,01,v,v,v,1-media-0-interaction,1,0,1,False,False,False,False,False,False,1,0,0,0,0,0,0,0,0,0,0,0,80,0,0,0,0.0,0,0,0.0,80,80.0,160.0,1.0,1.0,0,0.0,0.0,0,0,1,0,0,0,0,0,0,0,0,0,0,False
Udacity,Uda-JS,6_02,6,02,vt,vt,tv,2-media-0-interaction,2,1,2,False,False,False,False,False,False,1,0,1,0,0,0,0,0,0,0,0,0,159,0,56,60,0.0,0,0,0.0,219,219.0,378.0,0.726027397260274,1.0,0,0.0,0.0,0,0,0,0,0,0,1,0,0,0,0,0,0,False
Udacity,Uda-JS,6_03,6,03,te,te,et,1-media-1-interaction,2,1,2,True,False,False,False,False,True,0,0,1,1,0,0,0,1,0,0,0,0,0,0,108,60,300.0,0,0,300.0,60,360.0,360.0,0.0,0.16666666666666666,1,0.8333333333333334,0.16666666666666666,0,0,0,1,0,0,0,0,0,0,0,11,0,True
Udacity,Uda-JS,6_04,6,04,v,v,v,1-media-0-interaction,1,0,1,False,False,False,False,False,False,1,0,0,0,0,0,0,0,0,0,0,0,88,0,0,0,0.0,0,0,0.0,88,88.0,176.0,1.0,1.0,0,0.0,0.0,0,0,1,0,0,0,0,0,0,0,0,0,0,False
Udacity,Uda-JS,6_05,6,05,tetvte,tetvte,etv,2-media-1-interaction,6,5,3,True,False,True,False,True,True,1,0,3,2,0,0,0,2,0,0,0,0,13,0,139,60,600.0,0,0,600.0,73,673.0,686.0,0.1780821917808219,0.12536443148688048,2,0.8915304606240714,0.17830609212481427,0,0,0,0,0,0,0,1,0,0,1,5,0,True
Udacity,Uda-JS,6_06,6,06,e,e,e,0-media-1-interaction,1,0,1,True,True,False,False,False,False,0,0,0,1,0,0,0,0,1,0,0,0,0,0,0,0,1800.0,0,0,1800.0,0,1800.0,1800.0,,0.0,1,1.0,0.03333333333333333,1,0,0,0,0,0,0,0,0,0,0,0,0,False
Udacity,Uda-JS,6_07,6,07,e,e,e,0-media-1-interaction,1,0,1,True,True,False,False,False,False,0,0,0,1,0,0,0,0,1,0,0,0,0,0,0,0,1800.0,0,0,1800.0,0,1800.0,1800.0,,0.0,1,1.0,0.03333333333333333,1,0,0,0,0,0,0,0,0,0,0,0,0,False
Udacity,Uda-JS,6_08,6,08,e,e,e,0-media-1-interaction,1,0,1,True,True,False,False,False,False,0,0,0,1,0,0,0,0,1,0,0,0,0,0,0,0,1800.0,0,0,1800.0,0,1800.0,1800.0,,0.0,1,1.0,0.03333333333333333,1,0,0,0,0,0,0,0,0,0,0,0,0,False
Udacity,Uda-JS,6_09,6,09,vt,vt,tv,2-media-0-interaction,2,1,2,False,False,False,False,False,False,1,0,1,0,0,0,0,0,0,0,0,0,108,0,38,60,0.0,0,0,0.0,168,168.0,276.0,0.6428571428571429,1.0,0,0.0,0.0,0,0,0,0,0,0,1,0,0,0,0,0,0,False
Udacity,Uda-JS,6_10,6,10,te,te,et,1-media-1-interaction,2,1,2,True,False,False,False,False,True,0,0,1,1,0,0,0,1,0,0,0,0,0,0,83,60,300.0,0,0,300.0,60,360.0,360.0,0.0,0.16666666666666666,1,0.8333333333333334,0.16666666666666666,0,0,0,1,0,0,0,0,0,0,0,2,0,True
Udacity,Uda-JS,6_11,6,11,tvt,tvt,tv,2-media-0-interaction,3,2,2,False,False,False,False,False,False,1,0,2,0,0,0,0,0,0,0,0,0,17,0,165,120,0.0,0,0,0.0,137,137.0,154.0,0.12408759124087591,1.0,0,0.0,0.0,0,0,0,0,0,0,1,0,0,0,1,4,0,True
Udacity,Uda-JS,6_12,6,12,tvte,tvte,etv,2-media-1-interaction,4,3,3,True,False,False,False,False,True,1,0,2,1,0,0,0,1,0,0,0,0,28,0,84,60,300.0,0,0,300.0,88,388.0,416.0,0.3181818181818182,0.27884615384615385,1,0.7731958762886598,0.15463917525773196,0,0,0,0,0,0,0,1,0,0,0,4,0,True
Udacity,Uda-JS,6_13,6,13,tvte,tvte,etv,2-media-1-interaction,4,3,3,True,False,False,False,False,True,1,0,2,1,0,0,0,1,0,0,0,0,22,0,265,120,300.0,0,0,300.0,142,442.0,464.0,0.15492957746478872,0.35344827586206895,1,0.6787330316742082,0.13574660633484165,0,0,0,0,0,0,0,1,0,0,0,2,0,True
Udacity,Uda-JS,6_14,6,14,e,e,e,0-media-1-interaction,1,0,1,True,True,False,False,False,False,0,0,0,1,0,0,0,0,1,0,0,0,0,0,0,0,1800.0,0,0,1800.0,0,1800.0,1800.0,,0.0,1,1.0,0.03333333333333333,1,0,0,0,0,0,0,0,0,0,0,0,0,False
Udacity,Uda-JS,6_15,6,15,e,e,e,0-media-1-interaction,1,0,1,True,True,False,False,False,False,0,0,0,1,0,0,0,0,1,0,0,0,0,0,0,0,1800.0,0,0,1800.0,0,1800.0,1800.0,,0.0,1,1.0,0.03333333333333333,1,0,0,0,0,0,0,0,0,0,0,0,0,False
Udacity,Uda-JS,6_16,6,16,e,e,e,0-media-1-interaction,1,0,1,True,True,False,False,False,False,0,0,0,1,0,0,0,0,1,0,0,0,0,0,0,0,1800.0,0,0,1800.0,0,1800.0,1800.0,,0.0,1,1.0,0.03333333333333333,1,0,0,0,0,0,0,0,0,0,0,0,0,False
Udacity,Uda-JS,6_17,6,17,eee,e,e,0-media-1-interaction,3,0,1,True,True,False,False,False,False,0,0,0,3,0,0,0,4,0,0,0,0,0,0,0,0,1200.0,0,0,1200.0,0,1200.0,1200.0,,0.0,4,1.0,0.2,1,0,0,0,0,0,0,0,0,0,0,0,0,False
Udacity,Uda-JS,6_18,6,18,t,t,t,1-media-0-interaction,1,0,1,False,False,False,False,False,False,0,0,1,0,0,0,0,0,0,0,0,0,0,0,167,120,0.0,0,0,0.0,120,120.0,120.0,0.0,1.0,0,0.0,0.0,0,0,1,0,0,0,0,0,0,0,0,10,0,True
Udacity,Uda-JS,6_19,6,19,vt,vt,tv,2-media-0-interaction,2,1,2,False,False,False,False,False,False,1,0,1,0,0,0,0,0,0,0,0,0,152,0,281,120,0.0,0,0,0.0,272,272.0,424.0,0.5588235294117647,1.0,0,0.0,0.0,0,0,0,0,0,0,1,0,0,0,0,15,0,True
Udacity,Uda-JS,6_20,6,20,e,e,e,0-media-1-interaction,1,0,1,True,True,False,False,False,False,0,0,0,1,0,0,0,0,1,0,0,0,0,0,0,0,1800.0,0,0,1800.0,0,1800.0,1800.0,,0.0,1,1.0,0.03333333333333333,1,0,0,0,0,0,0,0,0,0,0,0,0,False
Udacity,Uda-JS,6_21,6,21,vt,vt,tv,2-media-0-interaction,2,1,2,False,False,False,False,False,False,1,0,1,0,0,0,0,0,0,0,0,0,80,0,152,120,0.0,0,0,0.0,200,200.0,280.0,0.4,1.0,0,0.0,0.0,0,0,0,0,0,0,1,0,0,0,0,6,0,True
Udacity,Uda-JS,6_22,6,22,e,e,e,0-media-1-interaction,1,0,1,True,True,False,False,False,False,0,0,0,1,0,0,0,0,1,0,0,0,0,0,0,0,1800.0,0,0,1800.0,0,1800.0,1800.0,,0.0,1,1.0,0.03333333333333333,1,0,0,0,0,0,0,0,0,0,0,0,0,False
Udacity,Uda-JS,6_23,6,23,v,v,v,1-media-0-interaction,1,0,1,False,False,False,False,False,False,1,0,0,0,0,0,0,0,0,0,0,0,70,0,0,0,0.0,0,0,0.0,70,70.0,140.0,1.0,1.0,0,0.0,0.0,0,0,1,0,0,0,0,0,0,0,0,0,0,False
Udacity,Uda-JS,6_24,6,24,tvtvt,tvtvt,tv,2-media-0-interaction,5,4,2,False,False,False,False,False,False,2,0,3,0,0,0,0,0,0,0,0,0,45,0,159,120,0.0,0,0,0.0,165,165.0,210.0,0.2727272727272727,1.0,0,0.0,0.0,0,0,0,0,0,0,1,0,0,0,0,20,0,True
Udacity,Uda-JS,6_25,6,25,e,e,e,0-media-1-interaction,1,0,1,True,True,False,False,False,False,0,0,0,1,0,0,0,0,1,0,0,0,0,0,0,0,1800.0,0,0,1800.0,0,1800.0,1800.0,,0.0,1,1.0,0.03333333333333333,1,0,0,0,0,0,0,0,0,0,0,0,0,False
Udacity,Uda-JS,6_26,6,26,v,v,v,1-media-0-interaction,1,0,1,False,False,False,False,False,False,1,0,0,0,0,0,0,0,0,0,0,0,29,0,0,0,0.0,0,0,0.0,29,29.0,58.0,1.0,1.0,0,0.0,0.0,0,0,1,0,0,0,0,0,0,0,0,0,0,False
Udacity,Uda-JS,7_01,7,01,v,v,v,1-media-0-interaction,1,0,1,False,False,False,False,False,False,1,0,0,0,0,0,0,0,0,0,0,0,86,0,0,0,0.0,0,0,0.0,86,86.0,172.0,1.0,1.0,0,0.0,0.0,0,0,1,0,0,0,0,0,0,0,0,0,0,False
Udacity,Uda-JS,7_02,7,02,vt,vt,tv,2-media-0-interaction,2,1,2,False,False,False,False,False,False,1,0,1,0,0,0,0,0,0,0,0,0,99,0,72,60,0.0,0,0,0.0,159,159.0,258.0,0.6226415094339622,1.0,0,0.0,0.0,0,0,0,0,0,0,1,0,0,0,0,4,0,True
Udacity,Uda-JS,7_03,7,03,e,e,e,0-media-1-interaction,1,0,1,True,True,False,False,False,False,0,0,0,1,0,0,0,0,1,0,0,0,0,0,0,0,1800.0,0,0,1800.0,0,1800.0,1800.0,,0.0,1,1.0,0.03333333333333333,1,0,0,0,0,0,0,0,0,0,0,0,0,False
Udacity,Uda-JS,7_04,7,04,v,v,v,1-media-0-interaction,1,0,1,False,False,False,False,False,False,1,0,0,0,0,0,0,0,0,0,0,0,100,0,0,0,0.0,0,0,0.0,100,100.0,200.0,1.0,1.0,0,0.0,0.0,0,0,1,0,0,0,0,0,0,0,0,0,0,False
Udacity,Uda-JS,7_05,7,05,t,t,t,1-media-0-interaction,1,0,1,False,False,False,False,False,False,0,0,1,0,0,0,0,0,0,0,0,0,0,0,240,120,0.0,0,0,0.0,120,120.0,120.0,0.0,1.0,0,0.0,0.0,0,0,1,0,0,0,0,0,0,0,1,22,0,True
Udacity,Uda-JS,7_06,7,06,ve,ve,ev,1-media-1-interaction,2,1,2,True,False,False,False,False,True,1,0,0,1,0,0,0,2,0,0,0,0,282,0,0,0,600.0,0,0,600.0,282,882.0,1164.0,1.0,0.4845360824742268,2,0.6802721088435374,0.1360544217687075,0,0,0,1,0,0,0,0,0,0,0,0,0,False
Udacity,Uda-JS,7_07,7,07,t,t,t,1-media-0-interaction,1,0,1,False,False,False,False,False,False,0,0,1,0,0,0,0,0,0,0,0,0,0,0,115,60,0.0,0,0,0.0,60,60.0,60.0,0.0,1.0,0,0.0,0.0,0,0,1,0,0,0,0,0,0,0,0,14,0,True
Udacity,Uda-JS,7_08,7,08,e,e,e,0-media-1-interaction,1,0,1,True,True,False,False,False,False,0,0,0,1,0,0,0,0,1,0,0,0,0,0,0,0,1800.0,0,0,1800.0,0,1800.0,1800.0,,0.0,1,1.0,0.03333333333333333,1,0,0,0,0,0,0,0,0,0,0,0,0,False
Udacity,Uda-JS,7_09,7,09,e,e,e,0-media-1-interaction,1,0,1,True,True,False,False,False,False,0,0,0,1,0,0,0,0,1,0,0,0,0,0,0,0,1800.0,0,0,1800.0,0,1800.0,1800.0,,0.0,1,1.0,0.03333333333333333,1,0,0,0,0,0,0,0,0,0,0,0,0,False
Udacity,Uda-JS,7_10,7,10,e,e,e,0-media-1-interaction,1,0,1,True,True,False,False,False,False,0,0,0,1,0,0,0,1,0,0,0,0,0,0,0,0,300.0,0,0,300.0,0,300.0,300.0,,0.0,1,1.0,0.2,1,0,0,0,0,0,0,0,0,0,0,0,0,False
Udacity,Uda-JS,7_11,7,11,e,e,e,0-media-1-interaction,1,0,1,True,True,False,False,False,False,0,0,0,1,0,0,0,0,1,0,0,0,0,0,0,0,1800.0,0,0,1800.0,0,1800.0,1800.0,,0.0,1,1.0,0.03333333333333333,1,0,0,0,0,0,0,0,0,0,0,0,0,False
Udacity,Uda-JS,7_12,7,12,e,e,e,0-media-1-interaction,1,0,1,True,True,False,False,False,False,0,0,0,1,0,0,0,0,1,0,0,0,0,0,0,0,1800.0,0,0,1800.0,0,1800.0,1800.0,,0.0,1,1.0,0.03333333333333333,1,0,0,0,0,0,0,0,0,0,0,0,0,False
Udacity,Uda-JS,7_13,7,13,v,v,v,1-media-0-interaction,1,0,1,False,False,False,False,False,False,1,0,0,0,0,0,0,0,0,0,0,0,61,0,0,0,0.0,0,0,0.0,61,61.0,122.0,1.0,1.0,0,0.0,0.0,0,0,1,0,0,0,0,0,0,0,0,0,0,False
Udacity,Uda-RWD,1_01,1,01,v,v,v,1-media-0-interaction,1,0,1,False,False,False,False,False,False,1,0,0,0,0,0,0,0,0,0,0,0,69,0,0,0,0.0,0,0,0.0,69,69.0,138.0,1.0,1.0,0,0.0,0.0,0,0,1,0,0,0,0,0,0,0,0,0,0,False
Udacity,Uda-RWD,1_02,1,02,tev,tev,etv,2-media-1-interaction,3,2,3,True,False,False,False,True,False,1,0,1,1,0,0,0,0,0,0,0,1,21,0,58,60,120.0,0,0,120.0,81,201.0,222.0,0.25925925925925924,0.4594594594594595,1,0.5970149253731343,0.29850746268656714,0,0,0,0,0,0,0,1,0,0,0,0,0,False
Udacity,Uda-RWD,1_03,1,03,v,v,v,1-media-0-interaction,1,0,1,False,False,False,False,False,False,1,0,0,0,0,0,0,0,0,0,0,0,106,0,0,0,0.0,0,0,0.0,106,106.0,212.0,1.0,1.0,0,0.0,0.0,0,0,1,0,0,0,0,0,0,0,0,0,0,False
Udacity,Uda-RWD,1_04,1,04,v,v,v,1-media-0-interaction,1,0,1,False,False,False,False,False,False,1,0,0,0,0,0,0,0,0,0,0,0,44,0,0,0,0.0,0,0,0.0,44,44.0,88.0,1.0,1.0,0,0.0,0.0,0,0,1,0,0,0,0,0,0,0,0,0,0,False
Udacity,Uda-RWD,1_05,1,05,vt,vt,tv,2-media-0-interaction,2,1,2,False,False,False,False,False,False,1,0,1,0,0,0,0,0,0,0,0,0,49,0,11,60,0.0,0,0,0.0,109,109.0,158.0,0.44954128440366975,1.0,0,0.0,0.0,0,0,0,0,0,0,1,0,0,0,0,0,0,False
Udacity,Uda-RWD,1_06,1,06,vt,vt,tv,2-media-0-interaction,2,1,2,False,False,False,False,False,False,1,0,1,0,0,0,0,0,0,0,0,0,84,0,217,120,0.0,0,0,0.0,204,204.0,288.0,0.4117647058823529,1.0,0,0.0,0.0,0,0,0,0,0,0,1,0,0,0,4,0,0,True
Udacity,Uda-RWD,1_07,1,07,v,v,v,1-media-0-interaction,1,0,1,False,False,False,False,False,False,1,0,0,0,0,0,0,0,0,0,0,0,14,0,0,0,0.0,0,0,0.0,14,14.0,28.0,1.0,1.0,0,0.0,0.0,0,0,1,0,0,0,0,0,0,0,0,0,0,False
Udacity,Uda-RWD,1_08,1,08,vt,vt,tv,2-media-0-interaction,2,1,2,False,False,False,False,False,False,1,0,1,0,0,0,0,0,0,0,0,0,55,0,121,60,0.0,0,0,0.0,115,115.0,170.0,0.4782608695652174,1.0,0,0.0,0.0,0,0,0,0,0,0,1,0,0,0,0,0,0,False
Udacity,Uda-RWD,1_09,1,09,vt,vt,tv,2-media-0-interaction,2,1,2,False,False,False,False,False,False,1,0,1,0,0,0,0,0,0,0,0,0,85,0,99,60,0.0,0,0,0.0,145,145.0,230.0,0.5862068965517241,1.0,0,0.0,0.0,0,0,0,0,0,0,1,0,0,0,0,0,0,False
Udacity,Uda-RWD,1_10,1,10,vt,vt,tv,2-media-0-interaction,2,1,2,False,False,False,False,False,False,1,0,1,0,0,0,0,0,0,0,0,0,12,0,64,60,0.0,0,0,0.0,72,72.0,84.0,0.16666666666666666,1.0,0,0.0,0.0,0,0,0,0,0,0,1,0,0,0,0,0,0,False
Udacity,Uda-RWD,1_11,1,11,v,v,v,1-media-0-interaction,1,0,1,False,False,False,False,False,False,1,0,0,0,0,0,0,0,0,0,0,0,26,0,0,0,0.0,0,0,0.0,26,26.0,52.0,1.0,1.0,0,0.0,0.0,0,0,1,0,0,0,0,0,0,0,0,0,0,False
Udacity,Uda-RWD,2_01,2,01,v,v,v,1-media-0-interaction,1,0,1,False,False,False,False,False,False,1,0,0,0,0,0,0,0,0,0,0,0,92,0,0,0,0.0,0,0,0.0,92,92.0,184.0,1.0,1.0,0,0.0,0.0,0,0,1,0,0,0,0,0,0,0,0,0,0,False
Udacity,Uda-RWD,2_02,2,02,v,v,v,1-media-0-interaction,1,0,1,False,False,False,False,False,False,1,0,0,0,0,0,0,0,0,0,0,0,123,0,0,0,0.0,0,0,0.0,123,123.0,246.0,1.0,1.0,0,0.0,0.0,0,0,1,0,0,0,0,0,0,0,0,0,0,False
Udacity,Uda-RWD,2_03,2,03,e,e,e,0-media-1-interaction,1,0,1,True,True,False,False,False,False,0,0,0,1,0,0,0,1,0,0,0,0,0,0,0,0,300.0,0,0,300.0,0,300.0,300.0,,0.0,1,1.0,0.2,1,0,0,0,0,0,0,0,0,0,0,0,0,False
Udacity,Uda-RWD,2_04,2,04,e,e,e,0-media-1-interaction,1,0,1,True,True,False,False,False,False,0,0,0,1,0,0,0,1,0,0,0,0,0,0,0,0,300.0,0,0,300.0,0,300.0,300.0,,0.0,1,1.0,0.2,1,0,0,0,0,0,0,0,0,0,0,0,0,False
Udacity,Uda-RWD,2_05,2,05,e,e,e,0-media-1-interaction,1,0,1,True,True,False,False,False,False,0,0,0,1,0,0,0,1,0,0,0,0,0,0,0,0,300.0,0,0,300.0,0,300.0,300.0,,0.0,1,1.0,0.2,1,0,0,0,0,0,0,0,0,0,0,0,0,False
Udacity,Uda-RWD,2_06,2,06,e,e,e,0-media-1-interaction,1,0,1,True,True,False,False,False,False,0,0,0,1,0,0,0,0,0,0,0,1,0,0,0,0,120.0,0,0,120.0,0,120.0,120.0,,0.0,1,1.0,0.5,1,0,0,0,0,0,0,0,0,0,0,0,0,False
Udacity,Uda-RWD,2_07,2,07,te,te,et,1-media-1-interaction,2,1,2,True,False,False,False,False,True,0,0,1,1,0,0,0,0,0,0,0,4,0,0,24,60,480.0,0,0,480.0,60,540.0,540.0,0.0,0.1111111111111111,4,0.8888888888888888,0.4444444444444444,0,0,0,1,0,0,0,0,0,0,0,0,0,False
Udacity,Uda-RWD,2_08,2,08,vt,vt,tv,2-media-0-interaction,2,1,2,False,False,False,False,False,False,1,0,1,0,0,0,0,0,0,0,0,0,60,0,16,60,0.0,0,0,0.0,120,120.0,180.0,0.5,1.0,0,0.0,0.0,0,0,0,0,0,0,1,0,0,0,0,0,0,False
Udacity,Uda-RWD,2_09,2,09,vet,vet,etv,2-media-1-interaction,3,2,3,True,False,False,False,True,False,1,0,1,1,0,0,0,0,0,0,0,1,41,0,40,60,120.0,0,0,120.0,101,221.0,262.0,0.40594059405940597,0.5419847328244275,1,0.5429864253393665,0.2714932126696833,0,0,0,0,0,0,0,1,0,0,0,1,0,True
Udacity,Uda-RWD,2_10,2,10,v,v,v,1-media-0-interaction,1,0,1,False,False,False,False,False,False,1,0,0,0,0,0,0,0,0,0,0,0,81,0,0,0,0.0,0,0,0.0,81,81.0,162.0,1.0,1.0,0,0.0,0.0,0,0,1,0,0,0,0,0,0,0,0,0,0,False
Udacity,Uda-RWD,2_11,2,11,v,v,v,1-media-0-interaction,1,0,1,False,False,False,False,False,False,1,0,0,0,0,0,0,0,0,0,0,0,47,0,0,0,0.0,0,0,0.0,47,47.0,94.0,1.0,1.0,0,0.0,0.0,0,0,1,0,0,0,0,0,0,0,0,0,0,False
Udacity,Uda-RWD,2_12,2,12,te,te,et,1-media-1-interaction,2,1,2,True,False,False,False,False,True,0,0,1,1,0,0,0,4,0,0,0,0,0,0,41,60,1200.0,0,0,1200.0,60,1260.0,1260.0,0.0,0.047619047619047616,4,0.9523809523809523,0.19047619047619047,0,0,0,1,0,0,0,0,0,0,0,0,0,False
Udacity,Uda-RWD,2_13,2,13,v,v,v,1-media-0-interaction,1,0,1,False,False,False,False,False,False,1,0,0,0,0,0,0,0,0,0,0,0,85,0,0,0,0.0,0,0,0.0,85,85.0,170.0,1.0,1.0,0,0.0,0.0,0,0,1,0,0,0,0,0,0,0,0,0,0,False
Udacity,Uda-RWD,2_14,2,14,e,e,e,0-media-1-interaction,1,0,1,True,True,False,False,False,False,0,0,0,1,0,0,0,1,0,0,0,0,0,0,0,0,300.0,0,0,300.0,0,300.0,300.0,,0.0,1,1.0,0.2,1,0,0,0,0,0,0,0,0,0,0,0,0,False
Udacity,Uda-RWD,2_15,2,15,v,v,v,1-media-0-interaction,1,0,1,False,False,False,False,False,False,1,0,0,0,0,0,0,0,0,0,0,0,103,0,0,0,0.0,0,0,0.0,103,103.0,206.0,1.0,1.0,0,0.0,0.0,0,0,1,0,0,0,0,0,0,0,0,0,0,False
Udacity,Uda-RWD,2_16,2,16,te,te,et,1-media-1-interaction,2,1,2,True,False,False,False,False,True,0,0,1,1,0,0,0,0,1,0,0,0,0,0,179,120,1800.0,0,0,1800.0,120,1920.0,1920.0,0.0,0.0625,1,0.9375,0.03125,0,0,0,1,0,0,0,0,0,0,0,1,0,True
Udacity,Uda-RWD,2_17,2,17,vt,vt,tv,2-media-0-interaction,2,1,2,False,False,False,False,False,False,1,0,1,0,0,0,0,0,0,0,0,0,343,0,227,120,0.0,0,0,0.0,463,463.0,806.0,0.7408207343412527,1.0,0,0.0,0.0,0,0,0,0,0,0,1,0,0,0,0,5,0,True
Udacity,Uda-RWD,2_18,2,18,v,v,v,1-media-0-interaction,1,0,1,False,False,False,False,False,False,1,0,0,0,0,0,0,0,0,0,0,0,20,0,0,0,0.0,0,0,0.0,20,20.0,40.0,1.0,1.0,0,0.0,0.0,0,0,1,0,0,0,0,0,0,0,0,0,0,False
Udacity,Uda-RWD,3_01,3,01,v,v,v,1-media-0-interaction,1,0,1,False,False,False,False,False,False,1,0,0,0,0,0,0,0,0,0,0,0,51,0,0,0,0.0,0,0,0.0,51,51.0,102.0,1.0,1.0,0,0.0,0.0,0,0,1,0,0,0,0,0,0,0,0,0,0,False
Udacity,Uda-RWD,3_02,3,02,v,v,v,1-media-0-interaction,1,0,1,False,False,False,False,False,False,1,0,0,0,0,0,0,0,0,0,0,0,42,0,0,0,0.0,0,0,0.0,42,42.0,84.0,1.0,1.0,0,0.0,0.0,0,0,1,0,0,0,0,0,0,0,0,0,0,False
Udacity,Uda-RWD,3_03,3,03,v,v,v,1-media-0-interaction,1,0,1,False,False,False,False,False,False,1,0,0,0,0,0,0,0,0,0,0,0,62,0,0,0,0.0,0,0,0.0,62,62.0,124.0,1.0,1.0,0,0.0,0.0,0,0,1,0,0,0,0,0,0,0,0,0,0,False
Udacity,Uda-RWD,3_04,3,04,v,v,v,1-media-0-interaction,1,0,1,False,False,False,False,False,False,1,0,0,0,0,0,0,0,0,0,0,0,67,0,0,0,0.0,0,0,0.0,67,67.0,134.0,1.0,1.0,0,0.0,0.0,0,0,1,0,0,0,0,0,0,0,0,0,0,False
Udacity,Uda-RWD,3_05,3,05,v,v,v,1-media-0-interaction,1,0,1,False,False,False,False,False,False,1,0,0,0,0,0,0,0,0,0,0,0,61,0,0,0,0.0,0,0,0.0,61,61.0,122.0,1.0,1.0,0,0.0,0.0,0,0,1,0,0,0,0,0,0,0,0,0,0,False
Udacity,Uda-RWD,3_06,3,06,v,v,v,1-media-0-interaction,1,0,1,False,False,False,False,False,False,1,0,0,0,0,0,0,0,0,0,0,0,42,0,0,0,0.0,0,0,0.0,42,42.0,84.0,1.0,1.0,0,0.0,0.0,0,0,1,0,0,0,0,0,0,0,0,0,0,False
Udacity,Uda-RWD,3_07,3,07,v,v,v,1-media-0-interaction,1,0,1,False,False,False,False,False,False,1,0,0,0,0,0,0,0,0,0,0,0,130,0,0,0,0.0,0,0,0.0,130,130.0,260.0,1.0,1.0,0,0.0,0.0,0,0,1,0,0,0,0,0,0,0,0,0,0,False
Udacity,Uda-RWD,3_08,3,08,vte,vte,etv,2-media-1-interaction,3,2,3,True,False,False,False,False,True,1,0,1,1,0,0,0,0,0,0,0,2,20,0,10,60,240.0,0,0,240.0,80,320.0,340.0,0.25,0.29411764705882354,2,0.75,0.375,0,0,0,0,0,0,0,1,0,0,0,0,0,False
Udacity,Uda-RWD,3_09,3,09,v,v,v,1-media-0-interaction,1,0,1,False,False,False,False,False,False,1,0,0,0,0,0,0,0,0,0,0,0,38,0,0,0,0.0,0,0,0.0,38,38.0,76.0,1.0,1.0,0,0.0,0.0,0,0,1,0,0,0,0,0,0,0,0,0,0,False
Udacity,Uda-RWD,3_10,3,10,v,v,v,1-media-0-interaction,1,0,1,False,False,False,False,False,False,1,0,0,0,0,0,0,0,0,0,0,0,159,0,0,0,0.0,0,0,0.0,159,159.0,318.0,1.0,1.0,0,0.0,0.0,0,0,1,0,0,0,0,0,0,0,0,0,0,False
Udacity,Uda-RWD,3_11,3,11,te,te,et,1-media-1-interaction,2,1,2,True,False,False,False,False,True,0,0,1,1,0,0,0,1,0,0,0,0,0,0,92,60,300.0,0,0,300.0,60,360.0,360.0,0.0,0.16666666666666666,1,0.8333333333333334,0.16666666666666666,0,0,0,1,0,0,0,0,0,0,0,0,0,False
Udacity,Uda-RWD,3_12,3,12,v,v,v,1-media-0-interaction,1,0,1,False,False,False,False,False,False,1,0,0,0,0,0,0,0,0,0,0,0,29,0,0,0,0.0,0,0,0.0,29,29.0,58.0,1.0,1.0,0,0.0,0.0,0,0,1,0,0,0,0,0,0,0,0,0,0,False
Udacity,Uda-RWD,3_13,3,13,te,te,et,1-media-1-interaction,2,1,2,True,False,False,False,False,True,0,0,1,1,0,0,0,0,1,0,0,0,0,0,123,60,1800.0,0,0,1800.0,60,1860.0,1860.0,0.0,0.03225806451612903,1,0.967741935483871,0.03225806451612903,0,0,0,1,0,0,0,0,0,0,1,0,0,True
Udacity,Uda-RWD,3_14,3,14,vt,vt,tv,2-media-0-interaction,2,1,2,False,False,False,False,False,False,1,0,1,0,0,0,0,0,0,0,0,0,70,0,40,60,0.0,0,0,0.0,130,130.0,200.0,0.5384615384615384,1.0,0,0.0,0.0,0,0,0,0,0,0,1,0,0,0,0,0,0,False
Udacity,Uda-RWD,3_15,3,15,vt,vt,tv,2-media-0-interaction,2,1,2,False,False,False,False,False,False,1,0,1,0,0,0,0,0,0,0,0,0,62,0,13,60,0.0,0,0,0.0,122,122.0,184.0,0.5081967213114754,1.0,0,0.0,0.0,0,0,0,0,0,0,1,0,0,0,0,0,0,False
Udacity,Uda-RWD,3_16,3,16,v,v,v,1-media-0-interaction,1,0,1,False,False,False,False,False,False,1,0,0,0,0,0,0,0,0,0,0,0,61,0,0,0,0.0,0,0,0.0,61,61.0,122.0,1.0,1.0,0,0.0,0.0,0,0,1,0,0,0,0,0,0,0,0,0,0,False
Udacity,Uda-RWD,3_17,3,17,v,v,v,1-media-0-interaction,1,0,1,False,False,False,False,False,False,1,0,0,0,0,0,0,0,0,0,0,0,41,0,0,0,0.0,0,0,0.0,41,41.0,82.0,1.0,1.0,0,0.0,0.0,0,0,1,0,0,0,0,0,0,0,0,0,0,False
Udacity,Uda-RWD,3_18,3,18,v,v,v,1-media-0-interaction,1,0,1,False,False,False,False,False,False,1,0,0,0,0,0,0,0,0,0,0,0,94,0,0,0,0.0,0,0,0.0,94,94.0,188.0,1.0,1.0,0,0.0,0.0,0,0,1,0,0,0,0,0,0,0,0,0,0,False
Udacity,Uda-RWD,3_19,3,19,te,te,et,1-media-1-interaction,2,1,2,True,False,False,False,False,True,0,0,1,1,0,0,0,4,0,0,0,0,0,0,45,60,1200.0,0,0,1200.0,60,1260.0,1260.0,0.0,0.047619047619047616,4,0.9523809523809523,0.19047619047619047,0,0,0,1,0,0,0,0,0,0,0,0,0,False
Udacity,Uda-RWD,3_20,3,20,v,v,v,1-media-0-interaction,1,0,1,False,False,False,False,False,False,1,0,0,0,0,0,0,0,0,0,0,0,17,0,0,0,0.0,0,0,0.0,17,17.0,34.0,1.0,1.0,0,0.0,0.0,0,0,1,0,0,0,0,0,0,0,0,0,0,False
Udacity,Uda-RWD,4_01,4,01,v,v,v,1-media-0-interaction,1,0,1,False,False,False,False,False,False,1,0,0,0,0,0,0,0,0,0,0,0,44,0,0,0,0.0,0,0,0.0,44,44.0,88.0,1.0,1.0,0,0.0,0.0,0,0,1,0,0,0,0,0,0,0,0,0,0,False
Udacity,Uda-RWD,4_02,4,02,v,v,v,1-media-0-interaction,1,0,1,False,False,False,False,False,False,1,0,0,0,0,0,0,0,0,0,0,0,137,0,0,0,0.0,0,0,0.0,137,137.0,274.0,1.0,1.0,0,0.0,0.0,0,0,1,0,0,0,0,0,0,0,0,0,0,False
Udacity,Uda-RWD,4_03,4,03,v,v,v,1-media-0-interaction,1,0,1,False,False,False,False,False,False,1,0,0,0,0,0,0,0,0,0,0,0,96,0,0,0,0.0,0,0,0.0,96,96.0,192.0,1.0,1.0,0,0.0,0.0,0,0,1,0,0,0,0,0,0,0,0,0,0,False
Udacity,Uda-RWD,4_04,4,04,te,te,et,1-media-1-interaction,2,1,2,True,False,False,False,False,True,0,0,1,1,0,0,0,5,0,0,0,0,0,0,8,60,1500.0,0,0,1500.0,60,1560.0,1560.0,0.0,0.038461538461538464,5,0.9615384615384616,0.19230769230769232,0,0,0,1,0,0,0,0,0,0,0,0,0,False
Udacity,Uda-RWD,4_05,4,05,tev,tev,etv,2-media-1-interaction,3,2,3,True,False,False,False,True,False,1,0,1,1,0,0,0,4,0,0,0,0,36,0,28,60,1200.0,0,0,1200.0,96,1296.0,1332.0,0.375,0.0990990990990991,4,0.9259259259259259,0.18518518518518517,0,0,0,0,0,0,0,1,0,0,0,0,0,False
Udacity,Uda-RWD,4_06,4,06,te,te,et,1-media-1-interaction,2,1,2,True,False,False,False,False,True,0,0,1,1,0,0,0,0,1,0,0,0,0,0,198,120,1800.0,0,0,1800.0,120,1920.0,1920.0,0.0,0.0625,1,0.9375,0.03125,0,0,0,1,0,0,0,0,0,0,1,0,0,True
Udacity,Uda-RWD,4_07,4,07,v,v,v,1-media-0-interaction,1,0,1,False,False,False,False,False,False,1,0,0,0,0,0,0,0,0,0,0,0,122,0,0,0,0.0,0,0,0.0,122,122.0,244.0,1.0,1.0,0,0.0,0.0,0,0,1,0,0,0,0,0,0,0,0,0,0,False
Udacity,Uda-RWD,4_08,4,08,te,te,et,1-media-1-interaction,2,1,2,True,False,False,False,False,True,0,0,1,1,0,0,0,0,0,1,0,0,0,0,19,60,300.0,0,0,300.0,60,360.0,360.0,0.0,0.16666666666666666,1,0.8333333333333334,0.16666666666666666,0,0,0,1,0,0,0,0,0,0,1,28,0,True
Udacity,Uda-RWD,4_09,4,09,vt,vt,tv,2-media-0-interaction,2,1,2,False,False,False,False,False,False,1,0,1,0,0,0,0,0,0,0,0,0,0,0,147,60,0.0,0,0,0.0,60,60.0,60.0,0.0,1.0,0,0.0,0.0,0,0,0,0,0,0,1,0,0,0,0,17,0,True
Udacity,Uda-RWD,4_10,4,10,te,te,et,1-media-1-interaction,2,1,2,True,False,False,False,False,True,0,0,1,1,0,0,0,1,0,0,0,0,0,0,157,120,300.0,0,0,300.0,120,420.0,420.0,0.0,0.2857142857142857,1,0.7142857142857143,0.14285714285714285,0,0,0,1,0,0,0,0,0,0,0,12,0,True
Udacity,Uda-RWD,4_11,4,11,tetv,tetv,etv,2-media-1-interaction,4,3,3,True,False,False,False,True,False,1,0,2,1,0,0,0,0,1,0,0,0,185,0,244,120,1800.0,0,0,1800.0,305,2105.0,2290.0,0.6065573770491803,0.21397379912663755,1,0.8551068883610451,0.02850356294536817,0,0,0,0,0,0,0,1,0,0,0,0,0,False
Udacity,Uda-RWD,4_12,4,12,v,v,v,1-media-0-interaction,1,0,1,False,False,False,False,False,False,1,0,0,0,0,0,0,0,0,0,0,0,12,0,0,0,0.0,0,0,0.0,12,12.0,24.0,1.0,1.0,0,0.0,0.0,0,0,1,0,0,0,0,0,0,0,0,0,0,False
Udacity,Uda-RWD,5_01,5,01,v,v,v,1-media-0-interaction,1,0,1,False,False,False,False,False,False,1,0,0,0,0,0,0,0,0,0,0,0,34,0,0,0,0.0,0,0,0.0,34,34.0,68.0,1.0,1.0,0,0.0,0.0,0,0,1,0,0,0,0,0,0,0,0,0,0,False
Udacity,Uda-RWD,5_02,5,02,vt,vt,tv,2-media-0-interaction,2,1,2,False,False,False,False,False,False,1,0,1,0,0,0,0,0,0,0,0,0,104,0,30,60,0.0,0,0,0.0,164,164.0,268.0,0.6341463414634146,1.0,0,0.0,0.0,0,0,0,0,0,0,1,0,0,0,0,0,0,False
Udacity,Uda-RWD,5_03,5,03,v,v,v,1-media-0-interaction,1,0,1,False,False,False,False,False,False,1,0,0,0,0,0,0,0,0,0,0,0,26,0,0,0,0.0,0,0,0.0,26,26.0,52.0,1.0,1.0,0,0.0,0.0,0,0,1,0,0,0,0,0,0,0,0,0,0,False
Udacity,Uda-RWD,5_04,5,04,v,v,v,1-media-0-interaction,1,0,1,False,False,False,False,False,False,1,0,0,0,0,0,0,0,0,0,0,0,60,0,0,0,0.0,0,0,0.0,60,60.0,120.0,1.0,1.0,0,0.0,0.0,0,0,1,0,0,0,0,0,0,0,0,0,0,False
Udacity,Uda-RWD,5_05,5,05,te,te,et,1-media-1-interaction,2,1,2,True,False,False,False,False,True,0,0,1,1,0,0,0,0,0,1,0,0,0,0,0,0,300.0,0,0,300.0,0,300.0,300.0,,0.0,1,1.0,0.2,0,0,0,1,0,0,0,0,0,0,0,21,0,True
Udacity,Uda-RWD,5_06,5,06,vt,vt,tv,2-media-0-interaction,2,1,2,False,False,False,False,False,False,1,0,1,0,0,0,0,0,0,0,0,0,114,0,26,60,0.0,0,0,0.0,174,174.0,288.0,0.6551724137931034,1.0,0,0.0,0.0,0,0,0,0,0,0,1,0,0,0,0,0,0,False
Udacity,Uda-RWD,5_07,5,07,vt,vt,tv,2-media-0-interaction,2,1,2,False,False,False,False,False,False,1,0,1,0,0,0,0,0,0,0,0,0,19,0,21,60,0.0,0,0,0.0,79,79.0,98.0,0.24050632911392406,1.0,0,0.0,0.0,0,0,0,0,0,0,1,0,0,0,0,0,0,False
Udacity,Uda-RWD,5_08,5,08,v,v,v,1-media-0-interaction,1,0,1,False,False,False,False,False,False,1,0,0,0,0,0,0,0,0,0,0,0,117,0,0,0,0.0,0,0,0.0,117,117.0,234.0,1.0,1.0,0,0.0,0.0,0,0,1,0,0,0,0,0,0,0,0,0,0,False
Udacity,Uda-RWD,5_09,5,09,v,v,v,1-media-0-interaction,1,0,1,False,False,False,False,False,False,1,0,0,0,0,0,0,0,0,0,0,0,120,0,0,0,0.0,0,0,0.0,120,120.0,240.0,1.0,1.0,0,0.0,0.0,0,0,1,0,0,0,0,0,0,0,0,0,0,False
Udacity,Uda-RWD,5_10,5,10,te,te,et,1-media-1-interaction,2,1,2,True,False,False,False,False,True,0,0,1,1,0,0,0,0,1,0,0,0,0,0,181,120,1800.0,0,0,1800.0,120,1920.0,1920.0,0.0,0.0625,1,0.9375,0.03125,0,0,0,1,0,0,0,0,0,0,0,0,0,False
Udacity,Uda-RWD,5_11,5,11,v,v,v,1-media-0-interaction,1,0,1,False,False,False,False,False,False,1,0,0,0,0,0,0,0,0,0,0,0,39,0,0,0,0.0,0,0,0.0,39,39.0,78.0,1.0,1.0,0,0.0,0.0,0,0,1,0,0,0,0,0,0,0,0,0,0,False
edX,edX-AS,1_01,1,01,v,v,v,1-media-0-interaction,1,0,1,False,False,False,False,False,False,1,0,0,0,0,0,0,0,0,0,0,0,203,0,0,0,0.0,0,0,0.0,203,203.0,406.0,1.0,1.0,0,0.0,0.0,0,0,1,0,0,0,0,0,0,0,0,0,0,False
edX,edX-AS,1_02,1,02,v,v,v,1-media-0-interaction,1,0,1,False,False,False,False,False,False,1,0,0,0,0,0,0,0,0,0,0,0,298,0,0,0,0.0,0,0,0.0,298,298.0,596.0,1.0,1.0,0,0.0,0.0,0,0,1,0,0,0,0,0,0,0,0,0,0,False
edX,edX-AS,1_03,1,03,v,v,v,1-media-0-interaction,1,0,1,False,False,False,False,False,False,1,0,0,0,0,0,0,0,0,0,0,0,542,0,0,0,0.0,0,0,0.0,542,542.0,1084.0,1.0,1.0,0,0.0,0.0,0,0,1,0,0,0,0,0,0,0,0,0,0,False
edX,edX-AS,1_04,1,04,v,v,v,1-media-0-interaction,1,0,1,False,False,False,False,False,False,1,0,0,0,0,0,0,0,0,0,0,0,726,0,0,0,0.0,0,0,0.0,726,726.0,1452.0,1.0,1.0,0,0.0,0.0,0,0,1,0,0,0,0,0,0,0,0,0,0,False
edX,edX-AS,1_05,1,05,t,t,t,1-media-0-interaction,1,0,1,False,False,False,False,False,False,0,0,1,0,0,0,0,0,0,0,0,0,0,0,218,120,0.0,0,0,0.0,120,120.0,120.0,0.0,1.0,0,0.0,0.0,0,0,1,0,0,0,0,0,0,0,0,0,0,False
edX,edX-AS,1_06,1,06,e,e,e,0-media-1-interaction,1,0,1,True,True,False,False,False,False,0,0,0,1,0,0,0,4,0,0,0,0,0,0,0,0,1200.0,0,0,1200.0,0,1200.0,1200.0,,0.0,4,1.0,0.2,1,0,0,0,0,0,0,0,0,0,0,0,0,False
edX,edX-AS,1_07,1,07,v,v,v,1-media-0-interaction,1,0,1,False,False,False,False,False,False,1,0,0,0,0,0,0,0,0,0,0,0,312,0,0,0,0.0,0,0,0.0,312,312.0,624.0,1.0,1.0,0,0.0,0.0,0,0,1,0,0,0,0,0,0,0,0,0,0,False
edX,edX-AS,1_08,1,08,v,v,v,1-media-0-interaction,1,0,1,False,False,False,False,False,False,1,0,0,0,0,0,0,0,0,0,0,0,567,0,0,0,0.0,0,0,0.0,567,567.0,1134.0,1.0,1.0,0,0.0,0.0,0,0,1,0,0,0,0,0,0,0,0,0,0,False
edX,edX-AS,1_09,1,09,v,v,v,1-media-0-interaction,1,0,1,False,False,False,False,False,False,1,0,0,0,0,0,0,0,0,0,0,0,389,0,0,0,0.0,0,0,0.0,389,389.0,778.0,1.0,1.0,0,0.0,0.0,0,0,1,0,0,0,0,0,0,0,0,0,0,False
edX,edX-AS,1_10,1,10,e,e,e,0-media-1-interaction,1,0,1,True,True,False,False,False,False,0,0,0,1,0,0,0,6,0,0,0,0,0,0,0,0,1800.0,0,0,1800.0,0,1800.0,1800.0,,0.0,6,1.0,0.2,1,0,0,0,0,0,0,0,0,0,0,0,0,False
edX,edX-AS,1_11,1,11,v,v,v,1-media-0-interaction,1,0,1,False,False,False,False,False,False,1,0,0,0,0,0,0,0,0,0,0,0,338,0,0,0,0.0,0,0,0.0,338,338.0,676.0,1.0,1.0,0,0.0,0.0,0,0,1,0,0,0,0,0,0,0,0,0,0,False
edX,edX-AS,1_12,1,12,v,v,v,1-media-0-interaction,1,0,1,False,False,False,False,False,False,1,0,0,0,0,0,0,0,0,0,0,0,198,0,0,0,0.0,0,0,0.0,198,198.0,396.0,1.0,1.0,0,0.0,0.0,0,0,1,0,0,0,0,0,0,0,0,0,0,False
edX,edX-AS,1_13,1,13,e,e,e,0-media-1-interaction,1,0,1,True,True,False,False,False,False,0,0,0,1,0,0,0,5,0,0,0,0,0,0,0,0,1500.0,0,0,1500.0,0,1500.0,1500.0,,0.0,5,1.0,0.2,1,0,0,0,0,0,0,0,0,0,0,0,0,False
edX,edX-AS,1_15,1,15,d,d,d,0-media-1-interaction,1,0,1,False,False,False,False,False,False,0,0,0,0,1,0,0,0,0,0,0,0,0,0,0,0,0.0,0,300,300.0,0,300.0,300.0,,0.0,1,1.0,0.2,1,0,0,0,0,0,0,0,0,0,0,0,0,False
edX,edX-AS,2_01,2,01,t,t,t,1-media-0-interaction,1,0,1,False,False,False,False,False,False,0,0,1,0,0,0,0,0,0,0,0,0,0,0,86,60,0.0,0,0,0.0,60,60.0,60.0,0.0,1.0,0,0.0,0.0,0,0,1,0,0,0,0,0,0,0,0,0,0,False
edX,edX-AS,2_02,2,02,v,v,v,1-media-0-interaction,1,0,1,False,False,False,False,False,False,1,0,0,0,0,0,0,0,0,0,0,0,169,0,0,0,0.0,0,0,0.0,169,169.0,338.0,1.0,1.0,0,0.0,0.0,0,0,1,0,0,0,0,0,0,0,0,0,0,False
edX,edX-AS,2_03,2,03,v,v,v,1-media-0-interaction,1,0,1,False,False,False,False,False,False,1,0,0,0,0,0,0,0,0,0,0,0,297,0,0,0,0.0,0,0,0.0,297,297.0,594.0,1.0,1.0,0,0.0,0.0,0,0,1,0,0,0,0,0,0,0,0,0,0,False
edX,edX-AS,2_04,2,04,v,v,v,1-media-0-interaction,1,0,1,False,False,False,False,False,False,1,0,0,0,0,0,0,0,0,0,0,0,491,0,0,0,0.0,0,0,0.0,491,491.0,982.0,1.0,1.0,0,0.0,0.0,0,0,1,0,0,0,0,0,0,0,0,0,0,False
edX,edX-AS,2_05,2,05,t,t,t,1-media-0-interaction,1,0,1,False,False,False,False,False,False,0,0,1,0,0,0,0,0,0,0,0,0,0,0,816,360,0.0,0,0,0.0,360,360.0,360.0,0.0,1.0,0,0.0,0.0,0,0,1,0,0,0,0,0,0,0,0,0,0,False
edX,edX-AS,2_07,2,07,t,t,t,1-media-0-interaction,1,0,1,False,False,False,False,False,False,0,0,1,0,0,0,0,0,0,0,0,0,0,0,115,60,0.0,0,0,0.0,60,60.0,60.0,0.0,1.0,0,0.0,0.0,0,0,1,0,0,0,0,0,0,0,0,0,0,False
edX,edX-AS,2_08,2,08,e,e,e,0-media-1-interaction,1,0,1,True,True,False,False,False,False,0,0,0,1,0,0,0,5,0,0,0,0,0,0,0,0,1500.0,0,0,1500.0,0,1500.0,1500.0,,0.0,5,1.0,0.2,1,0,0,0,0,0,0,0,0,0,0,0,0,False
edX,edX-AS,2_09,2,09,v,v,v,1-media-0-interaction,1,0,1,False,False,False,False,False,False,1,0,0,0,0,0,0,0,0,0,0,0,627,0,0,0,0.0,0,0,0.0,627,627.0,1254.0,1.0,1.0,0,0.0,0.0,0,0,1,0,0,0,0,0,0,0,0,0,0,False
edX,edX-AS,2_10,2,10,t,t,t,1-media-0-interaction,1,0,1,False,False,False,False,False,False,0,0,1,0,0,0,0,0,0,0,0,0,0,0,398,180,0.0,0,0,0.0,180,180.0,180.0,0.0,1.0,0,0.0,0.0,0,0,1,0,0,0,0,0,0,0,0,0,0,False
edX,edX-AS,2_11,2,11,v,v,v,1-media-0-interaction,1,0,1,False,False,False,False,False,False,1,0,0,0,0,0,0,0,0,0,0,0,370,0,0,0,0.0,0,0,0.0,370,370.0,740.0,1.0,1.0,0,0.0,0.0,0,0,1,0,0,0,0,0,0,0,0,0,0,False
edX,edX-AS,2_12,2,12,v,v,v,1-media-0-interaction,1,0,1,False,False,False,False,False,False,1,0,0,0,0,0,0,0,0,0,0,0,435,0,0,0,0.0,0,0,0.0,435,435.0,870.0,1.0,1.0,0,0.0,0.0,0,0,1,0,0,0,0,0,0,0,0,0,0,False
edX,edX-AS,2_13,2,13,t,t,t,1-media-0-interaction,1,0,1,False,False,False,False,False,False,0,0,1,0,0,0,0,0,0,0,0,0,0,0,686,300,0.0,0,0,0.0,300,300.0,300.0,0.0,1.0,0,0.0,0.0,0,0,1,0,0,0,0,0,0,0,0,0,0,False
edX,edX-AS,2_14,2,14,t,t,t,1-media-0-interaction,1,0,1,False,False,False,False,False,False,0,0,1,0,0,0,0,0,0,0,0,0,0,0,157,120,0.0,0,0,0.0,120,120.0,120.0,0.0,1.0,0,0.0,0.0,0,0,1,0,0,0,0,0,0,0,0,0,0,False
edX,edX-AS,2_15,2,15,e,e,e,0-media-1-interaction,1,0,1,True,True,False,False,False,False,0,0,0,1,0,0,0,5,0,0,0,0,0,0,0,0,1500.0,0,0,1500.0,0,1500.0,1500.0,,0.0,5,1.0,0.2,1,0,0,0,0,0,0,0,0,0,0,0,0,False
edX,edX-AS,2_16,2,16,v,v,v,1-media-0-interaction,1,0,1,False,False,False,False,False,False,1,0,0,0,0,0,0,0,0,0,0,0,574,0,0,0,0.0,0,0,0.0,574,574.0,1148.0,1.0,1.0,0,0.0,0.0,0,0,1,0,0,0,0,0,0,0,0,0,0,False
edX,edX-AS,2_17,2,17,v,v,v,1-media-0-interaction,1,0,1,False,False,False,False,False,False,1,0,0,0,0,0,0,0,0,0,0,0,655,0,0,0,0.0,0,0,0.0,655,655.0,1310.0,1.0,1.0,0,0.0,0.0,0,0,1,0,0,0,0,0,0,0,0,0,0,False
edX,edX-AS,2_18,2,18,t,t,t,1-media-0-interaction,1,0,1,False,False,False,False,False,False,0,0,1,0,0,0,0,0,0,0,0,0,0,0,998,420,0.0,0,0,0.0,420,420.0,420.0,0.0,1.0,0,0.0,0.0,0,0,1,0,0,0,0,0,0,0,0,0,0,False
edX,edX-AS,2_19,2,19,v,v,v,1-media-0-interaction,1,0,1,False,False,False,False,False,False,1,0,0,0,0,0,0,0,0,0,0,0,660,0,0,0,0.0,0,0,0.0,660,660.0,1320.0,1.0,1.0,0,0.0,0.0,0,0,1,0,0,0,0,0,0,0,0,0,0,False
edX,edX-AS,2_20,2,20,t,t,t,1-media-0-interaction,1,0,1,False,False,False,False,False,False,0,0,1,0,0,0,0,0,0,0,0,0,0,0,866,360,0.0,0,0,0.0,360,360.0,360.0,0.0,1.0,0,0.0,0.0,0,0,1,0,0,0,0,0,0,0,0,0,0,False
edX,edX-AS,2_21,2,21,t,t,t,1-media-0-interaction,1,0,1,False,False,False,False,False,False,0,0,1,0,0,0,0,0,0,0,0,0,0,0,122,60,0.0,0,0,0.0,60,60.0,60.0,0.0,1.0,0,0.0,0.0,0,0,1,0,0,0,0,0,0,0,0,0,0,False
edX,edX-AS,2_22,2,22,e,e,e,0-media-1-interaction,1,0,1,True,True,False,False,False,False,0,0,0,1,0,0,0,5,0,0,0,0,0,0,0,0,1500.0,0,0,1500.0,0,1500.0,1500.0,,0.0,5,1.0,0.2,1,0,0,0,0,0,0,0,0,0,0,0,0,False
edX,edX-AS,3_01,3,01,t,t,t,1-media-0-interaction,1,0,1,False,False,False,False,False,False,0,0,1,0,0,0,0,0,0,0,0,0,0,0,122,60,0.0,0,0,0.0,60,60.0,60.0,0.0,1.0,0,0.0,0.0,0,0,1,0,0,0,0,0,0,0,0,0,0,False
edX,edX-AS,3_02,3,02,v,v,v,1-media-0-interaction,1,0,1,False,False,False,False,False,False,1,0,0,0,0,0,0,0,0,0,0,0,300,0,0,0,0.0,0,0,0.0,300,300.0,600.0,1.0,1.0,0,0.0,0.0,0,0,1,0,0,0,0,0,0,0,0,0,0,False
edX,edX-AS,3_03,3,03,t,t,t,1-media-0-interaction,1,0,1,False,False,False,False,False,False,0,0,1,0,0,0,0,0,0,0,0,0,0,0,766,360,0.0,0,0,0.0,360,360.0,360.0,0.0,1.0,0,0.0,0.0,0,0,1,0,0,0,0,0,0,0,0,0,0,False
edX,edX-AS,3_04,3,04,v,v,v,1-media-0-interaction,1,0,1,False,False,False,False,False,False,1,0,0,0,0,0,0,0,0,0,0,0,320,0,0,0,0.0,0,0,0.0,320,320.0,640.0,1.0,1.0,0,0.0,0.0,0,0,1,0,0,0,0,0,0,0,0,0,0,False
edX,edX-AS,3_05,3,05,t,t,t,1-media-0-interaction,1,0,1,False,False,False,False,False,False,0,0,1,0,0,0,0,0,0,0,0,0,0,0,124,60,0.0,0,0,0.0,60,60.0,60.0,0.0,1.0,0,0.0,0.0,0,0,1,0,0,0,0,0,0,0,0,0,0,False
edX,edX-AS,3_06,3,06,e,e,e,0-media-1-interaction,1,0,1,True,True,False,False,False,False,0,0,0,1,0,0,0,5,0,0,0,0,0,0,0,0,1500.0,0,0,1500.0,0,1500.0,1500.0,,0.0,5,1.0,0.2,1,0,0,0,0,0,0,0,0,0,0,0,0,False
edX,edX-AS,3_07,3,07,v,v,v,1-media-0-interaction,1,0,1,False,False,False,False,False,False,1,0,0,0,0,0,0,0,0,0,0,0,222,0,0,0,0.0,0,0,0.0,222,222.0,444.0,1.0,1.0,0,0.0,0.0,0,0,1,0,0,0,0,0,0,0,0,0,0,False
edX,edX-AS,3_08,3,08,t,t,t,1-media-0-interaction,1,0,1,False,False,False,False,False,False,0,0,1,0,0,0,0,0,0,0,0,0,0,0,696,300,0.0,0,0,0.0,300,300.0,300.0,0.0,1.0,0,0.0,0.0,0,0,1,0,0,0,0,0,0,0,0,0,0,False
edX,edX-AS,3_09,3,09,v,v,v,1-media-0-interaction,1,0,1,False,False,False,False,False,False,1,0,0,0,0,0,0,0,0,0,0,0,255,0,0,0,0.0,0,0,0.0,255,255.0,510.0,1.0,1.0,0,0.0,0.0,0,0,1,0,0,0,0,0,0,0,0,0,0,False
edX,edX-AS,3_10,3,10,v,v,v,1-media-0-interaction,1,0,1,False,False,False,False,False,False,1,0,0,0,0,0,0,0,0,0,0,0,214,0,0,0,0.0,0,0,0.0,214,214.0,428.0,1.0,1.0,0,0.0,0.0,0,0,1,0,0,0,0,0,0,0,0,0,0,False
edX,edX-AS,3_11,3,11,t,t,t,1-media-0-interaction,1,0,1,False,False,False,False,False,False,0,0,1,0,0,0,0,0,0,0,0,0,0,0,161,120,0.0,0,0,0.0,120,120.0,120.0,0.0,1.0,0,0.0,0.0,0,0,1,0,0,0,0,0,0,0,0,0,0,False
edX,edX-AS,3_12,3,12,e,e,e,0-media-1-interaction,1,0,1,True,True,False,False,False,False,0,0,0,1,0,0,0,5,0,0,0,0,0,0,0,0,1500.0,0,0,1500.0,0,1500.0,1500.0,,0.0,5,1.0,0.2,1,0,0,0,0,0,0,0,0,0,0,0,0,False
edX,edX-AS,3_13,3,13,v,v,v,1-media-0-interaction,1,0,1,False,False,False,False,False,False,1,0,0,0,0,0,0,0,0,0,0,0,282,0,0,0,0.0,0,0,0.0,282,282.0,564.0,1.0,1.0,0,0.0,0.0,0,0,1,0,0,0,0,0,0,0,0,0,0,False
edX,edX-AS,3_14,3,14,v,v,v,1-media-0-interaction,1,0,1,False,False,False,False,False,False,1,0,0,0,0,0,0,0,0,0,0,0,324,0,0,0,0.0,0,0,0.0,324,324.0,648.0,1.0,1.0,0,0.0,0.0,0,0,1,0,0,0,0,0,0,0,0,0,0,False
edX,edX-AS,3_15,3,15,t,t,t,1-media-0-interaction,1,0,1,False,False,False,False,False,False,0,0,1,0,0,0,0,0,0,0,0,0,0,0,660,300,0.0,0,0,0.0,300,300.0,300.0,0.0,1.0,0,0.0,0.0,0,0,1,0,0,0,0,0,0,0,0,0,0,False
edX,edX-AS,3_16,3,16,v,v,v,1-media-0-interaction,1,0,1,False,False,False,False,False,False,1,0,0,0,0,0,0,0,0,0,0,0,367,0,0,0,0.0,0,0,0.0,367,367.0,734.0,1.0,1.0,0,0.0,0.0,0,0,1,0,0,0,0,0,0,0,0,0,0,False
edX,edX-AS,3_17,3,17,t,t,t,1-media-0-interaction,1,0,1,False,False,False,False,False,False,0,0,1,0,0,0,0,0,0,0,0,0,0,0,198,120,0.0,0,0,0.0,120,120.0,120.0,0.0,1.0,0,0.0,0.0,0,0,1,0,0,0,0,0,0,0,0,0,0,False
edX,edX-AS,3_18,3,18,e,e,e,0-media-1-interaction,1,0,1,True,True,False,False,False,False,0,0,0,1,0,0,0,5,0,0,0,0,0,0,0,0,1500.0,0,0,1500.0,0,1500.0,1500.0,,0.0,5,1.0,0.2,1,0,0,0,0,0,0,0,0,0,0,0,0,False
edX,edX-AS,3_20,3,20,d,d,d,0-media-1-interaction,1,0,1,False,False,False,False,False,False,0,0,0,0,1,0,0,0,0,0,0,0,0,0,0,0,0.0,0,300,300.0,0,300.0,300.0,,0.0,1,1.0,0.2,1,0,0,0,0,0,0,0,0,0,0,0,0,False
edX,edX-AS,3_21,3,21,t,t,t,1-media-0-interaction,1,0,1,False,False,False,False,False,False,0,0,1,0,0,0,0,0,0,0,0,0,0,0,44,60,0.0,0,0,0.0,60,60.0,60.0,0.0,1.0,0,0.0,0.0,0,0,1,0,0,0,0,0,0,0,0,0,0,False
edX,edX-IS,1_01,1,01,vpdtptdtv,vpdtptdtv,dptv,2-media-2-interaction,9,8,4,False,False,False,False,False,False,2,0,3,0,2,2,0,0,0,0,0,0,533,0,918,420,0.0,240,600,840.0,953,1793.0,2326.0,0.559286463798531,0.6388650042992261,4,0.46848856664807587,0.13385387618516453,0,0,0,0,0,0,0,0,1,0,1,0,0,True
edX,edX-IS,1_02,1,02,vedvedveedvedte,vedvedvedvedte,detv,2-media-2-interaction,15,13,4,True,False,True,False,True,True,4,0,1,6,4,0,0,5,0,1,0,3,604,0,545,240,2160.0,0,1200,3360.0,844,4204.0,4808.0,0.7156398104265402,0.3011647254575707,13,0.7992388201712655,0.18553758325404376,0,0,0,0,0,0,0,0,1,0,2,0,0,True
edX,edX-IS,1_03,1,03,vedvpd,vedvpd,depv,1-media-3-interaction,6,5,4,True,False,False,False,True,False,2,0,0,1,2,1,0,0,0,6,0,0,408,0,0,0,1800.0,120,600,2520.0,408,2928.0,3336.0,1.0,0.2446043165467626,9,0.860655737704918,0.18442622950819673,0,0,0,0,0,1,0,0,0,0,0,0,0,False
edX,edX-IS,1_04,1,04,vedttedved,vedtedved,detv,2-media-2-interaction,10,8,4,True,False,True,False,True,False,2,0,2,3,3,0,0,2,1,0,0,2,534,0,349,180,2640.0,0,900,3540.0,714,4254.0,4788.0,0.7478991596638656,0.2606516290726817,8,0.8321579689703809,0.11283497884344146,0,0,0,0,0,0,0,0,1,0,1,0,0,True
edX,edX-IS,1_05,1,05,vdtt,vdt,dtv,2-media-1-interaction,4,2,3,False,False,False,False,False,False,1,0,2,0,1,0,0,0,0,0,0,0,106,0,203,120,0.0,0,300,300.0,226,526.0,632.0,0.4690265486725664,0.5253164556962026,1,0.5703422053231939,0.11406844106463877,0,0,0,0,0,0,0,1,0,0,1,0,0,True
edX,edX-IS,2_01,2,01,tvtedvedted,tvtedvedted,detv,2-media-2-interaction,11,10,4,True,False,True,False,True,False,2,0,3,3,3,0,0,0,1,5,0,2,507,0,726,300,3540.0,0,900,4440.0,807,5247.0,5754.0,0.6282527881040892,0.2283628779979145,11,0.8461978273299028,0.12578616352201258,0,0,0,0,0,0,0,0,1,0,9,0,0,True
edX,edX-IS,2_02,2,02,vededeed,vededed,dev,1-media-2-interaction,8,6,3,True,False,True,False,True,False,1,0,0,4,3,0,0,2,2,0,0,2,403,0,0,0,4440.0,0,900,5340.0,403,5743.0,6146.0,1.0,0.13114220631304913,9,0.929827616228452,0.09402751175343897,0,0,0,0,1,0,0,0,0,0,0,0,0,False
edX,edX-IS,2_03,2,03,evedvedtedvedtedted,evedvedtedvedtedted,detv,2-media-2-interaction,19,18,4,True,False,True,True,True,False,3,0,3,7,6,0,0,4,3,0,0,5,1068,0,282,120,7200.0,0,1800,9000.0,1188,10188.0,11256.0,0.898989898989899,0.20042643923240938,18,0.8833922261484098,0.10600706713780918,0,0,0,0,0,0,0,0,1,0,0,0,0,False
edX,edX-IS,2_04,2,04,vedttedtedted,vedtedtedted,detv,2-media-2-interaction,13,11,4,True,False,True,False,True,False,1,0,4,4,4,0,0,1,3,0,0,0,197,0,977,420,5700.0,0,1200,6900.0,617,7517.0,7714.0,0.3192868719611021,0.10552242675654654,8,0.9179193827324731,0.06385526140747638,0,0,0,0,0,0,0,0,1,0,3,0,0,True
edX,edX-IS,2_05,2,05,ved,ved,dev,1-media-2-interaction,3,2,3,True,False,False,False,True,False,1,0,0,1,1,0,0,2,0,0,0,0,209,0,0,0,600.0,0,300,900.0,209,1109.0,1318.0,1.0,0.3171471927162367,3,0.8115419296663661,0.1623083859332732,0,0,0,0,1,0,0,0,0,0,0,0,0,False
edX,edX-IS,2_06,2,06,ttt,t,t,1-media-0-interaction,3,0,1,False,False,False,False,False,False,0,0,3,0,0,0,0,0,0,0,0,0,0,0,1968,840,0.0,0,0,0.0,840,840.0,840.0,0.0,1.0,0,0.0,0.0,0,0,1,0,0,0,0,0,0,0,4,9,0,True
edX,edX-IS,2_07,2,07,vdtt,vdt,dtv,2-media-1-interaction,4,2,3,False,False,False,False,False,False,1,0,2,0,1,0,0,0,0,0,0,0,111,0,89,60,0.0,0,300,300.0,171,471.0,582.0,0.6491228070175439,0.4845360824742268,1,0.6369426751592356,0.12738853503184713,0,0,0,0,0,0,0,1,0,0,1,0,0,True
edX,edX-IS,3_01,3,01,tveed,tved,detv,2-media-2-interaction,5,3,4,True,False,False,False,True,False,1,0,1,2,1,0,0,2,0,1,0,0,370,0,41,60,900.0,0,300,1200.0,430,1630.0,2000.0,0.8604651162790697,0.4,4,0.7361963190184049,0.14723926380368096,0,0,0,0,0,0,0,0,1,0,0,0,0,False
edX,edX-IS,3_02,3,02,vedveedved,vedvedved,dev,1-media-2-interaction,10,8,3,True,False,True,False,True,False,3,0,0,4,3,0,0,3,0,0,0,3,835,0,0,0,1260.0,0,900,2160.0,835,2995.0,3830.0,1.0,0.4360313315926893,9,0.7212020033388982,0.18030050083472454,0,0,0,0,1,0,0,0,0,0,0,0,0,False
edX,edX-IS,3_03,3,03,tttt,t,t,1-media-0-interaction,4,0,1,False,False,False,False,False,False,0,0,4,0,0,0,0,0,0,0,0,0,0,0,972,420,0.0,0,0,0.0,420,420.0,420.0,0.0,1.0,0,0.0,0.0,0,0,1,0,0,0,0,0,0,0,1,0,4,True
edX,edX-IS,3_04,3,04,tetdtedtedtedted,tetdtedtedtedted,det,1-media-2-interaction,16,15,3,True,False,True,False,True,False,0,0,6,5,5,0,0,0,5,0,0,3,0,0,245,120,9000.0,0,1500,10500.0,120,10620.0,10620.0,0.0,0.011299435028248588,13,0.9887005649717514,0.07344632768361582,0,0,0,0,1,0,0,0,0,0,0,0,0,False
edX,edX-IS,3_05,3,05,vdtt,vdt,dtv,2-media-1-interaction,4,2,3,False,False,False,False,False,False,1,0,2,0,1,0,0,0,0,0,0,0,71,0,33,60,0.0,0,300,300.0,131,431.0,502.0,0.5419847328244275,0.40239043824701193,1,0.6960556844547564,0.13921113689095127,0,0,0,0,0,0,0,1,0,0,1,0,0,True
edX,edX-IS,4_01,4,01,tved,tved,detv,2-media-2-interaction,4,3,4,True,False,False,False,True,False,1,0,1,1,1,0,0,6,0,0,0,0,218,0,51,60,1800.0,0,300,2100.0,278,2378.0,2596.0,0.7841726618705036,0.19106317411402157,7,0.8830950378469302,0.17661900756938603,0,0,0,0,0,0,0,0,1,0,0,0,0,False
edX,edX-IS,4_02,4,02,vedveedvpedtedtded,vedvedvpedtedtded,deptv,2-media-3-interaction,18,16,5,True,False,True,False,True,False,3,0,2,6,6,1,0,8,0,0,0,0,1127,0,597,240,2400.0,120,1800,4320.0,1367,5687.0,6814.0,0.8244330651060717,0.3660111535074846,15,0.7596272199753824,0.1582556708282047,0,0,0,0,0,0,0,0,0,1,5,0,0,True
edX,edX-IS,4_03,4,03,teedted,tedted,det,1-media-2-interaction,7,5,3,True,False,True,False,True,False,0,0,2,3,2,0,0,3,0,0,0,0,0,0,739,300,900.0,0,600,1500.0,300,1800.0,1800.0,0.0,0.16666666666666666,5,0.8333333333333334,0.16666666666666666,0,0,0,0,1,0,0,0,0,0,3,1,0,True
edX,edX-IS,4_04,4,04,ved,ved,dev,1-media-2-interaction,3,2,3,True,False,False,False,True,False,1,0,0,1,1,0,0,3,0,0,0,0,502,0,0,0,900.0,0,300,1200.0,502,1702.0,2204.0,1.0,0.455535390199637,4,0.7050528789659224,0.1410105757931845,0,0,0,0,1,0,0,0,0,0,0,0,0,False
edX,edX-IS,4_05,4,05,vdtt,vdt,dtv,2-media-1-interaction,4,2,3,False,False,False,False,False,False,1,0,2,0,1,0,0,0,0,0,0,0,66,0,74,60,0.0,0,300,300.0,126,426.0,492.0,0.5238095238095238,0.3902439024390244,1,0.704225352112676,0.14084507042253522,0,0,0,0,0,0,0,1,0,0,1,0,0,True
edX,edX-IS,5_01,5,01,tvedve,tvedve,detv,2-media-2-interaction,6,5,4,True,False,True,False,True,True,2,0,1,2,1,0,0,6,0,0,0,0,423,0,52,60,1800.0,0,300,2100.0,483,2583.0,3006.0,0.8757763975155279,0.3013972055888224,7,0.8130081300813008,0.1626016260162602,0,0,0,0,0,0,0,0,1,0,0,0,0,False
edX,edX-IS,5_02,5,02,vedvedveeed,vedvedved,dev,1-media-2-interaction,11,8,3,True,False,True,False,True,False,3,0,0,5,3,0,0,3,0,0,0,28,576,0,0,0,4260.0,0,900,5160.0,576,5736.0,6312.0,1.0,0.18250950570342206,34,0.899581589958159,0.3556485355648536,0,0,0,0,1,0,0,0,0,0,0,0,0,False
edX,edX-IS,5_03,5,03,ved,ved,dev,1-media-2-interaction,3,2,3,True,False,False,False,True,False,1,0,0,1,1,0,0,0,0,0,0,20,261,0,0,0,2400.0,0,300,2700.0,261,2961.0,3222.0,1.0,0.16201117318435754,21,0.9118541033434651,0.425531914893617,0,0,0,0,1,0,0,0,0,0,0,0,0,False
edX,edX-IS,5_04,5,04,vdvdtt,vdvdt,dtv,2-media-1-interaction,6,4,3,False,False,False,False,False,False,2,0,2,0,2,0,0,0,0,0,0,0,309,0,141,60,0.0,0,600,600.0,369,969.0,1278.0,0.8373983739837398,0.5305164319248826,2,0.6191950464396285,0.12383900928792571,0,0,0,0,0,0,0,1,0,0,0,0,0,False
edX,edX-IS,6_01,6,01,vtt,vt,tv,2-media-0-interaction,3,1,2,False,False,False,False,False,False,1,0,2,0,0,0,0,0,0,0,0,0,107,0,144,60,0.0,0,0,0.0,167,167.0,274.0,0.6407185628742516,1.0,0,0.0,0.0,0,0,0,0,0,0,1,0,0,0,2,0,0,True
edX,edX-PL,1_01,1,01,vp,vp,pv,1-media-1-interaction,2,1,2,False,False,False,False,False,False,1,0,0,0,0,1,0,0,0,0,0,0,418,0,0,0,0.0,120,0,120.0,418,538.0,956.0,1.0,0.8744769874476988,1,0.22304832713754646,0.11152416356877323,0,0,0,1,0,0,0,0,0,0,0,0,0,False
edX,edX-PL,1_02,1,02,v,v,v,1-media-0-interaction,1,0,1,False,False,False,False,False,False,1,0,0,0,0,0,0,0,0,0,0,0,424,0,0,0,0.0,0,0,0.0,424,424.0,848.0,1.0,1.0,0,0.0,0.0,0,0,1,0,0,0,0,0,0,0,0,0,0,False
edX,edX-PL,1_03,1,03,v,v,v,1-media-0-interaction,1,0,1,False,False,False,False,False,False,1,0,0,0,0,0,0,0,0,0,0,0,345,0,0,0,0.0,0,0,0.0,345,345.0,690.0,1.0,1.0,0,0.0,0.0,0,0,1,0,0,0,0,0,0,0,0,0,0,False
edX,edX-PL,1_04,1,04,e,e,e,0-media-1-interaction,1,0,1,True,True,False,False,False,False,0,0,0,1,0,0,0,3,0,0,0,0,0,0,0,0,900.0,0,0,900.0,0,900.0,900.0,,0.0,3,1.0,0.2,1,0,0,0,0,0,0,0,0,0,0,0,0,False
edX,edX-PL,1_05,1,05,v,v,v,1-media-0-interaction,1,0,1,False,False,False,False,False,False,1,0,0,0,0,0,0,0,0,0,0,0,257,0,0,0,0.0,0,0,0.0,257,257.0,514.0,1.0,1.0,0,0.0,0.0,0,0,1,0,0,0,0,0,0,0,0,0,0,False
edX,edX-PL,1_06,1,06,e,e,e,0-media-1-interaction,1,0,1,True,True,False,False,False,False,0,0,0,1,0,0,0,3,0,0,0,0,0,0,0,0,900.0,0,0,900.0,0,900.0,900.0,,0.0,3,1.0,0.2,1,0,0,0,0,0,0,0,0,0,0,0,0,False
edX,edX-PL,1_07,1,07,vd,vd,dv,1-media-1-interaction,2,1,2,False,False,False,False,False,False,1,0,0,0,1,0,0,0,0,0,0,0,568,0,58,60,0.0,0,300,300.0,628,928.0,1496.0,0.9044585987261147,0.7994652406417112,1,0.3232758620689655,0.06465517241379311,0,0,0,1,0,0,0,0,0,0,0,0,0,False
edX,edX-PL,1_08,1,08,e,e,e,0-media-1-interaction,1,0,1,True,True,False,False,False,False,0,0,0,1,0,0,0,3,0,0,0,0,0,0,0,0,900.0,0,0,900.0,0,900.0,900.0,,0.0,3,1.0,0.2,1,0,0,0,0,0,0,0,0,0,0,0,0,False
edX,edX-PL,1_09,1,09,pppp,p,p,0-media-1-interaction,4,0,1,False,False,False,False,False,False,0,0,0,0,0,4,0,0,0,0,0,0,0,0,0,0,0.0,480,0,480.0,0,480.0,480.0,,0.0,4,1.0,0.5,1,0,0,0,0,0,0,0,0,0,0,0,0,False
edX,edX-PL,1_10,1,10,v,v,v,1-media-0-interaction,1,0,1,False,False,False,False,False,False,1,0,0,0,0,0,0,0,0,0,0,0,126,0,0,0,0.0,0,0,0.0,126,126.0,252.0,1.0,1.0,0,0.0,0.0,0,0,1,0,0,0,0,0,0,0,0,0,0,False
edX,edX-PL,1_11,1,11,v,v,v,1-media-0-interaction,1,0,1,False,False,False,False,False,False,1,0,0,0,0,0,0,0,0,0,0,0,48,0,0,0,0.0,0,0,0.0,48,48.0,96.0,1.0,1.0,0,0.0,0.0,0,0,1,0,0,0,0,0,0,0,0,0,0,False
edX,edX-PL,2_01,2,01,vpv,vpv,pv,1-media-1-interaction,3,2,2,False,False,False,False,False,False,2,0,0,0,0,1,0,0,0,0,0,0,690,0,0,0,0.0,120,0,120.0,690,810.0,1500.0,1.0,0.92,1,0.14814814814814814,0.07407407407407407,0,0,0,1,0,0,0,0,0,0,0,0,0,False
edX,edX-PL,2_02,2,02,eee,e,e,0-media-1-interaction,3,0,1,True,True,False,False,False,False,0,0,0,3,0,0,0,3,0,0,0,0,0,0,0,0,900.0,0,0,900.0,0,900.0,900.0,,0.0,3,1.0,0.2,1,0,0,0,0,0,0,0,0,0,0,0,0,False
edX,edX-PL,2_03,2,03,ev,ev,ev,1-media-1-interaction,2,1,2,True,False,False,True,False,False,1,0,0,1,0,0,0,0,0,0,0,3,377,0,0,0,360.0,0,0,360.0,377,737.0,1114.0,1.0,0.6768402154398564,3,0.48846675712347354,0.24423337856173677,0,0,0,1,0,0,0,0,0,0,0,0,0,False
edX,edX-PL,2_04,2,04,e,e,e,0-media-1-interaction,1,0,1,True,True,False,False,False,False,0,0,0,1,0,0,0,1,0,0,0,0,0,0,0,0,300.0,0,0,300.0,0,300.0,300.0,,0.0,1,1.0,0.2,1,0,0,0,0,0,0,0,0,0,0,0,0,False
edX,edX-PL,2_05,2,05,p,p,p,0-media-1-interaction,1,0,1,False,False,False,False,False,False,0,0,0,0,0,1,0,0,0,0,0,0,0,0,0,0,0.0,120,0,120.0,0,120.0,120.0,,0.0,1,1.0,0.5,1,0,0,0,0,0,0,0,0,0,0,0,0,False
edX,edX-PL,2_06,2,06,v,v,v,1-media-0-interaction,1,0,1,False,False,False,False,False,False,1,0,0,0,0,0,0,0,0,0,0,0,200,0,0,0,0.0,0,0,0.0,200,200.0,400.0,1.0,1.0,0,0.0,0.0,0,0,1,0,0,0,0,0,0,0,0,0,0,False
edX,edX-PL,2_07,2,07,v,v,v,1-media-0-interaction,1,0,1,False,False,False,False,False,False,1,0,0,0,0,0,0,0,0,0,0,0,238,0,0,0,0.0,0,0,0.0,238,238.0,476.0,1.0,1.0,0,0.0,0.0,0,0,1,0,0,0,0,0,0,0,0,0,0,False
edX,edX-PL,2_08,2,08,v,v,v,1-media-0-interaction,1,0,1,False,False,False,False,False,False,1,0,0,0,0,0,0,0,0,0,0,0,457,0,0,0,0.0,0,0,0.0,457,457.0,914.0,1.0,1.0,0,0.0,0.0,0,0,1,0,0,0,0,0,0,0,0,0,0,False
edX,edX-PL,2_09,2,09,ee,e,e,0-media-1-interaction,2,0,1,True,True,False,False,False,False,0,0,0,2,0,0,0,2,0,0,0,0,0,0,0,0,600.0,0,0,600.0,0,600.0,600.0,,0.0,2,1.0,0.2,1,0,0,0,0,0,0,0,0,0,0,0,0,False
edX,edX-PL,2_10,2,10,v,v,v,1-media-0-interaction,1,0,1,False,False,False,False,False,False,1,0,0,0,0,0,0,0,0,0,0,0,209,0,0,0,0.0,0,0,0.0,209,209.0,418.0,1.0,1.0,0,0.0,0.0,0,0,1,0,0,0,0,0,0,0,0,0,0,False
edX,edX-PL,3_01,3,01,vvvvv,v,v,1-media-0-interaction,5,0,1,False,False,False,False,False,False,5,0,0,0,0,0,0,0,0,0,0,0,1191,0,0,0,0.0,0,0,0.0,1191,1191.0,2382.0,1.0,1.0,0,0.0,0.0,0,0,1,0,0,0,0,0,0,0,0,0,0,False
edX,edX-PL,3_02,3,02,v,v,v,1-media-0-interaction,1,0,1,False,False,False,False,False,False,1,0,0,0,0,0,0,0,0,0,0,0,303,0,0,0,0.0,0,0,0.0,303,303.0,606.0,1.0,1.0,0,0.0,0.0,0,0,1,0,0,0,0,0,0,0,0,0,0,False
edX,edX-PL,3_03,3,03,eee,e,e,0-media-1-interaction,3,0,1,True,True,False,False,False,False,0,0,0,3,0,0,0,7,0,0,0,0,0,0,0,0,2100.0,0,0,2100.0,0,2100.0,2100.0,,0.0,7,1.0,0.2,1,0,0,0,0,0,0,0,0,0,0,0,0,False
edX,edX-PL,3_04,3,04,v,v,v,1-media-0-interaction,1,0,1,False,False,False,False,False,False,1,0,0,0,0,0,0,0,0,0,0,0,345,0,0,0,0.0,0,0,0.0,345,345.0,690.0,1.0,1.0,0,0.0,0.0,0,0,1,0,0,0,0,0,0,0,0,0,0,False
edX,edX-PL,3_05,3,05,eeee,e,e,0-media-1-interaction,4,0,1,True,True,False,False,False,False,0,0,0,4,0,0,0,4,0,0,0,0,0,0,0,0,1200.0,0,0,1200.0,0,1200.0,1200.0,,0.0,4,1.0,0.2,1,0,0,0,0,0,0,0,0,0,0,0,0,False
edX,edX-PL,3_06,3,06,vv,v,v,1-media-0-interaction,2,0,1,False,False,False,False,False,False,2,0,0,0,0,0,0,0,0,0,0,0,406,0,0,0,0.0,0,0,0.0,406,406.0,812.0,1.0,1.0,0,0.0,0.0,0,0,1,0,0,0,0,0,0,0,0,0,0,False
edX,edX-PL,3_07,3,07,e,e,e,0-media-1-interaction,1,0,1,True,True,False,False,False,False,0,0,0,1,0,0,0,2,0,0,0,0,0,0,0,0,600.0,0,0,600.0,0,600.0,600.0,,0.0,2,1.0,0.2,1,0,0,0,0,0,0,0,0,0,0,0,0,False
edX,edX-PL,3_08,3,08,v,v,v,1-media-0-interaction,1,0,1,False,False,False,False,False,False,1,0,0,0,0,0,0,0,0,0,0,0,249,0,0,0,0.0,0,0,0.0,249,249.0,498.0,1.0,1.0,0,0.0,0.0,0,0,1,0,0,0,0,0,0,0,0,0,0,False
edX,edX-PL,3_09,3,09,v,v,v,1-media-0-interaction,1,0,1,False,False,False,False,False,False,1,0,0,0,0,0,0,0,0,0,0,0,78,0,0,0,0.0,0,0,0.0,78,78.0,156.0,1.0,1.0,0,0.0,0.0,0,0,1,0,0,0,0,0,0,0,0,0,0,False
edX,edX-PL,4_01,4,01,vv,v,v,1-media-0-interaction,2,0,1,False,False,False,False,False,False,2,0,0,0,0,0,0,0,0,0,0,0,368,0,0,0,0.0,0,0,0.0,368,368.0,736.0,1.0,1.0,0,0.0,0.0,0,0,1,0,0,0,0,0,0,0,0,0,0,False
edX,edX-PL,4_02,4,02,eee,e,e,0-media-1-interaction,3,0,1,True,True,False,False,False,False,0,0,0,3,0,0,0,3,0,0,0,0,0,0,0,0,900.0,0,0,900.0,0,900.0,900.0,,0.0,3,1.0,0.2,1,0,0,0,0,0,0,0,0,0,0,0,0,False
edX,edX-PL,4_03,4,03,vv,v,v,1-media-0-interaction,2,0,1,False,False,False,False,False,False,2,0,0,0,0,0,0,0,0,0,0,0,799,0,0,0,0.0,0,0,0.0,799,799.0,1598.0,1.0,1.0,0,0.0,0.0,0,0,1,0,0,0,0,0,0,0,0,0,0,False
edX,edX-PL,4_04,4,04,ee,e,e,0-media-1-interaction,2,0,1,True,True,False,False,False,False,0,0,0,2,0,0,0,2,0,0,0,0,0,0,0,0,600.0,0,0,600.0,0,600.0,600.0,,0.0,2,1.0,0.2,1,0,0,0,0,0,0,0,0,0,0,0,0,False
edX,edX-PL,4_05,4,05,v,v,v,1-media-0-interaction,1,0,1,False,False,False,False,False,False,1,0,0,0,0,0,0,0,0,0,0,0,210,0,0,0,0.0,0,0,0.0,210,210.0,420.0,1.0,1.0,0,0.0,0.0,0,0,1,0,0,0,0,0,0,0,0,0,0,False
edX,edX-PL,4_06,4,06,ee,e,e,0-media-1-interaction,2,0,1,True,True,False,False,False,False,0,0,0,2,0,0,0,2,0,0,0,0,0,0,0,0,600.0,0,0,600.0,0,600.0,600.0,,0.0,2,1.0,0.2,1,0,0,0,0,0,0,0,0,0,0,0,0,False
edX,edX-PL,4_07,4,07,vv,v,v,1-media-0-interaction,2,0,1,False,False,False,False,False,False,2,0,0,0,0,0,0,0,0,0,0,0,569,0,0,0,0.0,0,0,0.0,569,569.0,1138.0,1.0,1.0,0,0.0,0.0,0,0,1,0,0,0,0,0,0,0,0,0,0,False
edX,edX-PL,4_08,4,08,eeee,e,e,0-media-1-interaction,4,0,1,True,True,False,False,False,False,0,0,0,4,0,0,0,4,0,0,0,0,0,0,0,0,1200.0,0,0,1200.0,0,1200.0,1200.0,,0.0,4,1.0,0.2,1,0,0,0,0,0,0,0,0,0,0,0,0,False
edX,edX-PL,4_09,4,09,v,v,v,1-media-0-interaction,1,0,1,False,False,False,False,False,False,1,0,0,0,0,0,0,0,0,0,0,0,198,0,0,0,0.0,0,0,0.0,198,198.0,396.0,1.0,1.0,0,0.0,0.0,0,0,1,0,0,0,0,0,0,0,0,0,0,False
edX,edX-PL,4_10,4,10,eeee,e,e,0-media-1-interaction,4,0,1,True,True,False,False,False,False,0,0,0,4,0,0,0,4,0,0,0,0,0,0,0,0,1200.0,0,0,1200.0,0,1200.0,1200.0,,0.0,4,1.0,0.2,1,0,0,0,0,0,0,0,0,0,0,0,0,False
edX,edX-PL,4_11,4,11,v,v,v,1-media-0-interaction,1,0,1,False,False,False,False,False,False,1,0,0,0,0,0,0,0,0,0,0,0,222,0,0,0,0.0,0,0,0.0,222,222.0,444.0,1.0,1.0,0,0.0,0.0,0,0,1,0,0,0,0,0,0,0,0,0,0,False
edX,edX-PL,4_12,4,12,eee,e,e,0-media-1-interaction,3,0,1,True,True,False,False,False,False,0,0,0,3,0,0,0,3,0,0,0,0,0,0,0,0,900.0,0,0,900.0,0,900.0,900.0,,0.0,3,1.0,0.2,1,0,0,0,0,0,0,0,0,0,0,0,0,False
edX,edX-PL,4_13,4,13,v,v,v,1-media-0-interaction,1,0,1,False,False,False,False,False,False,1,0,0,0,0,0,0,0,0,0,0,0,392,0,0,0,0.0,0,0,0.0,392,392.0,784.0,1.0,1.0,0,0.0,0.0,0,0,1,0,0,0,0,0,0,0,0,0,0,False
edX,edX-PL,4_14,4,14,v,v,v,1-media-0-interaction,1,0,1,False,False,False,False,False,False,1,0,0,0,0,0,0,0,0,0,0,0,445,0,0,0,0.0,0,0,0.0,445,445.0,890.0,1.0,1.0,0,0.0,0.0,0,0,1,0,0,0,0,0,0,0,0,0,0,False
edX,edX-PL,4_15,4,15,v,v,v,1-media-0-interaction,1,0,1,False,False,False,False,False,False,1,0,0,0,0,0,0,0,0,0,0,0,554,0,0,0,0.0,0,0,0.0,554,554.0,1108.0,1.0,1.0,0,0.0,0.0,0,0,1,0,0,0,0,0,0,0,0,0,0,False
edX,edX-PL,4_17,4,17,t,t,t,1-media-0-interaction,1,0,1,False,False,False,False,False,False,0,0,1,0,0,0,0,0,0,0,0,0,0,0,105,60,0.0,0,0,0.0,60,60.0,60.0,0.0,1.0,0,0.0,0.0,0,0,1,0,0,0,0,0,0,0,0,0,0,False
edX,edX-PL,4_18,4,18,ppd,pd,dp,0-media-2-interaction,3,1,2,False,False,False,False,False,False,0,0,0,0,1,2,0,0,0,0,0,0,0,0,0,0,0.0,240,300,540.0,0,540.0,540.0,,0.0,3,1.0,0.3333333333333333,0,1,0,0,0,0,0,0,0,0,0,0,0,False
edX,edX-PL,4_19,4,19,t,t,t,1-media-0-interaction,1,0,1,False,False,False,False,False,False,0,0,1,0,0,0,0,0,0,0,0,0,0,0,47,60,0.0,0,0,0.0,60,60.0,60.0,0.0,1.0,0,0.0,0.0,0,0,1,0,0,0,0,0,0,0,0,0,0,False
edX,edX-PL,5_01,5,01,v,v,v,1-media-0-interaction,1,0,1,False,False,False,False,False,False,1,0,0,0,0,0,0,0,0,0,0,0,606,0,0,0,0.0,0,0,0.0,606,606.0,1212.0,1.0,1.0,0,0.0,0.0,0,0,1,0,0,0,0,0,0,0,0,0,0,False
edX,edX-PL,5_02,5,02,eeeppp,ep,ep,0-media-2-interaction,6,1,2,True,False,False,True,False,False,0,0,0,3,0,3,0,8,0,0,0,0,0,0,0,0,2400.0,360,0,2760.0,0,2760.0,2760.0,,0.0,11,1.0,0.2391304347826087,0,1,0,0,0,0,0,0,0,0,0,0,0,False
edX,edX-PL,5_03,5,03,d,d,d,0-media-1-interaction,1,0,1,False,False,False,False,False,False,0,0,0,0,1,0,0,0,0,0,0,0,0,0,0,0,0.0,0,300,300.0,0,300.0,300.0,,0.0,1,1.0,0.2,1,0,0,0,0,0,0,0,0,0,0,0,0,False
edX,edX-PL,5_04,5,04,v,v,v,1-media-0-interaction,1,0,1,False,False,False,False,False,False,1,0,0,0,0,0,0,0,0,0,0,0,110,0,0,0,0.0,0,0,0.0,110,110.0,220.0,1.0,1.0,0,0.0,0.0,0,0,1,0,0,0,0,0,0,0,0,0,0,False
edX,edX-PL,5_05,5,05,e,e,e,0-media-1-interaction,1,0,1,True,True,False,False,False,False,0,0,0,1,0,0,0,1,0,0,0,0,0,0,0,0,300.0,0,0,300.0,0,300.0,300.0,,0.0,1,1.0,0.2,1,0,0,0,0,0,0,0,0,0,0,0,0,False
edX,edX-PL,5_06,5,06,v,v,v,1-media-0-interaction,1,0,1,False,False,False,False,False,False,1,0,0,0,0,0,0,0,0,0,0,0,262,0,0,0,0.0,0,0,0.0,262,262.0,524.0,1.0,1.0,0,0.0,0.0,0,0,1,0,0,0,0,0,0,0,0,0,0,False
edX,edX-PL,5_07,5,07,eeee,e,e,0-media-1-interaction,4,0,1,True,True,False,False,False,False,0,0,0,4,0,0,0,4,0,0,0,0,0,0,0,0,1200.0,0,0,1200.0,0,1200.0,1200.0,,0.0,4,1.0,0.2,1,0,0,0,0,0,0,0,0,0,0,0,0,False
edX,edX-PL,5_08,5,08,v,v,v,1-media-0-interaction,1,0,1,False,False,False,False,False,False,1,0,0,0,0,0,0,0,0,0,0,0,331,0,0,0,0.0,0,0,0.0,331,331.0,662.0,1.0,1.0,0,0.0,0.0,0,0,1,0,0,0,0,0,0,0,0,0,0,False
edX,edX-PL,5_09,5,09,eee,e,e,0-media-1-interaction,3,0,1,True,True,False,False,False,False,0,0,0,3,0,0,0,3,0,0,0,0,0,0,0,0,900.0,0,0,900.0,0,900.0,900.0,,0.0,3,1.0,0.2,1,0,0,0,0,0,0,0,0,0,0,0,0,False
edX,edX-PL,5_10,5,10,v,v,v,1-media-0-interaction,1,0,1,False,False,False,False,False,False,1,0,0,0,0,0,0,0,0,0,0,0,304,0,0,0,0.0,0,0,0.0,304,304.0,608.0,1.0,1.0,0,0.0,0.0,0,0,1,0,0,0,0,0,0,0,0,0,0,False
edX,edX-PL,5_11,5,11,ee,e,e,0-media-1-interaction,2,0,1,True,True,False,False,False,False,0,0,0,2,0,0,0,1,0,1,0,0,0,0,0,0,600.0,0,0,600.0,0,600.0,600.0,,0.0,2,1.0,0.2,1,0,0,0,0,0,0,0,0,0,0,0,0,False
edX,edX-PL,5_12,5,12,v,v,v,1-media-0-interaction,1,0,1,False,False,False,False,False,False,1,0,0,0,0,0,0,0,0,0,0,0,617,0,0,0,0.0,0,0,0.0,617,617.0,1234.0,1.0,1.0,0,0.0,0.0,0,0,1,0,0,0,0,0,0,0,0,0,0,False
edX,edX-PL,5_13,5,13,ee,e,e,0-media-1-interaction,2,0,1,True,True,False,False,False,False,0,0,0,2,0,0,0,1,0,1,0,0,0,0,0,0,600.0,0,0,600.0,0,600.0,600.0,,0.0,2,1.0,0.2,1,0,0,0,0,0,0,0,0,0,0,0,0,False
edX,edX-PL,5_14,5,14,v,v,v,1-media-0-interaction,1,0,1,False,False,False,False,False,False,1,0,0,0,0,0,0,0,0,0,0,0,209,0,0,0,0.0,0,0,0.0,209,209.0,418.0,1.0,1.0,0,0.0,0.0,0,0,1,0,0,0,0,0,0,0,0,0,0,False
edX,edX-PL,5_15,5,15,ee,e,e,0-media-1-interaction,2,0,1,True,True,False,False,False,False,0,0,0,2,0,0,0,2,0,0,0,0,0,0,0,0,600.0,0,0,600.0,0,600.0,600.0,,0.0,2,1.0,0.2,1,0,0,0,0,0,0,0,0,0,0,0,0,False
edX,edX-PL,5_16,5,16,v,v,v,1-media-0-interaction,1,0,1,False,False,False,False,False,False,1,0,0,0,0,0,0,0,0,0,0,0,175,0,0,0,0.0,0,0,0.0,175,175.0,350.0,1.0,1.0,0,0.0,0.0,0,0,1,0,0,0,0,0,0,0,0,0,0,False
edX,edX-PL,5_17,5,17,v,v,v,1-media-0-interaction,1,0,1,False,False,False,False,False,False,1,0,0,0,0,0,0,0,0,0,0,0,56,0,0,0,0.0,0,0,0.0,56,56.0,112.0,1.0,1.0,0,0.0,0.0,0,0,1,0,0,0,0,0,0,0,0,0,0,False
edX,edX-PL,5_19,5,19,d,d,d,0-media-1-interaction,1,0,1,False,False,False,False,False,False,0,0,0,0,1,0,0,0,0,0,0,0,0,0,0,0,0.0,0,300,300.0,0,300.0,300.0,,0.0,1,1.0,0.2,1,0,0,0,0,0,0,0,0,0,0,0,0,False
edX,edX-PL,6_01,6,01,v,v,v,1-media-0-interaction,1,0,1,False,False,False,False,False,False,1,0,0,0,0,0,0,0,0,0,0,0,212,0,0,0,0.0,0,0,0.0,212,212.0,424.0,1.0,1.0,0,0.0,0.0,0,0,1,0,0,0,0,0,0,0,0,0,0,False
edX,edX-PL,6_02,6,02,ee,e,e,0-media-1-interaction,2,0,1,True,True,False,False,False,False,0,0,0,2,0,0,0,2,0,0,0,0,0,0,0,0,600.0,0,0,600.0,0,600.0,600.0,,0.0,2,1.0,0.2,1,0,0,0,0,0,0,0,0,0,0,0,0,False
edX,edX-PL,6_03,6,03,v,v,v,1-media-0-interaction,1,0,1,False,False,False,False,False,False,1,0,0,0,0,0,0,0,0,0,0,0,329,0,0,0,0.0,0,0,0.0,329,329.0,658.0,1.0,1.0,0,0.0,0.0,0,0,1,0,0,0,0,0,0,0,0,0,0,False
edX,edX-PL,6_04,6,04,ee,e,e,0-media-1-interaction,2,0,1,True,True,False,False,False,False,0,0,0,2,0,0,0,5,0,0,0,0,0,0,0,0,1500.0,0,0,1500.0,0,1500.0,1500.0,,0.0,5,1.0,0.2,1,0,0,0,0,0,0,0,0,0,0,0,0,False
edX,edX-PL,6_05,6,05,vv,v,v,1-media-0-interaction,2,0,1,False,False,False,False,False,False,2,0,0,0,0,0,0,0,0,0,0,0,284,0,0,0,0.0,0,0,0.0,284,284.0,568.0,1.0,1.0,0,0.0,0.0,0,0,1,0,0,0,0,0,0,0,0,0,0,False
edX,edX-PL,6_06,6,06,v,v,v,1-media-0-interaction,1,0,1,False,False,False,False,False,False,1,0,0,0,0,0,0,0,0,0,0,0,163,0,0,0,0.0,0,0,0.0,163,163.0,326.0,1.0,1.0,0,0.0,0.0,0,0,1,0,0,0,0,0,0,0,0,0,0,False
edX,edX-PL,6_07,6,07,ed,ed,de,0-media-2-interaction,2,1,2,True,False,False,True,False,False,0,0,0,1,1,0,0,1,0,0,0,0,0,0,0,0,300.0,0,300,600.0,0,600.0,600.0,,0.0,2,1.0,0.2,0,1,0,0,0,0,0,0,0,0,0,0,0,False
edX,edX-PL,6_08,6,08,v,v,v,1-media-0-interaction,1,0,1,False,False,False,False,False,False,1,0,0,0,0,0,0,0,0,0,0,0,62,0,0,0,0.0,0,0,0.0,62,62.0,124.0,1.0,1.0,0,0.0,0.0,0,0,1,0,0,0,0,0,0,0,0,0,0,False
edX,edX-PL,6_09,6,09,ee,e,e,0-media-1-interaction,2,0,1,True,True,False,False,False,False,0,0,0,2,0,0,0,6,0,0,0,0,0,0,0,0,1800.0,0,0,1800.0,0,1800.0,1800.0,,0.0,6,1.0,0.2,1,0,0,0,0,0,0,0,0,0,0,0,0,False
edX,edX-PL,6_10,6,10,v,v,v,1-media-0-interaction,1,0,1,False,False,False,False,False,False,1,0,0,0,0,0,0,0,0,0,0,0,362,0,0,0,0.0,0,0,0.0,362,362.0,724.0,1.0,1.0,0,0.0,0.0,0,0,1,0,0,0,0,0,0,0,0,0,0,False
edX,edX-PL,6_11,6,11,v,v,v,1-media-0-interaction,1,0,1,False,False,False,False,False,False,1,0,0,0,0,0,0,0,0,0,0,0,508,0,0,0,0.0,0,0,0.0,508,508.0,1016.0,1.0,1.0,0,0.0,0.0,0,0,1,0,0,0,0,0,0,0,0,0,0,False
edX,edX-PL,6_12,6,12,eep,ep,ep,0-media-2-interaction,3,1,2,True,False,False,True,False,False,0,0,0,2,0,1,0,2,0,0,0,0,0,0,0,0,600.0,120,0,720.0,0,720.0,720.0,,0.0,3,1.0,0.25,0,1,0,0,0,0,0,0,0,0,0,0,0,False
edX,edX-PL,6_13,6,13,v,v,v,1-media-0-interaction,1,0,1,False,False,False,False,False,False,1,0,0,0,0,0,0,0,0,0,0,0,209,0,0,0,0.0,0,0,0.0,209,209.0,418.0,1.0,1.0,0,0.0,0.0,0,0,1,0,0,0,0,0,0,0,0,0,0,False
edX,edX-PL,6_14,6,14,eee,e,e,0-media-1-interaction,3,0,1,True,True,False,False,False,False,0,0,0,3,0,0,0,6,0,0,0,0,0,0,0,0,1800.0,0,0,1800.0,0,1800.0,1800.0,,0.0,6,1.0,0.2,1,0,0,0,0,0,0,0,0,0,0,0,0,False
edX,edX-PL,6_15,6,15,tv,tv,tv,2-media-0-interaction,2,1,2,False,False,False,False,False,False,1,0,1,0,0,0,0,0,0,0,0,0,49,0,327,180,0.0,0,0,0.0,229,229.0,278.0,0.21397379912663755,1.0,0,0.0,0.0,0,0,0,0,0,0,1,0,0,0,1,0,0,True
edX,edX-PL,6_17,6,17,t,t,t,1-media-0-interaction,1,0,1,False,False,False,False,False,False,0,0,1,0,0,0,0,0,0,0,0,0,0,0,160,120,0.0,0,0,0.0,120,120.0,120.0,0.0,1.0,0,0.0,0.0,0,0,1,0,0,0,0,0,0,0,0,0,0,False
edX,edX-PL,7_01,7,01,v,v,v,1-media-0-interaction,1,0,1,False,False,False,False,False,False,1,0,0,0,0,0,0,0,0,0,0,0,257,0,0,0,0.0,0,0,0.0,257,257.0,514.0,1.0,1.0,0,0.0,0.0,0,0,1,0,0,0,0,0,0,0,0,0,0,False
edX,edX-PL,7_02,7,02,v,v,v,1-media-0-interaction,1,0,1,False,False,False,False,False,False,1,0,0,0,0,0,0,0,0,0,0,0,469,0,0,0,0.0,0,0,0.0,469,469.0,938.0,1.0,1.0,0,0.0,0.0,0,0,1,0,0,0,0,0,0,0,0,0,0,False
edX,edX-PL,7_03,7,03,e,e,e,0-media-1-interaction,1,0,1,True,True,False,False,False,False,0,0,0,1,0,0,0,4,0,0,0,0,0,0,0,0,1200.0,0,0,1200.0,0,1200.0,1200.0,,0.0,4,1.0,0.2,1,0,0,0,0,0,0,0,0,0,0,0,0,False
edX,edX-PL,7_04,7,04,d,d,d,0-media-1-interaction,1,0,1,False,False,False,False,False,False,0,0,0,0,1,0,0,0,0,0,0,0,0,0,0,0,0.0,0,300,300.0,0,300.0,300.0,,0.0,1,1.0,0.2,1,0,0,0,0,0,0,0,0,0,0,0,0,False
edX,edX-PL,7_05,7,05,v,v,v,1-media-0-interaction,1,0,1,False,False,False,False,False,False,1,0,0,0,0,0,0,0,0,0,0,0,177,0,0,0,0.0,0,0,0.0,177,177.0,354.0,1.0,1.0,0,0.0,0.0,0,0,1,0,0,0,0,0,0,0,0,0,0,False
edX,edX-PL,7_06,7,06,eee,e,e,0-media-1-interaction,3,0,1,True,True,False,False,False,False,0,0,0,3,0,0,0,3,0,0,0,0,0,0,0,0,900.0,0,0,900.0,0,900.0,900.0,,0.0,3,1.0,0.2,1,0,0,0,0,0,0,0,0,0,0,0,0,False
edX,edX-PL,7_07,7,07,v,v,v,1-media-0-interaction,1,0,1,False,False,False,False,False,False,1,0,0,0,0,0,0,0,0,0,0,0,440,0,0,0,0.0,0,0,0.0,440,440.0,880.0,1.0,1.0,0,0.0,0.0,0,0,1,0,0,0,0,0,0,0,0,0,0,False
edX,edX-PL,7_08,7,08,eee,e,e,0-media-1-interaction,3,0,1,True,True,False,False,False,False,0,0,0,3,0,0,0,3,0,0,0,0,0,0,0,0,900.0,0,0,900.0,0,900.0,900.0,,0.0,3,1.0,0.2,1,0,0,0,0,0,0,0,0,0,0,0,0,False
edX,edX-PL,7_09,7,09,v,v,v,1-media-0-interaction,1,0,1,False,False,False,False,False,False,1,0,0,0,0,0,0,0,0,0,0,0,534,0,0,0,0.0,0,0,0.0,534,534.0,1068.0,1.0,1.0,0,0.0,0.0,0,0,1,0,0,0,0,0,0,0,0,0,0,False
edX,edX-PL,7_10,7,10,ee,e,e,0-media-1-interaction,2,0,1,True,True,False,False,False,False,0,0,0,2,0,0,0,2,0,0,0,0,0,0,0,0,600.0,0,0,600.0,0,600.0,600.0,,0.0,2,1.0,0.2,1,0,0,0,0,0,0,0,0,0,0,0,0,False
edX,edX-PL,7_11,7,11,v,v,v,1-media-0-interaction,1,0,1,False,False,False,False,False,False,1,0,0,0,0,0,0,0,0,0,0,0,344,0,0,0,0.0,0,0,0.0,344,344.0,688.0,1.0,1.0,0,0.0,0.0,0,0,1,0,0,0,0,0,0,0,0,0,0,False
edX,edX-PL,7_12,7,12,e,e,e,0-media-1-interaction,1,0,1,True,True,False,False,False,False,0,0,0,1,0,0,0,3,0,0,0,0,0,0,0,0,900.0,0,0,900.0,0,900.0,900.0,,0.0,3,1.0,0.2,1,0,0,0,0,0,0,0,0,0,0,0,0,False
edX,edX-PL,7_13,7,13,v,v,v,1-media-0-interaction,1,0,1,False,False,False,False,False,False,1,0,0,0,0,0,0,0,0,0,0,0,499,0,0,0,0.0,0,0,0.0,499,499.0,998.0,1.0,1.0,0,0.0,0.0,0,0,1,0,0,0,0,0,0,0,0,0,0,False
edX,edX-PL,7_14,7,14,e,e,e,0-media-1-interaction,1,0,1,True,True,False,False,False,False,0,0,0,1,0,0,0,1,0,0,0,0,0,0,0,0,300.0,0,0,300.0,0,300.0,300.0,,0.0,1,1.0,0.2,1,0,0,0,0,0,0,0,0,0,0,0,0,False
edX,edX-PL,7_15,7,15,vv,v,v,1-media-0-interaction,2,0,1,False,False,False,False,False,False,2,0,0,0,0,0,0,0,0,0,0,0,813,0,0,0,0.0,0,0,0.0,813,813.0,1626.0,1.0,1.0,0,0.0,0.0,0,0,1,0,0,0,0,0,0,0,0,0,0,False
edX,edX-PL,7_16,7,16,ee,e,e,0-media-1-interaction,2,0,1,True,True,False,False,False,False,0,0,0,2,0,0,0,2,0,0,0,0,0,0,0,0,600.0,0,0,600.0,0,600.0,600.0,,0.0,2,1.0,0.2,1,0,0,0,0,0,0,0,0,0,0,0,0,False
edX,edX-PL,7_17,7,17,v,v,v,1-media-0-interaction,1,0,1,False,False,False,False,False,False,1,0,0,0,0,0,0,0,0,0,0,0,279,0,0,0,0.0,0,0,0.0,279,279.0,558.0,1.0,1.0,0,0.0,0.0,0,0,1,0,0,0,0,0,0,0,0,0,0,False
edX,edX-PL,7_18,7,18,e,e,e,0-media-1-interaction,1,0,1,True,True,False,False,False,False,0,0,0,1,0,0,0,1,0,0,0,0,0,0,0,0,300.0,0,0,300.0,0,300.0,300.0,,0.0,1,1.0,0.2,1,0,0,0,0,0,0,0,0,0,0,0,0,False
edX,edX-PL,7_19,7,19,v,v,v,1-media-0-interaction,1,0,1,False,False,False,False,False,False,1,0,0,0,0,0,0,0,0,0,0,0,89,0,0,0,0.0,0,0,0.0,89,89.0,178.0,1.0,1.0,0,0.0,0.0,0,0,1,0,0,0,0,0,0,0,0,0,0,False
edX,edX-PL,8_01,8,01,v,v,v,1-media-0-interaction,1,0,1,False,False,False,False,False,False,1,0,0,0,0,0,0,0,0,0,0,0,142,0,0,0,0.0,0,0,0.0,142,142.0,284.0,1.0,1.0,0,0.0,0.0,0,0,1,0,0,0,0,0,0,0,0,0,0,False
edX,edX-PL,8_02,8,02,ppd,pd,dp,0-media-2-interaction,3,1,2,False,False,False,False,False,False,0,0,0,0,1,2,0,0,0,0,0,0,0,0,0,0,0.0,240,300,540.0,0,540.0,540.0,,0.0,3,1.0,0.3333333333333333,0,1,0,0,0,0,0,0,0,0,0,0,0,False
edX,edX-PL,8_03,8,03,v,v,v,1-media-0-interaction,1,0,1,False,False,False,False,False,False,1,0,0,0,0,0,0,0,0,0,0,0,433,0,0,0,0.0,0,0,0.0,433,433.0,866.0,1.0,1.0,0,0.0,0.0,0,0,1,0,0,0,0,0,0,0,0,0,0,False
edX,edX-PL,8_04,8,04,pd,pd,dp,0-media-2-interaction,2,1,2,False,False,False,False,False,False,0,0,0,0,1,1,0,0,0,0,0,0,0,0,0,0,0.0,120,300,420.0,0,420.0,420.0,,0.0,2,1.0,0.2857142857142857,0,1,0,0,0,0,0,0,0,0,0,0,0,False
edX,edX-PL,8_05,8,05,vd,vd,dv,1-media-1-interaction,2,1,2,False,False,False,False,False,False,1,0,0,0,1,0,0,0,0,0,0,0,762,0,0,0,0.0,0,300,300.0,762,1062.0,1824.0,1.0,0.8355263157894737,1,0.2824858757062147,0.05649717514124294,0,0,0,1,0,0,0,0,0,0,0,0,0,False
edX,edX-PL,8_06,8,06,p,p,p,0-media-1-interaction,1,0,1,False,False,False,False,False,False,0,0,0,0,0,1,0,0,0,0,0,0,0,0,0,0,0.0,120,0,120.0,0,120.0,120.0,,0.0,1,1.0,0.5,1,0,0,0,0,0,0,0,0,0,0,0,0,False
edX,edX-PL,8_07,8,07,v,v,v,1-media-0-interaction,1,0,1,False,False,False,False,False,False,1,0,0,0,0,0,0,0,0,0,0,0,152,0,0,0,0.0,0,0,0.0,152,152.0,304.0,1.0,1.0,0,0.0,0.0,0,0,1,0,0,0,0,0,0,0,0,0,0,False
edX,edX-PL,8_08,8,08,eee,e,e,0-media-1-interaction,3,0,1,True,True,False,False,False,False,0,0,0,3,0,0,0,3,0,0,0,0,0,0,0,0,900.0,0,0,900.0,0,900.0,900.0,,0.0,3,1.0,0.2,1,0,0,0,0,0,0,0,0,0,0,0,0,False
edX,edX-PL,8_09,8,09,v,v,v,1-media-0-interaction,1,0,1,False,False,False,False,False,False,1,0,0,0,0,0,0,0,0,0,0,0,150,0,0,0,0.0,0,0,0.0,150,150.0,300.0,1.0,1.0,0,0.0,0.0,0,0,1,0,0,0,0,0,0,0,0,0,0,False
edX,edX-PL,8_10,8,10,e,e,e,0-media-1-interaction,1,0,1,True,True,False,False,False,False,0,0,0,1,0,0,0,1,0,0,0,0,0,0,0,0,300.0,0,0,300.0,0,300.0,300.0,,0.0,1,1.0,0.2,1,0,0,0,0,0,0,0,0,0,0,0,0,False
edX,edX-PL,8_11,8,11,v,v,v,1-media-0-interaction,1,0,1,False,False,False,False,False,False,1,0,0,0,0,0,0,0,0,0,0,0,110,0,0,0,0.0,0,0,0.0,110,110.0,220.0,1.0,1.0,0,0.0,0.0,0,0,1,0,0,0,0,0,0,0,0,0,0,False
edX,edX-PL,8_12,8,12,ed,ed,de,0-media-2-interaction,2,1,2,True,False,False,True,False,False,0,0,0,1,1,0,0,1,0,0,0,0,0,0,0,0,300.0,0,300,600.0,0,600.0,600.0,,0.0,2,1.0,0.2,0,1,0,0,0,0,0,0,0,0,0,0,0,False
edX,edX-PL,8_13,8,13,v,v,v,1-media-0-interaction,1,0,1,False,False,False,False,False,False,1,0,0,0,0,0,0,0,0,0,0,0,425,0,0,0,0.0,0,0,0.0,425,425.0,850.0,1.0,1.0,0,0.0,0.0,0,0,1,0,0,0,0,0,0,0,0,0,0,False
edX,edX-PL,8_14,8,14,v,v,v,1-media-0-interaction,1,0,1,False,False,False,False,False,False,1,0,0,0,0,0,0,0,0,0,0,0,191,0,0,0,0.0,0,0,0.0,191,191.0,382.0,1.0,1.0,0,0.0,0.0,0,0,1,0,0,0,0,0,0,0,0,0,0,False
edX,edX-PL,8_15,8,15,v,v,v,1-media-0-interaction,1,0,1,False,False,False,False,False,False,1,0,0,0,0,0,0,0,0,0,0,0,84,0,0,0,0.0,0,0,0.0,84,84.0,168.0,1.0,1.0,0,0.0,0.0,0,0,1,0,0,0,0,0,0,0,0,0,0,False
