provider_name,course_name,unit,estimated_completion_time,building_block,building_block_short,video_duration,word_count,img_count,gif_count,table_count,code_rows_count,link_count,task_type,question_count,answer_count,points,audio_duration,graphics_count
FutureLearn,Fut-EC,1_01,0,Video,v,89,0.0,0.0,0.0,0.0,0.0,,NA,0.0,0.0,,0,0
FutureLearn,Fut-EC,1_01,0,Text,t,0,758.0,0.0,0.0,0.0,0.0,9.0,NA,0.0,0.0,,0,0
FutureLearn,Fut-EC,1_01,0,Discussion,d,0,0.0,0.0,0.0,0.0,0.0,,NA,0.0,0.0,,0,0
FutureLearn,Fut-EC,1_02,0,Text,t,0,491.0,3.0,0.0,0.0,0.0,8.0,NA,0.0,0.0,,0,3
FutureLearn,Fut-EC,1_02,0,Discussion,d,0,0.0,0.0,0.0,0.0,0.0,,NA,0.0,0.0,,0,0
FutureLearn,Fut-EC,1_03,0,Text,t,0,761.0,1.0,2.0,0.0,0.0,,NA,0.0,0.0,,0,3
FutureLearn,Fut-EC,1_03,0,Discussion,d,0,0.0,0.0,0.0,0.0,0.0,,NA,0.0,0.0,,0,0
FutureLearn,Fut-EC,1_04,0,Video,v,125,0.0,0.0,0.0,0.0,0.0,,NA,0.0,0.0,,0,0
FutureLearn,Fut-EC,1_04,0,Text,t,0,98.0,4.0,0.0,0.0,0.0,1.0,NA,0.0,0.0,,0,4
FutureLearn,Fut-EC,1_04,0,Discussion,d,0,0.0,0.0,0.0,0.0,0.0,,NA,0.0,0.0,,0,0
FutureLearn,Fut-EC,1_05,0,Text,t,0,789.0,2.0,0.0,1.0,0.0,,NA,0.0,0.0,,0,2
FutureLearn,Fut-EC,1_05,0,Discussion,d,0,0.0,0.0,0.0,0.0,0.0,,NA,0.0,0.0,,0,0
FutureLearn,Fut-EC,1_06,0,Video,v,183,0.0,0.0,0.0,0.0,0.0,,NA,0.0,0.0,,0,0
FutureLearn,Fut-EC,1_06,0,Text,t,0,915.0,2.0,0.0,1.0,0.0,2.0,NA,0.0,0.0,,0,2
FutureLearn,Fut-EC,1_06,0,Discussion,d,0,0.0,0.0,0.0,0.0,0.0,,NA,0.0,0.0,,0,0
FutureLearn,Fut-EC,1_07,0,Text,t,0,794.0,0.0,0.0,0.0,0.0,,NA,0.0,0.0,,0,0
FutureLearn,Fut-EC,1_07,0,Discussion,d,0,0.0,0.0,0.0,0.0,0.0,,NA,0.0,0.0,,0,0
FutureLearn,Fut-EC,1_08,0,Video,v,184,0.0,1.0,2.0,0.0,0.0,,NA,0.0,0.0,,0,3
FutureLearn,Fut-EC,1_08,0,Text,t,0,917.0,0.0,0.0,0.0,0.0,,NA,0.0,0.0,,0,0
FutureLearn,Fut-EC,1_08,0,Discussion,d,0,0.0,0.0,0.0,0.0,0.0,,NA,0.0,0.0,,0,0
FutureLearn,Fut-EC,1_09,0,Video,v,121,0.0,0.0,0.0,0.0,0.0,,NA,0.0,0.0,,0,0
FutureLearn,Fut-EC,1_09,0,Text,t,0,722.0,1.0,0.0,6.0,0.0,2.0,NA,0.0,0.0,,0,1
FutureLearn,Fut-EC,1_09,0,Discussion,d,0,0.0,0.0,0.0,0.0,0.0,,NA,0.0,0.0,,0,0
FutureLearn,Fut-EC,1_10,0,Text,t,0,803.0,1.0,2.0,0.0,0.0,1.0,NA,0.0,0.0,,0,3
FutureLearn,Fut-EC,1_10,0,Discussion,d,0,0.0,0.0,0.0,0.0,0.0,,NA,0.0,0.0,,0,0
FutureLearn,Fut-EC,1_11,0,Exercise,e,0,0.0,0.0,0.0,0.0,0.0,,Choice,1.0,4.0,,0,0
FutureLearn,Fut-EC,1_11,0,Exercise,e,0,0.0,0.0,0.0,0.0,0.0,,Choice,1.0,4.0,,0,0
FutureLearn,Fut-EC,1_11,0,Exercise,e,0,0.0,0.0,0.0,0.0,0.0,,Choice,1.0,4.0,,0,0
FutureLearn,Fut-EC,1_11,0,Exercise,e,0,0.0,0.0,0.0,0.0,0.0,,Choice,1.0,4.0,,0,0
FutureLearn,Fut-EC,1_12,0,Video,v,32,0.0,0.0,0.0,0.0,0.0,,NA,0.0,0.0,,0,0
FutureLearn,Fut-EC,1_12,0,Text,t,0,188.0,0.0,0.0,0.0,0.0,,NA,0.0,0.0,,0,0
FutureLearn,Fut-EC,1_12,0,Discussion,d,0,0.0,0.0,0.0,0.0,0.0,,NA,0.0,0.0,,0,0
FutureLearn,Fut-EC,2_01,0,Video,v,29,0.0,0.0,0.0,0.0,0.0,,NA,0.0,0.0,,0,0
FutureLearn,Fut-EC,2_01,0,Text,t,0,119.0,0.0,0.0,0.0,0.0,,NA,0.0,0.0,,0,0
FutureLearn,Fut-EC,2_01,0,Discussion,d,0,0.0,0.0,0.0,0.0,0.0,,NA,0.0,0.0,,0,0
FutureLearn,Fut-EC,2_02,0,Text,t,0,158.0,0.0,0.0,0.0,0.0,1.0,NA,0.0,0.0,,0,0
FutureLearn,Fut-EC,2_02,0,Discussion,d,0,0.0,0.0,0.0,0.0,0.0,,NA,0.0,0.0,,0,0
FutureLearn,Fut-EC,2_03,0,Video,v,116,0.0,0.0,0.0,0.0,0.0,,NA,0.0,0.0,,0,0
FutureLearn,Fut-EC,2_03,0,Text,t,0,817.0,0.0,2.0,0.0,0.0,,NA,0.0,0.0,,0,2
FutureLearn,Fut-EC,2_03,0,Discussion,d,0,0.0,0.0,0.0,0.0,0.0,,NA,0.0,0.0,,0,0
FutureLearn,Fut-EC,2_04,0,Text,t,0,837.0,2.0,1.0,0.0,0.0,2.0,NA,0.0,0.0,,0,3
FutureLearn,Fut-EC,2_04,0,Discussion,d,0,0.0,0.0,0.0,0.0,0.0,,NA,0.0,0.0,,0,0
FutureLearn,Fut-EC,2_05,0,Text,t,0,693.0,0.0,1.0,1.0,0.0,2.0,NA,0.0,0.0,,0,1
FutureLearn,Fut-EC,2_05,0,Discussion,d,0,0.0,0.0,0.0,0.0,0.0,,NA,0.0,0.0,,0,0
FutureLearn,Fut-EC,2_06,0,Text,t,0,800.0,1.0,0.0,0.0,0.0,,NA,0.0,0.0,,0,1
FutureLearn,Fut-EC,2_06,0,Discussion,d,0,0.0,0.0,0.0,0.0,0.0,,NA,0.0,0.0,,0,0
FutureLearn,Fut-EC,2_07,0,Text,t,0,824.0,1.0,2.0,0.0,0.0,2.0,NA,0.0,0.0,,0,3
FutureLearn,Fut-EC,2_07,0,Discussion,d,0,0.0,0.0,0.0,0.0,0.0,,NA,0.0,0.0,,0,0
FutureLearn,Fut-EC,2_08,0,Text,t,0,884.0,0.0,0.0,0.0,0.0,4.0,NA,0.0,0.0,,0,0
FutureLearn,Fut-EC,2_08,0,Discussion,d,0,0.0,0.0,0.0,0.0,0.0,,NA,0.0,0.0,,0,0
FutureLearn,Fut-EC,2_09,0,Text,t,0,740.0,0.0,2.0,0.0,0.0,3.0,NA,0.0,0.0,,0,2
FutureLearn,Fut-EC,2_09,0,Discussion,d,0,0.0,0.0,0.0,0.0,0.0,,NA,0.0,0.0,,0,0
FutureLearn,Fut-EC,2_10,0,Text,t,0,624.0,0.0,0.0,0.0,0.0,1.0,NA,0.0,0.0,,0,0
FutureLearn,Fut-EC,2_10,0,Discussion,d,0,0.0,0.0,0.0,0.0,0.0,,NA,0.0,0.0,,0,0
FutureLearn,Fut-EC,2_11,0,Text,t,0,861.0,3.0,2.0,0.0,0.0,,NA,0.0,0.0,,0,5
FutureLearn,Fut-EC,2_11,0,Discussion,d,0,0.0,0.0,0.0,0.0,0.0,,NA,0.0,0.0,,0,0
FutureLearn,Fut-EC,2_12,0,Video,v,149,0.0,0.0,0.0,0.0,0.0,,NA,0.0,0.0,,0,0
FutureLearn,Fut-EC,2_12,0,Text,t,0,695.0,0.0,0.0,0.0,0.0,,NA,0.0,0.0,,0,0
FutureLearn,Fut-EC,2_12,0,Discussion,d,0,0.0,0.0,0.0,0.0,0.0,,NA,0.0,0.0,,0,0
FutureLearn,Fut-EC,2_13,0,Text,t,0,453.0,0.0,0.0,1.0,0.0,4.0,NA,0.0,0.0,,0,0
FutureLearn,Fut-EC,2_13,0,Discussion,d,0,0.0,0.0,0.0,0.0,0.0,,NA,0.0,0.0,,0,0
FutureLearn,Fut-EC,2_14,0,Video,v,70,0.0,0.0,0.0,0.0,0.0,,NA,0.0,0.0,,0,0
FutureLearn,Fut-EC,2_14,0,Text,t,0,405.0,0.0,0.0,0.0,0.0,5.0,NA,0.0,0.0,,0,0
FutureLearn,Fut-EC,2_14,0,Discussion,d,0,0.0,0.0,0.0,0.0,0.0,,NA,0.0,0.0,,0,0
FutureLearn,Fut-ENT,1_01,0,Video,v,144,0.0,0.0,0.0,0.0,0.0,,NA,0.0,0.0,,0,0
FutureLearn,Fut-ENT,1_01,0,Text,t,0,341.0,0.0,0.0,0.0,0.0,,NA,0.0,0.0,,0,0
FutureLearn,Fut-ENT,1_01,0,Discussion,d,0,0.0,0.0,0.0,0.0,0.0,,NA,0.0,0.0,,0,0
FutureLearn,Fut-ENT,1_02,0,Text,t,0,168.0,0.0,0.0,0.0,0.0,1.0,NA,0.0,0.0,,0,0
FutureLearn,Fut-ENT,1_02,0,Poll,p,0,0.0,0.0,0.0,0.0,0.0,,NA,0.0,0.0,,0,0
FutureLearn,Fut-ENT,1_02,0,Discussion,d,0,0.0,0.0,0.0,0.0,0.0,,NA,0.0,0.0,,0,0
FutureLearn,Fut-ENT,1_03,0,Text,t,0,457.0,2.0,0.0,0.0,0.0,1.0,NA,0.0,0.0,,0,2
FutureLearn,Fut-ENT,1_03,0,Discussion,d,0,0.0,0.0,0.0,0.0,0.0,,NA,0.0,0.0,,0,0
FutureLearn,Fut-ENT,1_04,0,Text,t,0,127.0,0.0,0.0,0.0,0.0,,NA,0.0,0.0,,0,0
FutureLearn,Fut-ENT,1_04,0,Discussion,d,0,0.0,0.0,0.0,0.0,0.0,,NA,0.0,0.0,,0,0
FutureLearn,Fut-ENT,1_05,0,Text,t,0,247.0,1.0,0.0,0.0,0.0,1.0,NA,0.0,0.0,,0,1
FutureLearn,Fut-ENT,1_05,0,Discussion,d,0,0.0,0.0,0.0,0.0,0.0,,NA,0.0,0.0,,0,0
FutureLearn,Fut-ENT,1_06,0,Text,t,0,63.0,0.0,0.0,0.0,0.0,,NA,0.0,0.0,,0,0
FutureLearn,Fut-ENT,1_06,0,Video,v,118,0.0,0.0,0.0,0.0,0.0,,NA,0.0,0.0,,0,0
FutureLearn,Fut-ENT,1_06,0,Text,t,0,24.0,0.0,0.0,0.0,0.0,,NA,0.0,0.0,,0,0
FutureLearn,Fut-ENT,1_06,0,Discussion,d,0,0.0,0.0,0.0,0.0,0.0,,NA,0.0,0.0,,0,0
FutureLearn,Fut-ENT,1_07,0,Exercise,e,0,0.0,0.0,0.0,0.0,0.0,,Choice,1.0,3.0,,0,0
FutureLearn,Fut-ENT,1_07,0,Exercise,e,0,0.0,0.0,0.0,0.0,0.0,,Choice,1.0,3.0,,0,0
FutureLearn,Fut-ENT,1_07,0,Exercise,e,0,0.0,0.0,0.0,0.0,0.0,,Choice,1.0,3.0,,0,0
FutureLearn,Fut-ENT,1_07,0,Exercise,e,0,0.0,0.0,0.0,0.0,0.0,,Choice,1.0,3.0,,0,0
FutureLearn,Fut-ENT,1_08,0,Audio,a,0,0.0,0.0,0.0,0.0,0.0,,NA,0.0,0.0,,114,0
FutureLearn,Fut-ENT,1_08,0,Text,t,0,329.0,0.0,0.0,0.0,0.0,,NA,0.0,0.0,,0,0
FutureLearn,Fut-ENT,1_08,0,Discussion,d,0,0.0,0.0,0.0,0.0,0.0,,NA,0.0,0.0,,0,0
FutureLearn,Fut-ENT,1_09,0,Text,t,0,277.0,1.0,0.0,0.0,0.0,,NA,0.0,0.0,,0,1
FutureLearn,Fut-ENT,1_09,0,Discussion,d,0,0.0,0.0,0.0,0.0,0.0,,NA,0.0,0.0,,0,0
FutureLearn,Fut-ENT,1_10,0,Text,t,0,425.0,1.0,0.0,0.0,0.0,,NA,0.0,0.0,,0,1
FutureLearn,Fut-ENT,1_10,0,Discussion,d,0,0.0,0.0,0.0,0.0,0.0,,NA,0.0,0.0,,0,0
FutureLearn,Fut-ENT,1_11,0,Text,t,0,329.0,1.0,0.0,1.0,0.0,,NA,0.0,0.0,,0,1
FutureLearn,Fut-ENT,1_11,0,Discussion,d,0,0.0,0.0,0.0,0.0,0.0,,NA,0.0,0.0,,0,0
FutureLearn,Fut-ENT,1_12,0,Text,t,0,349.0,1.0,0.0,0.0,0.0,,NA,0.0,0.0,,0,1
FutureLearn,Fut-ENT,1_12,0,Discussion,d,0,0.0,0.0,0.0,0.0,0.0,,NA,0.0,0.0,,0,0
FutureLearn,Fut-ENT,1_13,0,Text,t,0,71.0,0.0,0.0,0.0,0.0,,NA,0.0,0.0,,0,0
FutureLearn,Fut-ENT,1_13,0,Video,v,1082,0.0,0.0,0.0,0.0,0.0,,NA,0.0,0.0,,0,0
FutureLearn,Fut-ENT,1_13,0,Text,t,0,51.0,0.0,0.0,0.0,0.0,,NA,0.0,0.0,,0,0
FutureLearn,Fut-ENT,1_13,0,Discussion,d,0,0.0,0.0,0.0,0.0,0.0,,NA,0.0,0.0,,0,0
FutureLearn,Fut-ENT,1_14,0,Text,t,0,162.0,1.0,0.0,0.0,0.0,1.0,NA,0.0,0.0,,0,1
FutureLearn,Fut-ENT,1_14,0,Poll,p,0,0.0,0.0,0.0,0.0,0.0,,NA,0.0,0.0,,0,0
FutureLearn,Fut-ENT,1_14,0,Discussion,d,0,0.0,0.0,0.0,0.0,0.0,,NA,0.0,0.0,,0,0
FutureLearn,Fut-ENT,1_15,0,Text,t,0,115.0,1.0,0.0,2.0,0.0,,NA,0.0,0.0,,0,1
FutureLearn,Fut-ENT,1_15,0,Discussion,d,0,0.0,0.0,0.0,0.0,0.0,,NA,0.0,0.0,,0,0
FutureLearn,Fut-ENT,1_16,0,Text,t,0,54.0,0.0,0.0,0.0,0.0,,NA,0.0,0.0,,0,0
FutureLearn,Fut-ENT,1_16,0,Discussion,d,0,0.0,0.0,0.0,0.0,0.0,,NA,0.0,0.0,,0,0
FutureLearn,Fut-ENT,1_17,0,Text,t,0,36.0,0.0,0.0,0.0,0.0,,NA,0.0,0.0,,0,0
FutureLearn,Fut-ENT,1_17,0,Video,v,180,0.0,0.0,0.0,0.0,0.0,,NA,0.0,0.0,,0,0
FutureLearn,Fut-ENT,1_17,0,Text,t,0,22.0,0.0,0.0,0.0,0.0,,NA,0.0,0.0,,0,0
FutureLearn,Fut-ENT,1_17,0,Discussion,d,0,0.0,0.0,0.0,0.0,0.0,,NA,0.0,0.0,,0,0
FutureLearn,Fut-ENT,1_18,0,Text,t,0,142.0,1.0,0.0,0.0,0.0,,NA,0.0,0.0,,0,1
FutureLearn,Fut-ENT,1_18,0,Discussion,d,0,0.0,0.0,0.0,0.0,0.0,,NA,0.0,0.0,,0,0
FutureLearn,Fut-ENT,1_19,0,Exercise,e,0,0.0,0.0,0.0,0.0,0.0,,Choice,1.0,3.0,,0,0
FutureLearn,Fut-ENT,1_19,0,Exercise,e,0,0.0,0.0,0.0,0.0,0.0,,Choice,1.0,3.0,,0,0
FutureLearn,Fut-ENT,1_19,0,Exercise,e,0,0.0,0.0,0.0,0.0,0.0,,Choice,1.0,3.0,,0,0
FutureLearn,Fut-ENT,1_19,0,Exercise,e,0,0.0,0.0,0.0,0.0,0.0,,Choice,1.0,3.0,,0,0
FutureLearn,Fut-ENT,1_20,0,Text,t,0,335.0,1.0,0.0,0.0,0.0,,NA,0.0,0.0,,0,1
FutureLearn,Fut-ENT,1_20,0,Discussion,d,0,0.0,0.0,0.0,0.0,0.0,,NA,0.0,0.0,,0,0
FutureLearn,Fut-ENT,1_21,0,Text,t,0,663.0,0.0,0.0,0.0,0.0,24.0,NA,0.0,0.0,,0,0
FutureLearn,Fut-ENT,1_21,0,Discussion,d,0,0.0,0.0,0.0,0.0,0.0,,NA,0.0,0.0,,0,0
FutureLearn,Fut-ENT,1_22,0,Text,t,0,176.0,0.0,0.0,0.0,0.0,,NA,0.0,0.0,,0,0
FutureLearn,Fut-ENT,1_22,0,Discussion,d,0,0.0,0.0,0.0,0.0,0.0,,NA,0.0,0.0,,0,0
FutureLearn,Fut-ENT,2_01,0,Video,v,84,0.0,0.0,0.0,0.0,0.0,,NA,0.0,0.0,,0,0
FutureLearn,Fut-ENT,2_01,0,Text,t,0,189.0,0.0,0.0,0.0,0.0,,NA,0.0,0.0,,0,0
FutureLearn,Fut-ENT,2_01,0,Discussion,d,0,0.0,0.0,0.0,0.0,0.0,,NA,0.0,0.0,,0,0
FutureLearn,Fut-ENT,2_02,0,Text,t,0,190.0,1.0,0.0,0.0,0.0,,NA,0.0,0.0,,0,1
FutureLearn,Fut-ENT,2_02,0,Discussion,d,0,0.0,0.0,0.0,0.0,0.0,,NA,0.0,0.0,,0,0
FutureLearn,Fut-ENT,2_03,0,Text,t,0,297.0,0.0,0.0,0.0,0.0,,NA,0.0,0.0,,0,0
FutureLearn,Fut-ENT,2_04,0,Discussion,d,0,0.0,0.0,0.0,0.0,0.0,,NA,0.0,0.0,,0,0
FutureLearn,Fut-ENT,2_04,0,Text,t,0,59.0,1.0,0.0,0.0,0.0,,NA,0.0,0.0,,0,1
FutureLearn,Fut-ENT,2_04,0,Video,v,140,0.0,0.0,0.0,0.0,0.0,,NA,0.0,0.0,,0,0
FutureLearn,Fut-ENT,2_04,0,Text,t,0,32.0,0.0,0.0,0.0,0.0,1.0,NA,0.0,0.0,,0,0
FutureLearn,Fut-ENT,2_04,0,Discussion,d,0,0.0,0.0,0.0,0.0,0.0,,NA,0.0,0.0,,0,0
FutureLearn,Fut-ENT,2_05,0,Text,t,0,264.0,2.0,0.0,0.0,0.0,,NA,0.0,0.0,,0,2
FutureLearn,Fut-ENT,2_05,0,Discussion,d,0,0.0,0.0,0.0,0.0,0.0,,NA,0.0,0.0,,0,0
FutureLearn,Fut-ENT,2_06,0,Text,t,0,192.0,1.0,0.0,0.0,0.0,,NA,0.0,0.0,,0,1
FutureLearn,Fut-ENT,2_06,0,Discussion,d,0,0.0,0.0,0.0,0.0,0.0,,NA,0.0,0.0,,0,0
FutureLearn,Fut-ENT,2_07,0,Text,t,0,67.0,1.0,0.0,0.0,0.0,,NA,0.0,0.0,,0,1
FutureLearn,Fut-ENT,2_07,0,Discussion,d,0,0.0,0.0,0.0,0.0,0.0,,NA,0.0,0.0,,0,0
FutureLearn,Fut-ENT,2_08,0,Text,t,0,110.0,1.0,0.0,0.0,0.0,,NA,0.0,0.0,,0,1
FutureLearn,Fut-ENT,2_08,0,Discussion,d,0,0.0,0.0,0.0,0.0,0.0,,NA,0.0,0.0,,0,0
FutureLearn,Fut-ENT,2_09,0,Text,t,0,176.0,2.0,0.0,0.0,0.0,,NA,0.0,0.0,,0,2
FutureLearn,Fut-ENT,2_09,0,Discussion,d,0,0.0,0.0,0.0,0.0,0.0,,NA,0.0,0.0,,0,0
FutureLearn,Fut-ENT,2_10,0,Text,t,0,93.0,1.0,0.0,0.0,0.0,,NA,0.0,0.0,,0,1
FutureLearn,Fut-ENT,2_10,0,Discussion,d,0,0.0,0.0,0.0,0.0,0.0,,NA,0.0,0.0,,0,0
FutureLearn,Fut-ENT,2_11,0,Text,t,0,60.0,1.0,0.0,0.0,0.0,,NA,0.0,0.0,,0,1
FutureLearn,Fut-ENT,2_11,0,Discussion,d,0,0.0,0.0,0.0,0.0,0.0,,NA,0.0,0.0,,0,0
FutureLearn,Fut-ENT,2_12,0,Text,t,0,63.0,1.0,0.0,0.0,0.0,,NA,0.0,0.0,,0,1
FutureLearn,Fut-ENT,2_12,0,Discussion,d,0,0.0,0.0,0.0,0.0,0.0,,NA,0.0,0.0,,0,0
FutureLearn,Fut-ENT,2_13,0,Text,t,0,76.0,1.0,0.0,0.0,0.0,,NA,0.0,0.0,,0,1
FutureLearn,Fut-ENT,2_13,0,Discussion,d,0,0.0,0.0,0.0,0.0,0.0,,NA,0.0,0.0,,0,0
FutureLearn,Fut-ENT,2_14,0,Audio,a,0,0.0,0.0,0.0,0.0,0.0,,NA,0.0,0.0,,64,0
FutureLearn,Fut-ENT,2_14,0,Text,t,0,210.0,0.0,0.0,0.0,0.0,,NA,0.0,0.0,,0,0
FutureLearn,Fut-ENT,2_14,0,Discussion,d,0,0.0,0.0,0.0,0.0,0.0,,NA,0.0,0.0,,0,0
FutureLearn,Fut-ENT,2_15,0,Text,t,0,215.0,1.0,0.0,0.0,0.0,,NA,0.0,0.0,,0,1
FutureLearn,Fut-ENT,2_15,0,Video,v,230,0.0,0.0,0.0,0.0,0.0,,NA,0.0,0.0,,0,0
FutureLearn,Fut-ENT,2_15,0,Text,t,0,36.0,0.0,0.0,0.0,0.0,,NA,0.0,0.0,,0,0
FutureLearn,Fut-ENT,2_15,0,Discussion,d,0,0.0,0.0,0.0,0.0,0.0,,NA,0.0,0.0,,0,0
FutureLearn,Fut-ENT,2_16,0,Text,t,0,27.0,0.0,0.0,0.0,0.0,,NA,0.0,0.0,,0,0
FutureLearn,Fut-ENT,2_16,0,Video,v,341,0.0,0.0,0.0,0.0,0.0,,NA,0.0,0.0,,0,0
FutureLearn,Fut-ENT,2_16,0,Discussion,d,0,0.0,0.0,0.0,0.0,0.0,,NA,0.0,0.0,,0,0
FutureLearn,Fut-ENT,2_17,0,Text,t,0,143.0,1.0,0.0,1.0,0.0,,NA,0.0,0.0,,0,1
FutureLearn,Fut-ENT,2_17,0,Discussion,d,0,0.0,0.0,0.0,0.0,0.0,,NA,0.0,0.0,,0,0
FutureLearn,Fut-ENT,2_18,0,Exercise,e,0,0.0,0.0,0.0,0.0,0.0,,Choice,1.0,3.0,,0,0
FutureLearn,Fut-ENT,2_18,0,Exercise,e,0,0.0,0.0,0.0,0.0,0.0,,Choice,1.0,3.0,,0,0
FutureLearn,Fut-ENT,2_18,0,Exercise,e,0,0.0,0.0,0.0,0.0,0.0,,Choice,1.0,3.0,,0,0
FutureLearn,Fut-ENT,2_18,0,Exercise,e,0,0.0,0.0,0.0,0.0,0.0,,Choice,1.0,3.0,,0,0
FutureLearn,Fut-ENT,2_19,0,Audio,a,0,0.0,0.0,0.0,0.0,0.0,,NA,0.0,0.0,,102,0
FutureLearn,Fut-ENT,2_19,0,Text,t,0,244.0,0.0,0.0,0.0,0.0,,NA,0.0,0.0,,0,0
FutureLearn,Fut-ENT,2_19,0,Discussion,d,0,0.0,0.0,0.0,0.0,0.0,,NA,0.0,0.0,,0,0
FutureLearn,Fut-ENT,2_20,0,Text,t,0,393.0,1.0,0.0,0.0,0.0,,NA,0.0,0.0,,0,1
FutureLearn,Fut-ENT,2_20,0,Discussion,d,0,0.0,0.0,0.0,0.0,0.0,,NA,0.0,0.0,,0,0
FutureLearn,Fut-ENT,2_21,0,Exercise,e,0,0.0,0.0,0.0,0.0,0.0,,Choice,1.0,3.0,,0,0
FutureLearn,Fut-ENT,2_21,0,Exercise,e,0,0.0,0.0,0.0,0.0,0.0,,Choice,1.0,3.0,,0,0
FutureLearn,Fut-ENT,2_21,0,Exercise,e,0,0.0,0.0,0.0,0.0,0.0,,Choice,1.0,3.0,,0,0
FutureLearn,Fut-ENT,2_21,0,Exercise,e,0,0.0,0.0,0.0,0.0,0.0,,Choice,1.0,3.0,,0,0
FutureLearn,Fut-ENT,2_22,0,Text,t,0,279.0,1.0,0.0,0.0,0.0,,NA,0.0,0.0,,0,1
FutureLearn,Fut-ENT,2_22,0,Discussion,d,0,0.0,0.0,0.0,0.0,0.0,,NA,0.0,0.0,,0,0
FutureLearn,Fut-ENT,2_23,0,Video,v,193,0.0,0.0,0.0,0.0,0.0,,NA,0.0,0.0,,0,0
FutureLearn,Fut-ENT,2_23,0,Text,t,0,534.0,0.0,0.0,0.0,0.0,,NA,0.0,0.0,,0,0
FutureLearn,Fut-ENT,2_23,0,Discussion,d,0,0.0,0.0,0.0,0.0,0.0,,NA,0.0,0.0,,0,0
FutureLearn,Fut-ENT,2_24,0,Text,t,0,181.0,0.0,0.0,0.0,0.0,,NA,0.0,0.0,,0,0
FutureLearn,Fut-ENT,2_24,0,Discussion,d,0,0.0,0.0,0.0,0.0,0.0,,NA,0.0,0.0,,0,0
FutureLearn,Fut-ENT,3_01,0,Video,v,86,0.0,0.0,0.0,0.0,0.0,,NA,0.0,0.0,,0,0
FutureLearn,Fut-ENT,3_01,0,Text,t,0,159.0,0.0,0.0,0.0,0.0,,NA,0.0,0.0,,0,0
FutureLearn,Fut-ENT,3_01,0,Discussion,d,0,0.0,0.0,0.0,0.0,0.0,,NA,0.0,0.0,,0,0
FutureLearn,Fut-ENT,3_02,0,Text,t,0,66.0,1.0,0.0,0.0,0.0,,NA,0.0,0.0,,0,1
FutureLearn,Fut-ENT,3_02,0,Discussion,d,0,0.0,0.0,0.0,0.0,0.0,,NA,0.0,0.0,,0,0
FutureLearn,Fut-ENT,3_03,0,Text,t,0,94.0,1.0,0.0,0.0,0.0,,NA,0.0,0.0,,0,1
FutureLearn,Fut-ENT,3_03,0,Video,v,334,0.0,0.0,0.0,0.0,0.0,,NA,0.0,0.0,,0,0
FutureLearn,Fut-ENT,3_03,0,Text,t,0,34.0,0.0,0.0,0.0,0.0,,NA,0.0,0.0,,0,0
FutureLearn,Fut-ENT,3_03,0,Discussion,d,0,0.0,0.0,0.0,0.0,0.0,,NA,0.0,0.0,,0,0
FutureLearn,Fut-ENT,3_04,0,Text,t,0,31.0,1.0,0.0,0.0,0.0,,NA,0.0,0.0,,0,1
FutureLearn,Fut-ENT,3_04,0,Discussion,d,0,0.0,0.0,0.0,0.0,0.0,,NA,0.0,0.0,,0,0
FutureLearn,Fut-ENT,3_05,0,Text,t,0,112.0,1.0,0.0,0.0,0.0,,NA,0.0,0.0,,0,1
FutureLearn,Fut-ENT,3_05,0,Discussion,d,0,0.0,0.0,0.0,0.0,0.0,,NA,0.0,0.0,,0,0
FutureLearn,Fut-ENT,3_06,0,Text,t,0,346.0,1.0,0.0,0.0,0.0,,NA,0.0,0.0,,0,1
FutureLearn,Fut-ENT,3_06,0,Discussion,d,0,0.0,0.0,0.0,0.0,0.0,,NA,0.0,0.0,,0,0
FutureLearn,Fut-ENT,3_07,0,Text,t,0,193.0,1.0,0.0,0.0,0.0,,NA,0.0,0.0,,0,1
FutureLearn,Fut-ENT,3_07,0,Discussion,d,0,0.0,0.0,0.0,0.0,0.0,,NA,0.0,0.0,,0,0
FutureLearn,Fut-ENT,3_08,0,Text,t,0,63.0,1.0,0.0,0.0,0.0,,NA,0.0,0.0,,0,1
FutureLearn,Fut-ENT,3_08,0,Discussion,d,0,0.0,0.0,0.0,0.0,0.0,,NA,0.0,0.0,,0,0
FutureLearn,Fut-ENT,3_09,0,Video,v,181,0.0,0.0,0.0,0.0,0.0,,NA,0.0,0.0,,0,0
FutureLearn,Fut-ENT,3_09,0,Text,t,0,531.0,0.0,0.0,0.0,0.0,,NA,0.0,0.0,,0,0
FutureLearn,Fut-ENT,3_09,0,Discussion,d,0,0.0,0.0,0.0,0.0,0.0,,NA,0.0,0.0,,0,0
FutureLearn,Fut-ENT,3_10,0,Video,v,500,0.0,0.0,0.0,0.0,0.0,,NA,0.0,0.0,,0,0
FutureLearn,Fut-ENT,3_10,0,Text,t,0,133.0,1.0,0.0,0.0,0.0,,NA,0.0,0.0,,0,1
FutureLearn,Fut-ENT,3_10,0,Discussion,d,0,0.0,0.0,0.0,0.0,0.0,,NA,0.0,0.0,,0,0
FutureLearn,Fut-ENT,3_11,0,Exercise,e,0,0.0,0.0,0.0,0.0,0.0,,Choice,1.0,2.0,,0,0
FutureLearn,Fut-ENT,3_11,0,Exercise,e,0,0.0,0.0,0.0,0.0,0.0,,Choice,1.0,2.0,,0,0
FutureLearn,Fut-ENT,3_11,0,Exercise,e,0,0.0,0.0,0.0,0.0,0.0,,Choice,1.0,2.0,,0,0
FutureLearn,Fut-ENT,3_11,0,Exercise,e,0,0.0,0.0,0.0,0.0,0.0,,Choice,1.0,2.0,,0,0
FutureLearn,Fut-ENT,3_11,0,Exercise,e,0,0.0,0.0,0.0,0.0,0.0,,Choice,1.0,2.0,,0,0
FutureLearn,Fut-ENT,3_12,0,Text,t,0,65.0,1.0,0.0,0.0,0.0,,NA,0.0,0.0,,0,1
FutureLearn,Fut-ENT,3_12,0,Discussion,d,0,0.0,0.0,0.0,0.0,0.0,,NA,0.0,0.0,,0,0
FutureLearn,Fut-ENT,3_13,0,Text,t,0,277.0,1.0,0.0,0.0,0.0,,NA,0.0,0.0,,0,1
FutureLearn,Fut-ENT,3_13,0,Discussion,d,0,0.0,0.0,0.0,0.0,0.0,,NA,0.0,0.0,,0,0
FutureLearn,Fut-ENT,3_14,0,Text,t,0,169.0,1.0,0.0,0.0,0.0,,NA,0.0,0.0,,0,1
FutureLearn,Fut-ENT,3_14,0,Discussion,d,0,0.0,0.0,0.0,0.0,0.0,,NA,0.0,0.0,,0,0
FutureLearn,Fut-ENT,3_15,0,Text,t,0,153.0,1.0,0.0,1.0,0.0,,NA,0.0,0.0,,0,1
FutureLearn,Fut-ENT,3_15,0,Discussion,d,0,0.0,0.0,0.0,0.0,0.0,,NA,0.0,0.0,,0,0
FutureLearn,Fut-ENT,3_16,0,Text,t,0,31.0,1.0,0.0,0.0,0.0,,NA,0.0,0.0,,0,1
FutureLearn,Fut-ENT,3_16,0,Video,v,502,0.0,0.0,0.0,0.0,0.0,,NA,0.0,0.0,,0,0
FutureLearn,Fut-ENT,3_16,0,Text,t,0,38.0,0.0,0.0,0.0,0.0,,NA,0.0,0.0,,0,0
FutureLearn,Fut-ENT,3_16,0,Discussion,d,0,0.0,0.0,0.0,0.0,0.0,,NA,0.0,0.0,,0,0
FutureLearn,Fut-ENT,3_17,0,Exercise,e,0,0.0,0.0,0.0,0.0,0.0,,Choice,1.0,3.0,,0,0
FutureLearn,Fut-ENT,3_17,0,Exercise,e,0,0.0,0.0,0.0,0.0,0.0,,Choice,1.0,3.0,,0,0
FutureLearn,Fut-ENT,3_17,0,Exercise,e,0,0.0,0.0,0.0,0.0,0.0,,Choice,1.0,3.0,,0,0
FutureLearn,Fut-ENT,3_17,0,Exercise,e,0,0.0,0.0,0.0,0.0,0.0,,Choice,1.0,3.0,,0,0
FutureLearn,Fut-ENT,3_17,0,Exercise,e,0,0.0,0.0,0.0,0.0,0.0,,Choice,1.0,3.0,,0,0
FutureLearn,Fut-ENT,3_17,0,Exercise,e,0,0.0,0.0,0.0,0.0,0.0,,Choice,1.0,3.0,,0,0
FutureLearn,Fut-ENT,3_17,0,Exercise,e,0,0.0,0.0,0.0,0.0,0.0,,Choice,1.0,3.0,,0,0
FutureLearn,Fut-ENT,3_17,0,Exercise,e,0,0.0,0.0,0.0,0.0,0.0,,Choice,1.0,3.0,,0,0
FutureLearn,Fut-ENT,4_01,0,Video,v,82,0.0,0.0,0.0,0.0,0.0,,NA,0.0,0.0,,0,0
FutureLearn,Fut-ENT,4_01,0,Text,t,0,61.0,0.0,0.0,0.0,0.0,,NA,0.0,0.0,,0,0
FutureLearn,Fut-ENT,4_01,0,Discussion,d,0,0.0,0.0,0.0,0.0,0.0,,NA,0.0,0.0,,0,0
FutureLearn,Fut-ENT,4_02,0,Text,t,0,122.0,1.0,0.0,0.0,0.0,,NA,0.0,0.0,,0,1
FutureLearn,Fut-ENT,4_02,0,Discussion,d,0,0.0,0.0,0.0,0.0,0.0,,NA,0.0,0.0,,0,0
FutureLearn,Fut-ENT,4_03,0,Text,t,0,40.0,1.0,0.0,0.0,0.0,,NA,0.0,0.0,,0,1
FutureLearn,Fut-ENT,4_03,0,Discussion,d,0,0.0,0.0,0.0,0.0,0.0,,NA,0.0,0.0,,0,0
FutureLearn,Fut-ENT,4_04,0,Text,t,0,485.0,1.0,0.0,0.0,0.0,1.0,NA,0.0,0.0,,0,1
FutureLearn,Fut-ENT,4_04,0,Discussion,d,0,0.0,0.0,0.0,0.0,0.0,,NA,0.0,0.0,,0,0
FutureLearn,Fut-ENT,4_05,0,Text,t,0,35.0,1.0,0.0,0.0,0.0,,NA,0.0,0.0,,0,1
FutureLearn,Fut-ENT,4_05,0,Discussion,d,0,0.0,0.0,0.0,0.0,0.0,,NA,0.0,0.0,,0,0
FutureLearn,Fut-ENT,4_06,0,Text,t,0,242.0,1.0,0.0,0.0,0.0,,NA,0.0,0.0,,0,1
FutureLearn,Fut-ENT,4_06,0,Discussion,d,0,0.0,0.0,0.0,0.0,0.0,,NA,0.0,0.0,,0,0
FutureLearn,Fut-ENT,4_07,0,Video,v,155,0.0,0.0,0.0,0.0,0.0,,NA,0.0,0.0,,0,0
FutureLearn,Fut-ENT,4_07,0,Text,t,0,535.0,0.0,0.0,0.0,0.0,,NA,0.0,0.0,,0,0
FutureLearn,Fut-ENT,4_07,0,Discussion,d,0,0.0,0.0,0.0,0.0,0.0,,NA,0.0,0.0,,0,0
FutureLearn,Fut-ENT,4_08,0,Poll,p,0,0.0,0.0,0.0,0.0,0.0,,NA,0.0,0.0,,0,0
FutureLearn,Fut-ENT,4_08,0,Discussion,d,0,0.0,0.0,0.0,0.0,0.0,,NA,0.0,0.0,,0,0
FutureLearn,Fut-ENT,4_09,0,Text,t,0,347.0,1.0,0.0,0.0,0.0,1.0,NA,0.0,0.0,,0,1
FutureLearn,Fut-ENT,4_09,0,Discussion,d,0,0.0,0.0,0.0,0.0,0.0,,NA,0.0,0.0,,0,0
FutureLearn,Fut-ENT,4_10,0,Video,v,273,0.0,0.0,0.0,0.0,0.0,,NA,0.0,0.0,,0,0
FutureLearn,Fut-ENT,4_10,0,Text,t,0,755.0,0.0,0.0,0.0,0.0,,NA,0.0,0.0,,0,0
FutureLearn,Fut-ENT,4_10,0,Discussion,d,0,0.0,0.0,0.0,0.0,0.0,,NA,0.0,0.0,,0,0
FutureLearn,Fut-ENT,4_11,0,Text,t,0,198.0,1.0,0.0,0.0,0.0,,NA,0.0,0.0,,0,1
FutureLearn,Fut-ENT,4_11,0,Discussion,d,0,0.0,0.0,0.0,0.0,0.0,,NA,0.0,0.0,,0,0
FutureLearn,Fut-ENT,4_12,0,Text,t,0,129.0,1.0,0.0,0.0,0.0,,NA,0.0,0.0,,0,1
FutureLearn,Fut-ENT,4_12,0,Discussion,d,0,0.0,0.0,0.0,0.0,0.0,,NA,0.0,0.0,,0,0
FutureLearn,Fut-ENT,4_13,0,Text,t,0,197.0,1.0,0.0,0.0,0.0,,NA,0.0,0.0,,0,1
FutureLearn,Fut-ENT,4_13,0,Discussion,d,0,0.0,0.0,0.0,0.0,0.0,,NA,0.0,0.0,,0,0
FutureLearn,Fut-ENT,4_14,0,Text,t,0,99.0,1.0,0.0,0.0,0.0,3.0,NA,0.0,0.0,,0,1
FutureLearn,Fut-ENT,4_14,0,Discussion,d,0,0.0,0.0,0.0,0.0,0.0,,NA,0.0,0.0,,0,0
FutureLearn,Fut-ENT,4_15,0,Text,t,0,106.0,1.0,0.0,0.0,0.0,,NA,0.0,0.0,,0,1
FutureLearn,Fut-ENT,4_15,0,Discussion,d,0,0.0,0.0,0.0,0.0,0.0,,NA,0.0,0.0,,0,0
FutureLearn,Fut-ENT,4_16,0,Text,t,0,162.0,1.0,0.0,0.0,0.0,,NA,0.0,0.0,,0,1
FutureLearn,Fut-ENT,4_16,0,Discussion,d,0,0.0,0.0,0.0,0.0,0.0,,NA,0.0,0.0,,0,0
FutureLearn,Fut-ENT,4_17,0,Text,t,0,222.0,1.0,0.0,0.0,0.0,,NA,0.0,0.0,,0,1
FutureLearn,Fut-ENT,4_17,0,Discussion,d,0,0.0,0.0,0.0,0.0,0.0,,NA,0.0,0.0,,0,0
FutureLearn,Fut-ENT,4_18,0,Text,t,0,201.0,1.0,0.0,0.0,0.0,,NA,0.0,0.0,,0,1
FutureLearn,Fut-ENT,4_18,0,Discussion,d,0,0.0,0.0,0.0,0.0,0.0,,NA,0.0,0.0,,0,0
FutureLearn,Fut-ENT,4_19,0,Text,t,0,361.0,1.0,0.0,0.0,0.0,,NA,0.0,0.0,,0,1
FutureLearn,Fut-ENT,4_19,0,Discussion,d,0,0.0,0.0,0.0,0.0,0.0,,NA,0.0,0.0,,0,0
FutureLearn,Fut-ENT,4_20,0,Text,t,0,101.0,1.0,0.0,0.0,0.0,,NA,0.0,0.0,,0,1
FutureLearn,Fut-ENT,4_20,0,Discussion,d,0,0.0,0.0,0.0,0.0,0.0,,NA,0.0,0.0,,0,0
FutureLearn,Fut-ENT,4_21,0,Exercise,e,0,0.0,0.0,0.0,0.0,0.0,,Choice,1.0,3.0,,0,0
FutureLearn,Fut-ENT,4_21,0,Exercise,e,0,0.0,0.0,0.0,0.0,0.0,,Choice,1.0,3.0,,0,0
FutureLearn,Fut-ENT,4_21,0,Exercise,e,0,0.0,0.0,0.0,0.0,0.0,,Choice,1.0,3.0,,0,0
FutureLearn,Fut-ENT,4_21,0,Exercise,e,0,0.0,0.0,0.0,0.0,0.0,,Choice,1.0,3.0,,0,0
FutureLearn,Fut-ENT,4_21,0,Exercise,e,0,0.0,0.0,0.0,0.0,0.0,,Choice,1.0,3.0,,0,0
FutureLearn,Fut-ENT,4_22,0,Text,t,0,384.0,1.0,0.0,0.0,0.0,1.0,NA,0.0,0.0,,0,1
FutureLearn,Fut-ENT,4_22,0,Discussion,d,0,0.0,0.0,0.0,0.0,0.0,,NA,0.0,0.0,,0,0
edX,edX-PL,1_01,0,Video,v,418,0.0,0.0,0.0,0.0,0.0,,NA,0.0,0.0,,0,0
edX,edX-PL,1_01,0,Poll,p,0,0.0,0.0,0.0,0.0,0.0,,NA,0.0,0.0,,0,0
edX,edX-PL,1_02,0,Video,v,424,0.0,0.0,0.0,0.0,0.0,,NA,0.0,0.0,,0,0
edX,edX-PL,1_03,0,Video,v,345,0.0,0.0,0.0,0.0,0.0,,NA,0.0,0.0,,0,0
edX,edX-PL,1_04,0,Exercise,e,0,0.0,0.0,0.0,0.0,0.0,,Choice,3.0,2.0,,0,0
edX,edX-PL,1_05,0,Video,v,257,0.0,0.0,0.0,0.0,0.0,,NA,0.0,0.0,,0,0
edX,edX-PL,1_06,0,Exercise,e,0,0.0,0.0,0.0,0.0,0.0,,Choice,3.0,2.0,,0,0
edX,edX-PL,1_07,0,Video,v,568,0.0,0.0,0.0,0.0,0.0,,NA,0.0,0.0,,0,0
edX,edX-PL,1_07,0,Discussion,d,0,58.0,0.0,0.0,0.0,0.0,,NA,0.0,0.0,,0,0
edX,edX-PL,1_08,0,Exercise,e,0,0.0,0.0,0.0,0.0,0.0,,Choice,3.0,2.0,,0,0
edX,edX-PL,1_09,0,Poll,p,0,0.0,0.0,0.0,0.0,0.0,,NA,0.0,0.0,,0,0
edX,edX-PL,1_09,0,Poll,p,0,0.0,0.0,0.0,0.0,0.0,,NA,0.0,0.0,,0,0
edX,edX-PL,1_09,0,Poll,p,0,0.0,0.0,0.0,0.0,0.0,,NA,0.0,0.0,,0,0
edX,edX-PL,1_09,0,Poll,p,0,0.0,0.0,0.0,0.0,0.0,,NA,0.0,0.0,,0,0
edX,edX-PL,1_10,0,Video,v,126,0.0,0.0,0.0,0.0,0.0,,NA,0.0,0.0,,0,0
edX,edX-PL,1_11,0,Video,v,48,0.0,0.0,0.0,0.0,0.0,,NA,0.0,0.0,,0,0
edX,edX-PL,2_01,0,Video,v,554,0.0,0.0,0.0,0.0,0.0,,NA,0.0,0.0,,0,0
edX,edX-PL,2_01,0,Poll,p,0,0.0,0.0,0.0,0.0,0.0,,NA,0.0,0.0,,0,0
edX,edX-PL,2_01,0,Video,v,136,0.0,0.0,0.0,0.0,0.0,,NA,0.0,0.0,,0,0
edX,edX-PL,2_02,0,Exercise,e,0,0.0,0.0,0.0,0.0,0.0,,Choice,1.0,2.0,,0,0
edX,edX-PL,2_02,0,Exercise,e,0,0.0,0.0,0.0,0.0,0.0,,Choice,1.0,2.0,,0,0
edX,edX-PL,2_02,0,Exercise,e,0,0.0,0.0,0.0,0.0,0.0,,Choice,1.0,3.0,,0,0
edX,edX-PL,2_03,0,Exercise,e,0,0.0,0.0,0.0,0.0,0.0,,ShortAnswer,3.0,1.0,,0,0
edX,edX-PL,2_03,0,Video,v,377,0.0,0.0,0.0,0.0,0.0,,NA,0.0,0.0,,0,0
edX,edX-PL,2_04,0,Exercise,e,0,0.0,0.0,0.0,0.0,0.0,,Choice,1.0,4.0,,0,0
edX,edX-PL,2_05,0,Poll,p,0,0.0,0.0,0.0,0.0,0.0,,NA,0.0,0.0,,0,0
edX,edX-PL,2_06,0,Video,v,200,0.0,0.0,0.0,0.0,0.0,,NA,0.0,0.0,,0,0
edX,edX-PL,2_07,0,Video,v,238,0.0,0.0,0.0,0.0,0.0,,NA,0.0,0.0,,0,0
edX,edX-PL,2_08,0,Video,v,457,0.0,0.0,0.0,0.0,0.0,,NA,0.0,0.0,,0,0
edX,edX-PL,2_09,0,Exercise,e,0,0.0,0.0,0.0,0.0,0.0,,Choice,1.0,2.0,,0,0
edX,edX-PL,2_09,0,Exercise,e,0,0.0,0.0,0.0,0.0,0.0,,Choice,1.0,2.0,,0,0
edX,edX-PL,2_10,0,Video,v,209,0.0,0.0,0.0,0.0,0.0,,NA,0.0,0.0,,0,0
edX,edX-PL,3_01,0,Video,v,427,0.0,0.0,0.0,0.0,0.0,,NA,0.0,0.0,,0,0
edX,edX-PL,3_01,0,Video,v,36,0.0,0.0,0.0,0.0,0.0,,NA,0.0,0.0,,0,0
edX,edX-PL,3_01,0,Video,v,287,0.0,0.0,0.0,0.0,0.0,,NA,0.0,0.0,,0,0
edX,edX-PL,3_01,0,Video,v,40,0.0,0.0,0.0,0.0,0.0,,NA,0.0,0.0,,0,0
edX,edX-PL,3_01,0,Video,v,401,0.0,0.0,0.0,0.0,0.0,,NA,0.0,0.0,,0,0
edX,edX-PL,3_02,0,Video,v,303,0.0,0.0,0.0,0.0,0.0,,NA,0.0,0.0,,0,0
edX,edX-PL,3_03,0,Exercise,e,0,0.0,0.0,0.0,0.0,0.0,,Choice,1.0,6.0,,0,0
edX,edX-PL,3_03,0,Exercise,e,0,0.0,0.0,0.0,0.0,0.0,,Choice,1.0,6.0,,0,0
edX,edX-PL,3_03,0,Exercise,e,0,0.0,0.0,0.0,0.0,0.0,,Choice,5.0,2.0,,0,0
edX,edX-PL,3_04,0,Video,v,345,0.0,0.0,0.0,0.0,0.0,,NA,0.0,0.0,,0,0
edX,edX-PL,3_05,0,Exercise,e,0,0.0,0.0,0.0,0.0,0.0,,Choice,1.0,3.0,,0,0
edX,edX-PL,3_05,0,Exercise,e,0,0.0,0.0,0.0,0.0,0.0,,Choice,1.0,4.0,,0,0
edX,edX-PL,3_05,0,Exercise,e,0,0.0,0.0,0.0,0.0,0.0,,Choice,1.0,4.0,,0,0
edX,edX-PL,3_05,0,Exercise,e,0,0.0,0.0,0.0,0.0,0.0,,Choice,1.0,4.0,,0,0
edX,edX-PL,3_06,0,Video,v,147,0.0,0.0,0.0,0.0,0.0,,NA,0.0,0.0,,0,0
edX,edX-PL,3_06,0,Video,v,259,0.0,0.0,0.0,0.0,0.0,,NA,0.0,0.0,,0,0
edX,edX-PL,3_07,0,Exercise,e,0,0.0,0.0,0.0,0.0,0.0,,Choice,2.0,2.0,,0,0
edX,edX-PL,3_08,0,Video,v,249,0.0,0.0,0.0,0.0,0.0,,NA,0.0,0.0,,0,0
edX,edX-PL,3_09,0,Video,v,78,0.0,0.0,0.0,0.0,0.0,,NA,0.0,0.0,,0,0
edX,edX-PL,4_01,0,Video,v,124,0.0,0.0,0.0,0.0,0.0,,NA,0.0,0.0,,0,0
edX,edX-PL,4_01,0,Video,v,244,0.0,0.0,0.0,0.0,0.0,,NA,0.0,0.0,,0,0
edX,edX-PL,4_02,0,Exercise,e,0,0.0,0.0,0.0,0.0,0.0,,Choice,1.0,6.0,,0,0
edX,edX-PL,4_02,0,Exercise,e,0,0.0,0.0,0.0,0.0,0.0,,Choice,1.0,2.0,,0,0
edX,edX-PL,4_02,0,Exercise,e,0,0.0,0.0,0.0,0.0,0.0,,Choice,1.0,4.0,,0,0
edX,edX-PL,4_03,0,Video,v,542,0.0,0.0,0.0,0.0,0.0,,NA,0.0,0.0,,0,0
edX,edX-PL,4_03,0,Video,v,257,0.0,0.0,0.0,0.0,0.0,,NA,0.0,0.0,,0,0
edX,edX-PL,4_04,0,Exercise,e,0,0.0,0.0,0.0,0.0,0.0,,Choice,1.0,4.0,,0,0
edX,edX-PL,4_04,0,Exercise,e,0,0.0,0.0,0.0,0.0,0.0,,Choice,1.0,6.0,,0,0
edX,edX-PL,4_05,0,Video,v,210,0.0,0.0,0.0,0.0,0.0,,NA,0.0,0.0,,0,0
edX,edX-PL,4_06,0,Exercise,e,0,0.0,0.0,0.0,0.0,0.0,,Choice,1.0,4.0,,0,0
edX,edX-PL,4_06,0,Exercise,e,0,0.0,0.0,0.0,0.0,0.0,,Choice,1.0,4.0,,0,0
edX,edX-PL,4_07,0,Video,v,377,0.0,0.0,0.0,0.0,0.0,,NA,0.0,0.0,,0,0
edX,edX-PL,4_07,0,Video,v,192,0.0,0.0,0.0,0.0,0.0,,NA,0.0,0.0,,0,0
edX,edX-PL,4_08,0,Exercise,e,0,0.0,0.0,0.0,0.0,0.0,,Choice,1.0,4.0,,0,0
edX,edX-PL,4_08,0,Exercise,e,0,0.0,0.0,0.0,0.0,0.0,,Choice,1.0,5.0,,0,0
edX,edX-PL,4_08,0,Exercise,e,0,0.0,0.0,0.0,0.0,0.0,,Choice,1.0,5.0,,0,0
edX,edX-PL,4_08,0,Exercise,e,0,0.0,0.0,0.0,0.0,0.0,,Choice,1.0,4.0,,0,0
edX,edX-PL,4_09,0,Video,v,198,0.0,0.0,0.0,0.0,0.0,,NA,0.0,0.0,,0,0
edX,edX-PL,4_10,0,Exercise,e,0,0.0,0.0,0.0,0.0,0.0,,Choice,1.0,4.0,,0,0
edX,edX-PL,4_10,0,Exercise,e,0,0.0,0.0,0.0,0.0,0.0,,Choice,1.0,4.0,,0,0
edX,edX-PL,4_10,0,Exercise,e,0,0.0,0.0,0.0,0.0,0.0,,Choice,1.0,3.0,,0,0
edX,edX-PL,4_10,0,Exercise,e,0,0.0,0.0,0.0,0.0,0.0,,Choice,1.0,5.0,,0,0
edX,edX-PL,4_11,0,Video,v,222,0.0,0.0,0.0,0.0,0.0,,NA,0.0,0.0,,0,0
edX,edX-PL,4_12,0,Exercise,e,0,0.0,0.0,0.0,0.0,0.0,,Choice,1.0,4.0,,0,0
edX,edX-PL,4_12,0,Exercise,e,0,0.0,0.0,0.0,0.0,0.0,,Choice,1.0,3.0,,0,0
edX,edX-PL,4_12,0,Exercise,e,0,0.0,0.0,0.0,0.0,0.0,,Choice,1.0,3.0,,0,0
edX,edX-PL,4_13,0,Video,v,392,0.0,0.0,0.0,0.0,0.0,,NA,0.0,0.0,,0,0
edX,edX-PL,4_14,0,Video,v,445,0.0,0.0,0.0,0.0,0.0,,NA,0.0,0.0,,0,0
edX,edX-PL,4_15,0,Video,v,554,0.0,0.0,0.0,0.0,0.0,,NA,0.0,0.0,,0,0
edX,edX-PL,4_17,0,Text,t,0,105.0,0.0,0.0,0.0,0.0,,NA,0.0,0.0,,0,0
edX,edX-PL,4_18,0,Poll,p,0,0.0,0.0,0.0,0.0,0.0,,NA,0.0,0.0,,0,0
edX,edX-PL,4_18,0,Poll,p,0,0.0,0.0,0.0,0.0,0.0,,NA,0.0,0.0,,0,0
edX,edX-PL,4_18,0,Discussion,d,0,0.0,0.0,0.0,0.0,0.0,,NA,0.0,0.0,,0,0
edX,edX-PL,4_19,0,Text,t,0,47.0,0.0,0.0,0.0,0.0,2.0,NA,0.0,0.0,,0,0
edX,edX-PL,5_01,0,Video,v,606,0.0,0.0,0.0,0.0,0.0,,NA,0.0,0.0,,0,0
edX,edX-PL,5_02,0,Exercise,e,0,0.0,0.0,0.0,0.0,0.0,,Choice,1.0,2.0,,0,0
edX,edX-PL,5_02,0,Exercise,e,0,0.0,0.0,0.0,0.0,0.0,,Choice,1.0,4.0,,0,0
edX,edX-PL,5_02,0,Exercise,e,0,0.0,0.0,0.0,0.0,0.0,,Choice,6.0,3.0,,0,0
edX,edX-PL,5_02,0,Poll,p,0,0.0,0.0,0.0,0.0,0.0,,NA,0.0,0.0,,0,0
edX,edX-PL,5_02,0,Poll,p,0,0.0,0.0,0.0,0.0,0.0,,NA,0.0,0.0,,0,0
edX,edX-PL,5_02,0,Poll,p,0,0.0,0.0,0.0,0.0,0.0,,NA,0.0,0.0,,0,0
edX,edX-PL,5_03,0,Discussion,d,0,0.0,0.0,0.0,0.0,0.0,,NA,0.0,0.0,,0,0
edX,edX-PL,5_04,0,Video,v,110,0.0,0.0,0.0,0.0,0.0,,NA,0.0,0.0,,0,0
edX,edX-PL,5_05,0,Exercise,e,0,0.0,0.0,0.0,0.0,0.0,,Choice,1.0,5.0,,0,0
edX,edX-PL,5_06,0,Video,v,262,0.0,0.0,0.0,0.0,0.0,,NA,0.0,0.0,,0,0
edX,edX-PL,5_07,0,Exercise,e,0,0.0,0.0,0.0,0.0,0.0,,Choice,1.0,4.0,,0,0
edX,edX-PL,5_07,0,Exercise,e,0,0.0,0.0,0.0,0.0,0.0,,Choice,1.0,6.0,,0,0
edX,edX-PL,5_07,0,Exercise,e,0,0.0,0.0,0.0,0.0,0.0,,Choice,1.0,4.0,,0,0
edX,edX-PL,5_07,0,Exercise,e,0,0.0,0.0,0.0,0.0,0.0,,Choice,1.0,4.0,,0,0
edX,edX-PL,5_08,0,Video,v,331,0.0,0.0,0.0,0.0,0.0,,NA,0.0,0.0,,0,0
edX,edX-PL,5_09,0,Exercise,e,0,0.0,0.0,0.0,0.0,0.0,,Choice,1.0,4.0,,0,0
edX,edX-PL,5_09,0,Exercise,e,0,0.0,0.0,0.0,0.0,0.0,,Choice,1.0,4.0,,0,0
edX,edX-PL,5_09,0,Exercise,e,0,0.0,0.0,0.0,0.0,0.0,,Choice,1.0,4.0,,0,0
edX,edX-PL,5_10,0,Video,v,304,0.0,0.0,0.0,0.0,0.0,,NA,0.0,0.0,,0,0
edX,edX-PL,5_11,0,Exercise,e,0,0.0,0.0,0.0,0.0,0.0,,Mapping,1.0,7.0,,0,0
edX,edX-PL,5_11,0,Exercise,e,0,0.0,0.0,0.0,0.0,0.0,,Choice,1.0,4.0,,0,0
edX,edX-PL,5_12,0,Video,v,617,0.0,0.0,0.0,0.0,0.0,,NA,0.0,0.0,,0,0
edX,edX-PL,5_13,0,Exercise,e,0,0.0,0.0,0.0,0.0,0.0,,Mapping,1.0,7.0,,0,0
edX,edX-PL,5_13,0,Exercise,e,0,0.0,0.0,0.0,0.0,0.0,,Choice,1.0,4.0,,0,0
edX,edX-PL,5_14,0,Video,v,209,0.0,0.0,0.0,0.0,0.0,,NA,0.0,0.0,,0,0
edX,edX-PL,5_15,0,Exercise,e,0,0.0,0.0,0.0,0.0,0.0,,Choice,1.0,5.0,,0,0
edX,edX-PL,5_15,0,Exercise,e,0,0.0,0.0,0.0,0.0,0.0,,Choice,1.0,3.0,,0,0
edX,edX-PL,5_16,0,Video,v,175,0.0,0.0,0.0,0.0,0.0,,NA,0.0,0.0,,0,0
edX,edX-PL,5_17,0,Video,v,56,0.0,0.0,0.0,0.0,0.0,,NA,0.0,0.0,,0,0
edX,edX-PL,5_19,0,Discussion,d,0,0.0,0.0,0.0,0.0,0.0,,NA,0.0,0.0,,0,0
edX,edX-PL,6_01,0,Video,v,212,0.0,0.0,0.0,0.0,0.0,,NA,0.0,0.0,,0,0
edX,edX-PL,6_02,0,Exercise,e,0,0.0,0.0,0.0,0.0,0.0,,Choice,1.0,4.0,,0,0
edX,edX-PL,6_02,0,Exercise,e,0,0.0,0.0,0.0,0.0,0.0,,Choice,1.0,4.0,,0,0
edX,edX-PL,6_03,0,Video,v,329,0.0,0.0,0.0,0.0,0.0,,NA,0.0,0.0,,0,0
edX,edX-PL,6_04,0,Exercise,e,0,0.0,0.0,0.0,0.0,0.0,,Choice,1.0,8.0,,0,0
edX,edX-PL,6_04,0,Exercise,e,0,0.0,0.0,0.0,0.0,0.0,,Choice,4.0,2.0,,0,0
edX,edX-PL,6_05,0,Video,v,108,0.0,0.0,0.0,0.0,0.0,,NA,0.0,0.0,,0,0
edX,edX-PL,6_05,0,Video,v,176,0.0,0.0,0.0,0.0,0.0,,NA,0.0,0.0,,0,0
edX,edX-PL,6_06,0,Video,v,163,0.0,0.0,0.0,0.0,0.0,,NA,0.0,0.0,,0,0
edX,edX-PL,6_07,0,Exercise,e,0,0.0,0.0,0.0,0.0,0.0,,Choice,1.0,4.0,,0,0
edX,edX-PL,6_07,0,Discussion,d,0,0.0,0.0,0.0,0.0,0.0,,NA,0.0,0.0,,0,0
edX,edX-PL,6_08,0,Video,v,62,0.0,0.0,0.0,0.0,0.0,,NA,0.0,0.0,,0,0
edX,edX-PL,6_09,0,Exercise,e,0,0.0,0.0,0.0,0.0,0.0,,Choice,1.0,2.0,,0,0
edX,edX-PL,6_09,0,Exercise,e,0,0.0,0.0,0.0,0.0,0.0,,Choice,5.0,2.0,,0,0
edX,edX-PL,6_10,0,Video,v,362,0.0,0.0,0.0,0.0,0.0,,NA,0.0,0.0,,0,0
edX,edX-PL,6_11,0,Video,v,508,0.0,0.0,0.0,0.0,0.0,,NA,0.0,0.0,,0,0
edX,edX-PL,6_12,0,Exercise,e,0,0.0,0.0,0.0,0.0,0.0,,Choice,1.0,6.0,,0,0
edX,edX-PL,6_12,0,Exercise,e,0,0.0,0.0,0.0,0.0,0.0,,Choice,1.0,5.0,,0,0
edX,edX-PL,6_12,0,Poll,p,0,0.0,0.0,0.0,0.0,0.0,,NA,0.0,0.0,,0,0
edX,edX-PL,6_13,0,Video,v,209,0.0,0.0,0.0,0.0,0.0,,NA,0.0,0.0,,0,0
edX,edX-PL,6_14,0,Exercise,e,0,0.0,0.0,0.0,0.0,0.0,,Choice,2.0,4.0,,0,0
edX,edX-PL,6_14,0,Exercise,e,0,0.0,0.0,0.0,0.0,0.0,,Choice,1.0,9.0,,0,0
edX,edX-PL,6_14,0,Exercise,e,0,0.0,0.0,0.0,0.0,0.0,,Choice,3.0,4.0,,0,0
edX,edX-PL,6_15,0,Text,t,0,327.0,1.0,0.0,0.0,0.0,1.0,NA,0.0,0.0,,0,1
edX,edX-PL,6_15,0,Video,v,49,0.0,0.0,0.0,0.0,0.0,,NA,0.0,0.0,,0,0
edX,edX-PL,6_17,0,Text,t,0,160.0,0.0,0.0,0.0,0.0,2.0,NA,0.0,0.0,,0,0
edX,edX-PL,7_01,0,Video,v,257,0.0,0.0,0.0,0.0,0.0,,NA,0.0,0.0,,0,0
edX,edX-PL,7_02,0,Video,v,469,0.0,0.0,0.0,0.0,0.0,,NA,0.0,0.0,,0,0
edX,edX-PL,7_03,0,Exercise,e,0,0.0,0.0,0.0,0.0,0.0,,Choice,4.0,4.0,,0,0
edX,edX-PL,7_04,0,Discussion,d,0,0.0,0.0,0.0,0.0,0.0,,NA,0.0,0.0,,0,0
edX,edX-PL,7_05,0,Video,v,177,0.0,0.0,0.0,0.0,0.0,,NA,0.0,0.0,,0,0
edX,edX-PL,7_06,0,Exercise,e,0,0.0,0.0,0.0,0.0,0.0,,Choice,1.0,4.0,,0,0
edX,edX-PL,7_06,0,Exercise,e,0,0.0,0.0,0.0,0.0,0.0,,Choice,1.0,4.0,,0,0
edX,edX-PL,7_06,0,Exercise,e,0,0.0,0.0,0.0,0.0,0.0,,Choice,1.0,4.0,,0,0
edX,edX-PL,7_07,0,Video,v,440,0.0,0.0,0.0,0.0,0.0,,NA,0.0,0.0,,0,0
edX,edX-PL,7_08,0,Exercise,e,0,0.0,0.0,0.0,0.0,0.0,,Choice,1.0,4.0,,0,0
edX,edX-PL,7_08,0,Exercise,e,0,0.0,0.0,0.0,0.0,0.0,,Choice,1.0,4.0,,0,0
edX,edX-PL,7_08,0,Exercise,e,0,0.0,0.0,0.0,0.0,0.0,,Choice,1.0,4.0,,0,0
edX,edX-PL,7_09,0,Video,v,534,0.0,0.0,0.0,0.0,0.0,,NA,0.0,0.0,,0,0
edX,edX-PL,7_10,0,Exercise,e,0,0.0,0.0,0.0,0.0,0.0,,Choice,1.0,5.0,,0,0
edX,edX-PL,7_10,0,Exercise,e,0,0.0,0.0,0.0,0.0,0.0,,Choice,1.0,5.0,,0,0
edX,edX-PL,7_11,0,Video,v,344,0.0,0.0,0.0,0.0,0.0,,NA,0.0,0.0,,0,0
edX,edX-PL,7_12,0,Exercise,e,0,0.0,0.0,0.0,0.0,0.0,,Choice,3.0,4.0,,0,0
edX,edX-PL,7_13,0,Video,v,499,0.0,0.0,0.0,0.0,0.0,,NA,0.0,0.0,,0,0
edX,edX-PL,7_14,0,Exercise,e,0,0.0,0.0,0.0,0.0,0.0,,Choice,1.0,4.0,,0,0
edX,edX-PL,7_15,0,Video,v,717,0.0,0.0,0.0,0.0,0.0,,NA,0.0,0.0,,0,0
edX,edX-PL,7_15,0,Video,v,96,0.0,0.0,0.0,0.0,0.0,,NA,0.0,0.0,,0,0
edX,edX-PL,7_16,0,Exercise,e,0,0.0,0.0,0.0,0.0,0.0,,Choice,1.0,4.0,,0,0
edX,edX-PL,7_16,0,Exercise,e,0,0.0,0.0,0.0,0.0,0.0,,Choice,1.0,4.0,,0,0
edX,edX-PL,7_17,0,Video,v,279,0.0,0.0,0.0,0.0,0.0,,NA,0.0,0.0,,0,0
edX,edX-PL,7_18,0,Exercise,e,0,0.0,0.0,0.0,0.0,0.0,,Choice,1.0,4.0,,0,0
edX,edX-PL,7_19,0,Video,v,89,0.0,0.0,0.0,0.0,0.0,,NA,0.0,0.0,,0,0
edX,edX-PL,8_01,0,Video,v,142,0.0,0.0,0.0,0.0,0.0,,NA,0.0,0.0,,0,0
edX,edX-PL,8_02,0,Poll,p,0,0.0,0.0,0.0,0.0,0.0,,NA,0.0,0.0,,0,0
edX,edX-PL,8_02,0,Poll,p,0,0.0,0.0,0.0,0.0,0.0,,NA,0.0,0.0,,0,0
edX,edX-PL,8_02,0,Discussion,d,0,0.0,0.0,0.0,0.0,0.0,,NA,0.0,0.0,,0,0
edX,edX-PL,8_03,0,Video,v,433,0.0,0.0,0.0,0.0,0.0,,NA,0.0,0.0,,0,0
edX,edX-PL,8_04,0,Poll,p,0,0.0,0.0,0.0,0.0,0.0,,NA,0.0,0.0,,0,0
edX,edX-PL,8_04,0,Discussion,d,0,0.0,0.0,0.0,0.0,0.0,,NA,0.0,0.0,,0,0
edX,edX-PL,8_05,0,Video,v,762,0.0,0.0,0.0,0.0,0.0,,NA,0.0,0.0,,0,0
edX,edX-PL,8_05,0,Discussion,d,0,0.0,0.0,0.0,0.0,0.0,,NA,0.0,0.0,,0,0
edX,edX-PL,8_06,0,Poll,p,0,0.0,0.0,0.0,0.0,0.0,,NA,0.0,0.0,,0,0
edX,edX-PL,8_07,0,Video,v,152,0.0,0.0,0.0,0.0,0.0,,NA,0.0,0.0,,0,0
edX,edX-PL,8_08,0,Exercise,e,0,0.0,0.0,0.0,0.0,0.0,,Choice,1.0,4.0,,0,0
edX,edX-PL,8_08,0,Exercise,e,0,0.0,0.0,0.0,0.0,0.0,,Choice,1.0,4.0,,0,0
edX,edX-PL,8_08,0,Exercise,e,0,0.0,0.0,0.0,0.0,0.0,,Choice,1.0,4.0,,0,0
edX,edX-PL,8_09,0,Video,v,150,0.0,0.0,0.0,0.0,0.0,,NA,0.0,0.0,,0,0
edX,edX-PL,8_10,0,Exercise,e,0,0.0,0.0,0.0,0.0,0.0,,Choice,1.0,4.0,,0,0
edX,edX-PL,8_11,0,Video,v,110,0.0,0.0,0.0,0.0,0.0,,NA,0.0,0.0,,0,0
edX,edX-PL,8_12,0,Exercise,e,0,0.0,0.0,0.0,0.0,0.0,,Choice,1.0,4.0,,0,0
edX,edX-PL,8_12,0,Discussion,d,0,0.0,0.0,0.0,0.0,0.0,,NA,0.0,0.0,,0,0
edX,edX-PL,8_13,0,Video,v,425,0.0,0.0,0.0,0.0,0.0,,NA,0.0,0.0,,0,0
edX,edX-PL,8_14,0,Video,v,191,0.0,0.0,0.0,0.0,0.0,,NA,0.0,0.0,,0,0
edX,edX-PL,8_15,0,Video,v,84,0.0,0.0,0.0,0.0,0.0,,NA,0.0,0.0,,0,0
edX,edX-AS,1_01,0,Video,v,203,0.0,0.0,0.0,0.0,0.0,,NA,0.0,0.0,,0,0
edX,edX-AS,1_02,0,Video,v,298,0.0,0.0,0.0,0.0,0.0,,NA,0.0,0.0,,0,0
edX,edX-AS,1_03,0,Video,v,542,0.0,0.0,0.0,0.0,0.0,,NA,0.0,0.0,,0,0
edX,edX-AS,1_04,0,Video,v,726,0.0,0.0,0.0,0.0,0.0,,NA,0.0,0.0,,0,0
edX,edX-AS,1_05,0,Text,t,0,218.0,0.0,0.0,0.0,0.0,,NA,0.0,0.0,,0,0
edX,edX-AS,1_06,0,Exercise,e,0,0.0,0.0,0.0,0.0,0.0,,Choice,4.0,4.0,,0,0
edX,edX-AS,1_07,0,Video,v,312,0.0,0.0,0.0,0.0,0.0,,NA,0.0,0.0,,0,0
edX,edX-AS,1_08,0,Video,v,567,0.0,0.0,0.0,0.0,0.0,,NA,0.0,0.0,,0,0
edX,edX-AS,1_09,0,Video,v,389,0.0,0.0,0.0,0.0,0.0,,NA,0.0,0.0,,0,0
edX,edX-AS,1_10,0,Exercise,e,0,0.0,0.0,0.0,0.0,0.0,,Choice,6.0,4.0,,0,0
edX,edX-AS,1_11,0,Video,v,338,0.0,0.0,0.0,0.0,0.0,,NA,0.0,0.0,,0,0
edX,edX-AS,1_12,0,Video,v,198,0.0,0.0,0.0,0.0,0.0,,NA,0.0,0.0,,0,0
edX,edX-AS,1_13,0,Exercise,e,0,0.0,0.0,0.0,0.0,0.0,,Choice,5.0,4.0,,0,0
edX,edX-AS,1_15,0,Discussion,d,0,0.0,0.0,0.0,0.0,0.0,,NA,0.0,0.0,,0,0
edX,edX-AS,2_01,0,Text,t,0,86.0,0.0,0.0,0.0,0.0,,NA,0.0,0.0,,0,0
edX,edX-AS,2_02,0,Video,v,169,0.0,0.0,0.0,0.0,0.0,,NA,0.0,0.0,,0,0
edX,edX-AS,2_03,0,Video,v,297,0.0,0.0,0.0,0.0,0.0,,NA,0.0,0.0,,0,0
edX,edX-AS,2_04,0,Video,v,491,0.0,0.0,0.0,0.0,0.0,,NA,0.0,0.0,,0,0
edX,edX-AS,2_05,0,Text,t,0,816.0,0.0,0.0,0.0,0.0,1.0,NA,0.0,0.0,,0,0
edX,edX-AS,2_07,0,Text,t,0,115.0,0.0,0.0,0.0,0.0,,NA,0.0,0.0,,0,0
edX,edX-AS,2_08,0,Exercise,e,0,0.0,0.0,0.0,0.0,0.0,,Choice,5.0,4.0,,0,0
edX,edX-AS,2_09,0,Video,v,627,0.0,0.0,0.0,0.0,0.0,,NA,0.0,0.0,,0,0
edX,edX-AS,2_10,0,Text,t,0,398.0,0.0,0.0,0.0,0.0,1.0,NA,0.0,0.0,,0,0
edX,edX-AS,2_11,0,Video,v,370,0.0,0.0,0.0,0.0,0.0,,NA,0.0,0.0,,0,0
edX,edX-AS,2_12,0,Video,v,435,0.0,0.0,0.0,0.0,0.0,,NA,0.0,0.0,,0,0
edX,edX-AS,2_13,0,Text,t,0,686.0,0.0,0.0,0.0,0.0,1.0,NA,0.0,0.0,,0,0
edX,edX-AS,2_14,0,Text,t,0,157.0,0.0,0.0,0.0,0.0,,NA,0.0,0.0,,0,0
edX,edX-AS,2_15,0,Exercise,e,0,0.0,0.0,0.0,0.0,0.0,,Choice,5.0,4.0,,0,0
edX,edX-AS,2_16,0,Video,v,574,0.0,0.0,0.0,0.0,0.0,,NA,0.0,0.0,,0,0
edX,edX-AS,2_17,0,Video,v,655,0.0,0.0,0.0,0.0,0.0,,NA,0.0,0.0,,0,0
edX,edX-AS,2_18,0,Text,t,0,998.0,0.0,0.0,0.0,0.0,1.0,NA,0.0,0.0,,0,0
edX,edX-AS,2_19,0,Video,v,660,0.0,0.0,0.0,0.0,0.0,,NA,0.0,0.0,,0,0
edX,edX-AS,2_20,0,Text,t,0,866.0,0.0,0.0,0.0,0.0,1.0,NA,0.0,0.0,,0,0
edX,edX-AS,2_21,0,Text,t,0,122.0,0.0,0.0,0.0,0.0,,NA,0.0,0.0,,0,0
edX,edX-AS,2_22,0,Exercise,e,0,0.0,0.0,0.0,0.0,0.0,,Choice,5.0,4.0,,0,0
edX,edX-AS,3_01,0,Text,t,0,122.0,0.0,0.0,0.0,0.0,,NA,0.0,0.0,,0,0
edX,edX-AS,3_02,0,Video,v,300,0.0,0.0,0.0,0.0,0.0,,NA,0.0,0.0,,0,0
edX,edX-AS,3_03,0,Text,t,0,766.0,0.0,0.0,0.0,0.0,1.0,NA,0.0,0.0,,0,0
edX,edX-AS,3_04,0,Video,v,320,0.0,0.0,0.0,0.0,0.0,,NA,0.0,0.0,,0,0
edX,edX-AS,3_05,0,Text,t,0,124.0,0.0,0.0,0.0,0.0,,NA,0.0,0.0,,0,0
edX,edX-AS,3_06,0,Exercise,e,0,0.0,0.0,0.0,0.0,0.0,,Choice,5.0,4.0,,0,0
edX,edX-AS,3_07,0,Video,v,222,0.0,0.0,0.0,0.0,0.0,,NA,0.0,0.0,,0,0
edX,edX-AS,3_08,0,Text,t,0,696.0,0.0,0.0,0.0,0.0,1.0,NA,0.0,0.0,,0,0
edX,edX-AS,3_09,0,Video,v,255,0.0,0.0,0.0,0.0,0.0,,NA,0.0,0.0,,0,0
edX,edX-AS,3_10,0,Video,v,214,0.0,0.0,0.0,0.0,0.0,,NA,0.0,0.0,,0,0
edX,edX-AS,3_11,0,Text,t,0,161.0,0.0,0.0,0.0,0.0,,NA,0.0,0.0,,0,0
edX,edX-AS,3_12,0,Exercise,e,0,0.0,0.0,0.0,0.0,0.0,,Choice,5.0,4.0,,0,0
edX,edX-AS,3_13,0,Video,v,282,0.0,0.0,0.0,0.0,0.0,,NA,0.0,0.0,,0,0
edX,edX-AS,3_14,0,Video,v,324,0.0,0.0,0.0,0.0,0.0,,NA,0.0,0.0,,0,0
edX,edX-AS,3_15,0,Text,t,0,660.0,0.0,0.0,0.0,0.0,1.0,NA,0.0,0.0,,0,0
edX,edX-AS,3_16,0,Video,v,367,0.0,0.0,0.0,0.0,0.0,,NA,0.0,0.0,,0,0
edX,edX-AS,3_17,0,Text,t,0,198.0,0.0,0.0,0.0,0.0,,NA,0.0,0.0,,0,0
edX,edX-AS,3_18,0,Exercise,e,0,0.0,0.0,0.0,0.0,0.0,,Choice,5.0,4.0,,0,0
edX,edX-AS,3_20,0,Discussion,d,0,0.0,0.0,0.0,0.0,0.0,,NA,0.0,0.0,,0,0
edX,edX-AS,3_21,0,Text,t,0,44.0,0.0,0.0,0.0,0.0,,NA,0.0,0.0,,0,0
edX,edX-IS,1_01,0,Video,v,209,0.0,0.0,0.0,0.0,0.0,,NA,0.0,0.0,,0,0
edX,edX-IS,1_01,0,Poll,p,0,0.0,0.0,0.0,0.0,0.0,,NA,0.0,0.0,,0,0
edX,edX-IS,1_01,0,Discussion,d,0,0.0,0.0,0.0,0.0,0.0,,NA,0.0,0.0,,0,0
edX,edX-IS,1_01,0,Text,t,0,794.0,1.0,0.0,0.0,0.0,4.0,NA,0.0,0.0,,0,1
edX,edX-IS,1_01,0,Poll,p,0,0.0,0.0,0.0,0.0,0.0,,NA,0.0,0.0,,0,0
edX,edX-IS,1_01,0,Text,t,0,69.0,0.0,0.0,0.0,0.0,,NA,0.0,0.0,,0,0
edX,edX-IS,1_01,0,Discussion,d,0,0.0,0.0,0.0,0.0,0.0,,NA,0.0,0.0,,0,0
edX,edX-IS,1_01,0,Text,t,0,55.0,0.0,0.0,0.0,0.0,,NA,0.0,0.0,,0,0
edX,edX-IS,1_01,0,Video,v,324,0.0,0.0,0.0,0.0,0.0,,NA,0.0,0.0,,0,0
edX,edX-IS,1_02,0,Video,v,138,0.0,0.0,0.0,0.0,0.0,,NA,0.0,0.0,,0,0
edX,edX-IS,1_02,0,Exercise,e,0,0.0,0.0,0.0,0.0,0.0,,Choice,3.0,3.0,,0,0
edX,edX-IS,1_02,0,Discussion,d,0,0.0,0.0,0.0,0.0,0.0,,NA,0.0,0.0,,0,0
edX,edX-IS,1_02,0,Video,v,154,0.0,0.0,0.0,0.0,0.0,,NA,0.0,0.0,,0,0
edX,edX-IS,1_02,0,Exercise,e,0,0.0,0.0,0.0,0.0,0.0,,ShortAnswer,2.0,0.0,,0,0
edX,edX-IS,1_02,0,Discussion,d,0,0.0,0.0,0.0,0.0,0.0,,NA,0.0,0.0,,0,0
edX,edX-IS,1_02,0,Video,v,167,0.0,0.0,0.0,0.0,0.0,,NA,0.0,0.0,,0,0
edX,edX-IS,1_02,0,Exercise,e,0,0.0,0.0,0.0,0.0,0.0,,Choice,1.0,3.0,,0,0
edX,edX-IS,1_02,0,Exercise,e,0,0.0,0.0,0.0,0.0,0.0,,ShortAnswer,1.0,0.0,,0,0
edX,edX-IS,1_02,0,Discussion,d,0,0.0,0.0,0.0,0.0,0.0,,NA,0.0,0.0,,0,0
edX,edX-IS,1_02,0,Video,v,145,0.0,0.0,0.0,0.0,0.0,,NA,0.0,0.0,,0,0
edX,edX-IS,1_02,0,Exercise,e,0,0.0,0.0,0.0,0.0,0.0,,Choice,1.0,2.0,,0,0
edX,edX-IS,1_02,0,Discussion,d,0,0.0,0.0,0.0,0.0,0.0,,NA,0.0,0.0,,0,0
edX,edX-IS,1_02,0,Text,t,0,545.0,2.0,0.0,0.0,0.0,,NA,0.0,0.0,,0,2
edX,edX-IS,1_02,0,Exercise,e,0,0.0,0.0,0.0,0.0,0.0,,Mapping,1.0,5.0,,0,0
edX,edX-IS,1_03,0,Video,v,231,0.0,0.0,0.0,0.0,0.0,,NA,0.0,0.0,,0,0
edX,edX-IS,1_03,0,Exercise,e,0,0.0,0.0,0.0,0.0,0.0,,Mapping,6.0,4.0,,0,0
edX,edX-IS,1_03,0,Discussion,d,0,0.0,0.0,0.0,0.0,0.0,,NA,0.0,0.0,,0,0
edX,edX-IS,1_03,0,Video,v,177,0.0,0.0,0.0,0.0,0.0,,NA,0.0,0.0,,0,0
edX,edX-IS,1_03,0,Poll,p,0,0.0,0.0,0.0,0.0,0.0,,NA,0.0,0.0,,0,0
edX,edX-IS,1_03,0,Discussion,d,0,0.0,0.0,0.0,0.0,0.0,,NA,0.0,0.0,,0,0
edX,edX-IS,1_04,0,Video,v,257,0.0,0.0,0.0,0.0,0.0,,NA,0.0,0.0,,0,0
edX,edX-IS,1_04,0,Exercise,e,0,0.0,0.0,0.0,0.0,0.0,,ShortAnswer,2.0,0.0,,0,0
edX,edX-IS,1_04,0,Discussion,d,0,0.0,0.0,0.0,0.0,0.0,,NA,0.0,0.0,,0,0
edX,edX-IS,1_04,0,Text,t,0,294.0,1.0,0.0,0.0,0.0,,NA,0.0,0.0,,0,1
edX,edX-IS,1_04,0,Text,t,0,55.0,0.0,0.0,0.0,0.0,,NA,0.0,0.0,,0,0
edX,edX-IS,1_04,0,Exercise,e,0,0.0,0.0,0.0,0.0,0.0,,Coding,1.0,0.0,,0,0
edX,edX-IS,1_04,0,Discussion,d,0,0.0,0.0,0.0,0.0,0.0,,NA,0.0,0.0,,0,0
edX,edX-IS,1_04,0,Video,v,277,0.0,0.0,0.0,0.0,0.0,,NA,0.0,0.0,,0,0
edX,edX-IS,1_04,0,Exercise,e,0,0.0,0.0,0.0,0.0,0.0,,Choice,2.0,4.0,,0,0
edX,edX-IS,1_04,0,Discussion,d,0,0.0,0.0,0.0,0.0,0.0,,NA,0.0,0.0,,0,0
edX,edX-IS,1_05,0,Video,v,106,0.0,0.0,0.0,0.0,0.0,,NA,0.0,0.0,,0,0
edX,edX-IS,1_05,0,Discussion,d,0,0.0,0.0,0.0,0.0,0.0,,NA,0.0,0.0,,0,0
edX,edX-IS,1_05,0,Text,t,0,186.0,0.0,0.0,0.0,0.0,26.0,NA,0.0,0.0,,0,0
edX,edX-IS,1_05,0,Text,t,0,17.0,0.0,1.0,0.0,0.0,2.0,NA,0.0,0.0,,0,1
edX,edX-IS,2_01,0,Text,t,0,56.0,0.0,0.0,0.0,0.0,,NA,0.0,0.0,,0,0
edX,edX-IS,2_01,0,Video,v,216,0.0,0.0,0.0,0.0,0.0,,NA,0.0,0.0,,0,0
edX,edX-IS,2_01,0,Text,t,0,620.0,9.0,0.0,0.0,0.0,1.0,NA,0.0,0.0,,0,9
edX,edX-IS,2_01,0,Exercise,e,0,0.0,0.0,0.0,0.0,0.0,,ShortAnswer,2.0,0.0,,0,0
edX,edX-IS,2_01,0,Discussion,d,0,0.0,0.0,0.0,0.0,0.0,,NA,0.0,0.0,,0,0
edX,edX-IS,2_01,0,Video,v,291,0.0,0.0,0.0,0.0,0.0,,NA,0.0,0.0,,0,0
edX,edX-IS,2_01,0,Exercise,e,0,0.0,0.0,0.0,0.0,0.0,,Mapping,5.0,5.0,,0,0
edX,edX-IS,2_01,0,Discussion,d,0,0.0,0.0,0.0,0.0,0.0,,NA,0.0,0.0,,0,0
edX,edX-IS,2_01,0,Text,t,0,50.0,0.0,0.0,0.0,0.0,,NA,0.0,0.0,,0,0
edX,edX-IS,2_01,0,Exercise,e,0,0.0,0.0,0.0,0.0,0.0,,Coding,1.0,0.0,,0,0
edX,edX-IS,2_01,0,Discussion,d,0,0.0,0.0,0.0,0.0,0.0,,NA,0.0,0.0,,0,0
edX,edX-IS,2_02,0,Video,v,403,0.0,0.0,0.0,0.0,0.0,,NA,0.0,0.0,,0,0
edX,edX-IS,2_02,0,Exercise,e,0,0.0,0.0,0.0,0.0,0.0,,Choice,2.0,4.0,,0,0
edX,edX-IS,2_02,0,Discussion,d,0,0.0,0.0,0.0,0.0,0.0,,NA,0.0,0.0,,0,0
edX,edX-IS,2_02,0,Exercise,e,0,0.0,0.0,0.0,0.0,0.0,,Coding,1.0,0.0,,0,0
edX,edX-IS,2_02,0,Discussion,d,0,0.0,0.0,0.0,0.0,0.0,,NA,0.0,0.0,,0,0
edX,edX-IS,2_02,0,Exercise,e,0,0.0,0.0,0.0,0.0,0.0,,ShortAnswer,2.0,0.0,,0,0
edX,edX-IS,2_02,0,Exercise,e,0,0.0,0.0,0.0,0.0,0.0,,Coding,1.0,0.0,,0,0
edX,edX-IS,2_02,0,Discussion,d,0,0.0,0.0,0.0,0.0,0.0,,NA,0.0,0.0,,0,0
edX,edX-IS,2_03,0,Exercise,e,0,0.0,0.0,0.0,0.0,0.0,,ShortAnswer,4.0,0.0,,0,0
edX,edX-IS,2_03,0,Video,v,161,0.0,0.0,0.0,0.0,0.0,,NA,0.0,0.0,,0,0
edX,edX-IS,2_03,0,Exercise,e,0,0.0,0.0,0.0,0.0,0.0,,ShortAnswer,1.0,0.0,,0,0
edX,edX-IS,2_03,0,Discussion,d,0,0.0,0.0,0.0,0.0,0.0,,NA,0.0,0.0,,0,0
edX,edX-IS,2_03,0,Video,v,414,0.0,0.0,0.0,0.0,0.0,,NA,0.0,0.0,,0,0
edX,edX-IS,2_03,0,Exercise,e,0,0.0,0.0,0.0,0.0,0.0,,Choice,2.0,4.0,,0,0
edX,edX-IS,2_03,0,Discussion,d,0,0.0,0.0,0.0,0.0,0.0,,NA,0.0,0.0,,0,0
edX,edX-IS,2_03,0,Text,t,0,49.0,0.0,0.0,0.0,0.0,,NA,0.0,0.0,,0,0
edX,edX-IS,2_03,0,Exercise,e,0,0.0,0.0,0.0,0.0,0.0,,Coding,1.0,0.0,,0,0
edX,edX-IS,2_03,0,Discussion,d,0,0.0,0.0,0.0,0.0,0.0,,NA,0.0,0.0,,0,0
edX,edX-IS,2_03,0,Video,v,493,0.0,0.0,0.0,0.0,0.0,,NA,0.0,0.0,,0,0
edX,edX-IS,2_03,0,Exercise,e,0,0.0,0.0,0.0,0.0,0.0,,Choice,2.0,4.0,,0,0
edX,edX-IS,2_03,0,Discussion,d,0,0.0,0.0,0.0,0.0,0.0,,NA,0.0,0.0,,0,0
edX,edX-IS,2_03,0,Text,t,0,182.0,0.0,0.0,0.0,0.0,,NA,0.0,0.0,,0,0
edX,edX-IS,2_03,0,Exercise,e,0,0.0,0.0,0.0,0.0,0.0,,Coding,1.0,0.0,,0,0
edX,edX-IS,2_03,0,Discussion,d,0,0.0,0.0,0.0,0.0,0.0,,NA,0.0,0.0,,0,0
edX,edX-IS,2_03,0,Text,t,0,51.0,0.0,0.0,0.0,0.0,,NA,0.0,0.0,,0,0
edX,edX-IS,2_03,0,Exercise,e,0,0.0,0.0,0.0,0.0,0.0,,Coding,1.0,0.0,,0,0
edX,edX-IS,2_03,0,Discussion,d,0,0.0,0.0,0.0,0.0,0.0,,NA,0.0,0.0,,0,0
edX,edX-IS,2_04,0,Video,v,197,0.0,0.0,0.0,0.0,0.0,,NA,0.0,0.0,,0,0
edX,edX-IS,2_04,0,Exercise,e,0,0.0,0.0,0.0,0.0,0.0,,Choice,1.0,4.0,,0,0
edX,edX-IS,2_04,0,Discussion,d,0,0.0,0.0,0.0,0.0,0.0,,NA,0.0,0.0,,0,0
edX,edX-IS,2_04,0,Text,t,0,753.0,3.0,0.0,0.0,0.0,,NA,0.0,0.0,,0,3
edX,edX-IS,2_04,0,Text,t,0,105.0,0.0,0.0,0.0,0.0,,NA,0.0,0.0,,0,0
edX,edX-IS,2_04,0,Exercise,e,0,0.0,0.0,0.0,0.0,0.0,,Coding,1.0,0.0,,0,0
edX,edX-IS,2_04,0,Discussion,d,0,0.0,0.0,0.0,0.0,0.0,,NA,0.0,0.0,,0,0
edX,edX-IS,2_04,0,Text,t,0,54.0,0.0,0.0,0.0,0.0,,NA,0.0,0.0,,0,0
edX,edX-IS,2_04,0,Exercise,e,0,0.0,0.0,0.0,0.0,0.0,,Coding,1.0,0.0,,0,0
edX,edX-IS,2_04,0,Discussion,d,0,0.0,0.0,0.0,0.0,0.0,,NA,0.0,0.0,,0,0
edX,edX-IS,2_04,0,Text,t,0,65.0,0.0,0.0,0.0,0.0,,NA,0.0,0.0,,0,0
edX,edX-IS,2_04,0,Exercise,e,0,0.0,0.0,0.0,0.0,0.0,,Coding,1.0,0.0,,0,0
edX,edX-IS,2_04,0,Discussion,d,0,0.0,0.0,0.0,0.0,0.0,,NA,0.0,0.0,,0,0
edX,edX-IS,2_05,0,Video,v,209,0.0,0.0,0.0,0.0,0.0,,NA,0.0,0.0,,0,0
edX,edX-IS,2_05,0,Exercise,e,0,0.0,0.0,0.0,0.0,0.0,,Choice,2.0,4.0,,0,0
edX,edX-IS,2_05,0,Discussion,d,0,0.0,0.0,0.0,0.0,0.0,,NA,0.0,0.0,,0,0
edX,edX-IS,2_06,0,Text,t,0,659.0,1.0,0.0,0.0,0.0,2.0,NA,0.0,0.0,,0,1
edX,edX-IS,2_06,0,Text,t,0,680.0,1.0,0.0,0.0,0.0,,NA,0.0,0.0,,0,1
edX,edX-IS,2_06,0,Text,t,0,629.0,2.0,0.0,0.0,9.0,,NA,0.0,0.0,,0,2
edX,edX-IS,2_07,0,Video,v,111,0.0,0.0,0.0,0.0,0.0,,NA,0.0,0.0,,0,0
edX,edX-IS,2_07,0,Discussion,d,0,0.0,0.0,0.0,0.0,0.0,,NA,0.0,0.0,,0,0
edX,edX-IS,2_07,0,Text,t,0,72.0,0.0,0.0,0.0,0.0,13.0,NA,0.0,0.0,,0,0
edX,edX-IS,2_07,0,Text,t,0,17.0,0.0,1.0,0.0,0.0,2.0,NA,0.0,0.0,,0,1
edX,edX-IS,3_01,0,Text,t,0,41.0,0.0,0.0,0.0,0.0,,NA,0.0,0.0,,0,0
edX,edX-IS,3_01,0,Video,v,370,0.0,0.0,0.0,0.0,0.0,,NA,0.0,0.0,,0,0
edX,edX-IS,3_01,0,Exercise,e,0,0.0,0.0,0.0,0.0,0.0,,Mapping,1.0,4.0,,0,0
edX,edX-IS,3_01,0,Exercise,e,0,0.0,0.0,0.0,0.0,0.0,,Choice,2.0,4.0,,0,0
edX,edX-IS,3_01,0,Discussion,d,0,0.0,0.0,0.0,0.0,0.0,,NA,0.0,0.0,,0,0
edX,edX-IS,3_02,0,Video,v,144,0.0,0.0,0.0,0.0,0.0,,NA,0.0,0.0,,0,0
edX,edX-IS,3_02,0,Exercise,e,0,0.0,0.0,0.0,0.0,0.0,,ShortAnswer,2.0,0.0,,0,0
edX,edX-IS,3_02,0,Discussion,d,0,0.0,0.0,0.0,0.0,0.0,,NA,0.0,0.0,,0,0
edX,edX-IS,3_02,0,Video,v,357,0.0,0.0,0.0,0.0,0.0,,NA,0.0,0.0,,0,0
edX,edX-IS,3_02,0,Exercise,e,0,0.0,0.0,0.0,0.0,0.0,,ShortAnswer,1.0,0.0,,0,0
edX,edX-IS,3_02,0,Exercise,e,0,0.0,0.0,0.0,0.0,0.0,,Choice,2.0,4.0,,0,0
edX,edX-IS,3_02,0,Discussion,d,0,0.0,0.0,0.0,0.0,0.0,,NA,0.0,0.0,,0,0
edX,edX-IS,3_02,0,Video,v,334,0.0,0.0,0.0,0.0,0.0,,NA,0.0,0.0,,0,0
edX,edX-IS,3_02,0,Exercise,e,0,0.0,0.0,0.0,0.0,0.0,,Choice,1.0,4.0,,0,0
edX,edX-IS,3_02,0,Discussion,d,0,0.0,0.0,0.0,0.0,0.0,,NA,0.0,0.0,,0,0
edX,edX-IS,3_03,0,Text,t,0,434.0,1.0,0.0,1.0,0.0,3.0,NA,0.0,0.0,,0,1
edX,edX-IS,3_03,0,Text,t,0,252.0,0.0,0.0,1.0,0.0,2.0,NA,0.0,0.0,,0,0
edX,edX-IS,3_03,0,Text,t,0,149.0,0.0,0.0,1.0,0.0,,NA,0.0,0.0,,0,0
edX,edX-IS,3_03,0,Text,t,0,137.0,0.0,0.0,1.0,0.0,,NA,0.0,0.0,,0,0
edX,edX-IS,3_04,0,Text,t,0,27.0,0.0,0.0,0.0,0.0,,NA,0.0,0.0,,0,0
edX,edX-IS,3_04,0,Exercise,e,0,0.0,0.0,0.0,0.0,0.0,,Coding,1.0,0.0,,0,0
edX,edX-IS,3_04,0,Text,t,0,0.0,0.0,0.0,0.0,0.0,,ShortAnswer,3.0,0.0,,0,0
edX,edX-IS,3_04,0,Discussion,d,0,0.0,0.0,0.0,0.0,0.0,,NA,0.0,0.0,,0,0
edX,edX-IS,3_04,0,Text,t,0,60.0,0.0,0.0,0.0,0.0,,NA,0.0,0.0,,0,0
edX,edX-IS,3_04,0,Exercise,e,0,0.0,0.0,0.0,0.0,0.0,,Coding,1.0,0.0,,0,0
edX,edX-IS,3_04,0,Discussion,d,0,0.0,0.0,0.0,0.0,0.0,,NA,0.0,0.0,,0,0
edX,edX-IS,3_04,0,Text,t,0,32.0,0.0,0.0,0.0,0.0,,NA,0.0,0.0,,0,0
edX,edX-IS,3_04,0,Exercise,e,0,0.0,0.0,0.0,0.0,0.0,,Coding,1.0,0.0,,0,0
edX,edX-IS,3_04,0,Discussion,d,0,0.0,0.0,0.0,0.0,0.0,,NA,0.0,0.0,,0,0
edX,edX-IS,3_04,0,Text,t,0,86.0,0.0,0.0,0.0,0.0,,NA,0.0,0.0,,0,0
edX,edX-IS,3_04,0,Exercise,e,0,0.0,0.0,0.0,0.0,0.0,,Coding,1.0,0.0,,0,0
edX,edX-IS,3_04,0,Discussion,d,0,0.0,0.0,0.0,0.0,0.0,,NA,0.0,0.0,,0,0
edX,edX-IS,3_04,0,Text,t,0,40.0,0.0,0.0,0.0,0.0,,NA,0.0,0.0,,0,0
edX,edX-IS,3_04,0,Exercise,e,0,0.0,0.0,0.0,0.0,0.0,,Coding,1.0,0.0,,0,0
edX,edX-IS,3_04,0,Discussion,d,0,0.0,0.0,0.0,0.0,0.0,,NA,0.0,0.0,,0,0
edX,edX-IS,3_05,0,Video,v,71,0.0,0.0,0.0,0.0,0.0,,NA,0.0,0.0,,0,0
edX,edX-IS,3_05,0,Discussion,d,0,0.0,0.0,0.0,0.0,0.0,,NA,0.0,0.0,,0,0
edX,edX-IS,3_05,0,Text,t,0,16.0,0.0,0.0,0.0,0.0,2.0,NA,0.0,0.0,,0,0
edX,edX-IS,3_05,0,Text,t,0,17.0,0.0,1.0,0.0,0.0,2.0,NA,0.0,0.0,,0,1
edX,edX-IS,4_01,0,Text,t,0,51.0,0.0,0.0,0.0,0.0,,NA,0.0,0.0,,0,0
edX,edX-IS,4_01,0,Video,v,218,0.0,0.0,0.0,0.0,0.0,,NA,0.0,0.0,,0,0
edX,edX-IS,4_01,0,Exercise,e,0,0.0,0.0,0.0,0.0,0.0,,Choice,6.0,3.0,,0,0
edX,edX-IS,4_01,0,Discussion,d,0,0.0,0.0,0.0,0.0,0.0,,NA,0.0,0.0,,0,0
edX,edX-IS,4_02,0,Video,v,335,0.0,0.0,0.0,0.0,0.0,,NA,0.0,0.0,,0,0
edX,edX-IS,4_02,0,Exercise,e,0,0.0,0.0,0.0,0.0,0.0,,Choice,2.0,4.0,,0,0
edX,edX-IS,4_02,0,Discussion,d,0,0.0,0.0,0.0,0.0,0.0,,NA,0.0,0.0,,0,0
edX,edX-IS,4_02,0,Video,v,430,0.0,0.0,0.0,0.0,0.0,,NA,0.0,0.0,,0,0
edX,edX-IS,4_02,0,Exercise,e,0,0.0,0.0,0.0,0.0,0.0,,Choice,1.0,3.0,,0,0
edX,edX-IS,4_02,0,Exercise,e,0,0.0,0.0,0.0,0.0,0.0,,Choice,1.0,7.0,,0,0
edX,edX-IS,4_02,0,Discussion,d,0,0.0,0.0,0.0,0.0,0.0,,NA,0.0,0.0,,0,0
edX,edX-IS,4_02,0,Video,v,362,0.0,0.0,0.0,0.0,0.0,,NA,0.0,0.0,,0,0
edX,edX-IS,4_02,0,Poll,p,0,0.0,0.0,0.0,0.0,0.0,,NA,0.0,0.0,,0,0
edX,edX-IS,4_02,0,Exercise,e,0,0.0,0.0,0.0,0.0,0.0,,Choice,2.0,4.0,,0,0
edX,edX-IS,4_02,0,Discussion,d,0,0.0,0.0,0.0,0.0,0.0,,NA,0.0,0.0,,0,0
edX,edX-IS,4_02,0,Text,t,0,255.0,2.0,0.0,0.0,0.0,,NA,0.0,0.0,,0,2
edX,edX-IS,4_02,0,Exercise,e,0,0.0,0.0,0.0,0.0,0.0,,Choice,1.0,3.0,,0,0
edX,edX-IS,4_02,0,Discussion,d,0,0.0,0.0,0.0,0.0,0.0,,NA,0.0,0.0,,0,0
edX,edX-IS,4_02,0,Text,t,0,342.0,3.0,0.0,0.0,0.0,,NA,0.0,0.0,,0,3
edX,edX-IS,4_02,0,Discussion,d,0,0.0,0.0,0.0,0.0,0.0,,NA,0.0,0.0,,0,0
edX,edX-IS,4_02,0,Exercise,e,0,0.0,0.0,0.0,0.0,0.0,,Choice,1.0,3.0,,0,0
edX,edX-IS,4_02,0,Discussion,d,0,0.0,0.0,0.0,0.0,0.0,,NA,0.0,0.0,,0,0
edX,edX-IS,4_03,0,Text,t,0,488.0,2.0,1.0,0.0,0.0,,NA,0.0,0.0,,0,3
edX,edX-IS,4_03,0,Exercise,e,0,0.0,0.0,0.0,0.0,0.0,,Choice,1.0,3.0,,0,0
edX,edX-IS,4_03,0,Exercise,e,0,0.0,0.0,0.0,0.0,0.0,,Choice,1.0,4.0,,0,0
edX,edX-IS,4_03,0,Discussion,d,0,0.0,0.0,0.0,0.0,0.0,,NA,0.0,0.0,,0,0
edX,edX-IS,4_03,0,Text,t,0,251.0,0.0,0.0,0.0,1.0,,NA,0.0,0.0,,0,0
edX,edX-IS,4_03,0,Exercise,e,0,0.0,0.0,0.0,0.0,0.0,,Choice,1.0,4.0,,0,0
edX,edX-IS,4_03,0,Discussion,d,0,0.0,0.0,0.0,0.0,0.0,,NA,0.0,0.0,,0,0
edX,edX-IS,4_04,0,Video,v,502,0.0,0.0,0.0,0.0,0.0,,NA,0.0,0.0,,0,0
edX,edX-IS,4_04,0,Exercise,e,0,0.0,0.0,0.0,0.0,0.0,,Choice,3.0,4.0,,0,0
edX,edX-IS,4_04,0,Discussion,d,0,0.0,0.0,0.0,0.0,0.0,,NA,0.0,0.0,,0,0
edX,edX-IS,4_05,0,Video,v,66,0.0,0.0,0.0,0.0,0.0,,NA,0.0,0.0,,0,0
edX,edX-IS,4_05,0,Discussion,d,0,0.0,0.0,0.0,0.0,0.0,,NA,0.0,0.0,,0,0
edX,edX-IS,4_05,0,Text,t,0,57.0,0.0,0.0,0.0,0.0,,NA,0.0,0.0,,0,0
edX,edX-IS,4_05,0,Text,t,0,17.0,0.0,1.0,0.0,0.0,,NA,0.0,0.0,,0,1
edX,edX-IS,5_01,0,Text,t,0,52.0,0.0,0.0,0.0,0.0,,NA,0.0,0.0,,0,0
edX,edX-IS,5_01,0,Video,v,280,0.0,0.0,0.0,0.0,0.0,,NA,0.0,0.0,,0,0
edX,edX-IS,5_01,0,Exercise,e,0,0.0,0.0,0.0,0.0,0.0,,Choice,3.0,4.0,,0,0
edX,edX-IS,5_01,0,Discussion,d,0,0.0,0.0,0.0,0.0,0.0,,NA,0.0,0.0,,0,0
edX,edX-IS,5_01,0,Video,v,143,0.0,0.0,0.0,0.0,0.0,,NA,0.0,0.0,,0,0
edX,edX-IS,5_01,0,Exercise,e,0,0.0,0.0,0.0,0.0,0.0,,Choice,3.0,4.0,,0,0
edX,edX-IS,5_02,0,Video,v,151,0.0,0.0,0.0,0.0,0.0,,NA,0.0,0.0,,0,0
edX,edX-IS,5_02,0,Exercise,e,0,0.0,0.0,0.0,0.0,0.0,,Choice,1.0,4.0,,0,0
edX,edX-IS,5_02,0,Discussion,d,0,0.0,0.0,0.0,0.0,0.0,,NA,0.0,0.0,,0,0
edX,edX-IS,5_02,0,Video,v,164,0.0,0.0,0.0,0.0,0.0,,NA,0.0,0.0,,0,0
edX,edX-IS,5_02,0,Exercise,e,0,0.0,0.0,0.0,0.0,0.0,,ShortAnswer,12.0,0.0,,0,0
edX,edX-IS,5_02,0,Discussion,d,0,0.0,0.0,0.0,0.0,0.0,,NA,0.0,0.0,,0,0
edX,edX-IS,5_02,0,Video,v,261,0.0,0.0,0.0,0.0,0.0,,NA,0.0,0.0,,0,0
edX,edX-IS,5_02,0,Exercise,e,0,0.0,0.0,0.0,0.0,0.0,,Choice,1.0,4.0,,0,0
edX,edX-IS,5_02,0,Exercise,e,0,0.0,0.0,0.0,0.0,0.0,,ShortAnswer,16.0,0.0,,0,0
edX,edX-IS,5_02,0,Exercise,e,0,0.0,0.0,0.0,0.0,0.0,,Choice,1.0,4.0,,0,0
edX,edX-IS,5_02,0,Discussion,d,0,0.0,0.0,0.0,0.0,0.0,,NA,0.0,0.0,,0,0
edX,edX-IS,5_03,0,Video,v,261,0.0,0.0,0.0,0.0,0.0,,NA,0.0,0.0,,0,0
edX,edX-IS,5_03,0,Exercise,e,0,0.0,0.0,0.0,0.0,0.0,,ShortAnswer,20.0,0.0,,0,0
edX,edX-IS,5_03,0,Discussion,d,0,0.0,0.0,0.0,0.0,0.0,,NA,0.0,0.0,,0,0
edX,edX-IS,5_04,0,Video,v,175,0.0,0.0,0.0,0.0,0.0,,NA,0.0,0.0,,0,0
edX,edX-IS,5_04,0,Discussion,d,0,0.0,0.0,0.0,0.0,0.0,,NA,0.0,0.0,,0,0
edX,edX-IS,5_04,0,Video,v,134,0.0,0.0,0.0,0.0,0.0,,NA,0.0,0.0,,0,0
edX,edX-IS,5_04,0,Discussion,d,0,0.0,0.0,0.0,0.0,0.0,,NA,0.0,0.0,,0,0
edX,edX-IS,5_04,0,Text,t,0,119.0,0.0,0.0,0.0,0.0,14.0,NA,0.0,0.0,,0,0
edX,edX-IS,5_04,0,Text,t,0,22.0,0.0,0.0,0.0,0.0,,NA,0.0,0.0,,0,0
edX,edX-IS,6_01,0,Video,v,107,0.0,0.0,0.0,0.0,0.0,,NA,0.0,0.0,,0,0
edX,edX-IS,6_01,0,Text,t,0,99.0,0.0,0.0,0.0,0.0,1.0,NA,0.0,0.0,,0,0
edX,edX-IS,6_01,0,Text,t,0,45.0,0.0,2.0,0.0,0.0,3.0,NA,0.0,0.0,,0,2
IDF,IDF-HCI,1_01,120,Text,t,0,127.0,1.0,0.0,0.0,0.0,,NA,0.0,0.0,,0,1
IDF,IDF-HCI,1_02,1860,Video,v,346,0.0,0.0,0.0,0.0,0.0,,NA,0.0,0.0,,0,0
IDF,IDF-HCI,1_02,0,Text,t,0,142.0,0.0,0.0,0.0,0.0,,NA,0.0,0.0,,0,0
IDF,IDF-HCI,1_02,0,Video,v,387,0.0,0.0,0.0,0.0,0.0,,NA,0.0,0.0,,0,0
IDF,IDF-HCI,1_02,0,Text,t,0,137.0,1.0,0.0,0.0,0.0,,NA,0.0,0.0,,0,1
IDF,IDF-HCI,1_02,0,Exercise,e,0,0.0,0.0,0.0,0.0,0.0,,Choice,1.0,3.0,,0,0
IDF,IDF-HCI,1_03,3240,Text,t,0,183.0,2.0,0.0,0.0,0.0,,NA,0.0,0.0,,0,2
IDF,IDF-HCI,1_03,0,Video,v,449,0.0,0.0,0.0,0.0,0.0,,NA,0.0,0.0,,0,0
IDF,IDF-HCI,1_03,0,Text,t,0,59.0,1.0,0.0,0.0,0.0,,NA,0.0,0.0,,0,1
IDF,IDF-HCI,1_03,0,Video,v,347,0.0,0.0,0.0,0.0,0.0,,NA,0.0,0.0,,0,0
IDF,IDF-HCI,1_03,0,Text,t,0,126.0,2.0,0.0,0.0,0.0,,NA,0.0,0.0,,0,2
IDF,IDF-HCI,1_03,0,Video,v,448,0.0,0.0,0.0,0.0,0.0,,NA,0.0,0.0,,0,0
IDF,IDF-HCI,1_03,0,Exercise,e,0,0.0,0.0,0.0,0.0,0.0,,Choice,2.0,3.0,,0,0
IDF,IDF-HCI,1_04,3840,Text,t,0,451.0,5.0,0.0,0.0,0.0,,NA,0.0,0.0,,0,5
IDF,IDF-HCI,1_04,0,Video,v,209,0.0,0.0,0.0,0.0,0.0,,NA,0.0,0.0,,0,0
IDF,IDF-HCI,1_04,0,Text,t,0,104.0,0.0,0.0,0.0,0.0,,NA,0.0,0.0,,0,0
IDF,IDF-HCI,1_04,0,Video,v,420,0.0,0.0,0.0,0.0,0.0,,NA,0.0,0.0,,0,0
IDF,IDF-HCI,1_04,0,Text,t,0,66.0,0.0,0.0,0.0,0.0,,NA,0.0,0.0,,0,0
IDF,IDF-HCI,1_04,0,Video,v,968,0.0,0.0,0.0,0.0,0.0,,NA,0.0,0.0,,0,0
IDF,IDF-HCI,1_04,0,Exercise,e,0,0.0,0.0,0.0,0.0,0.0,,Choice,1.0,3.0,,0,0
IDF,IDF-HCI,1_05,4080,Text,t,0,476.0,5.0,0.0,0.0,0.0,,NA,0.0,0.0,,0,5
IDF,IDF-HCI,1_05,0,Video,v,841,0.0,0.0,0.0,0.0,0.0,,NA,0.0,0.0,,0,0
IDF,IDF-HCI,1_05,0,Exercise,e,0,0.0,0.0,0.0,0.0,0.0,,Choice,1.0,3.0,,0,0
IDF,IDF-HCI,1_05,0,Exercise,e,0,0.0,0.0,0.0,0.0,0.0,,Essay,1.0,0.0,,0,0
IDF,IDF-HCI,1_06,360,Text,t,0,76.0,0.0,0.0,0.0,0.0,,NA,0.0,0.0,,0,0
IDF,IDF-HCI,1_06,0,Discussion,d,0,0.0,0.0,0.0,0.0,0.0,,NA,0.0,0.0,,0,0
IDF,IDF-HCI,1_07,120,Text,t,0,138.0,1.0,0.0,0.0,0.0,,NA,0.0,0.0,,0,1
IDF,IDF-HCI,2_01,420,Text,t,0,137.0,0.0,0.0,0.0,0.0,,NA,0.0,0.0,,0,0
IDF,IDF-HCI,2_01,0,Video,v,168,0.0,0.0,0.0,0.0,0.0,,NA,0.0,0.0,,0,0
IDF,IDF-HCI,2_02,2040,Text,t,0,77.0,1.0,0.0,0.0,0.0,,NA,0.0,0.0,,0,1
IDF,IDF-HCI,2_02,0,Video,v,693,0.0,0.0,0.0,0.0,0.0,,NA,0.0,0.0,,0,0
IDF,IDF-HCI,2_02,0,Text,t,0,94.0,1.0,0.0,0.0,0.0,,NA,0.0,0.0,,0,1
IDF,IDF-HCI,2_02,0,Exercise,e,0,0.0,0.0,0.0,0.0,0.0,,Choice,2.0,3.0,,0,0
IDF,IDF-HCI,2_03,1860,Text,t,0,276.0,2.0,0.0,0.0,0.0,,NA,0.0,0.0,,0,2
IDF,IDF-HCI,2_03,0,Video,v,609,0.0,0.0,0.0,0.0,0.0,,NA,0.0,0.0,,0,0
IDF,IDF-HCI,2_03,0,Exercise,e,0,0.0,0.0,0.0,0.0,0.0,,Choice,2.0,3.0,,0,0
IDF,IDF-HCI,2_04,1980,Text,t,0,115.0,1.0,0.0,0.0,0.0,,NA,0.0,0.0,,0,1
IDF,IDF-HCI,2_04,0,Video,v,694,0.0,0.0,0.0,0.0,0.0,,NA,0.0,0.0,,0,0
IDF,IDF-HCI,2_04,0,Exercise,e,0,0.0,0.0,0.0,0.0,0.0,,Choice,2.0,3.0,,0,0
IDF,IDF-HCI,2_05,1200,Text,t,0,103.0,1.0,0.0,0.0,0.0,,NA,0.0,0.0,,0,1
IDF,IDF-HCI,2_05,0,Video,v,405,0.0,0.0,0.0,0.0,0.0,,NA,0.0,0.0,,0,0
IDF,IDF-HCI,2_05,0,Text,t,0,75.0,0.0,0.0,0.0,0.0,,NA,0.0,0.0,,0,0
IDF,IDF-HCI,2_05,0,Exercise,e,0,0.0,0.0,0.0,0.0,0.0,,Choice,1.0,3.0,,0,0
IDF,IDF-HCI,2_06,1860,Text,t,0,71.0,1.0,0.0,0.0,0.0,,NA,0.0,0.0,,0,1
IDF,IDF-HCI,2_06,0,Video,v,626,0.0,0.0,0.0,0.0,0.0,,NA,0.0,0.0,,0,0
IDF,IDF-HCI,2_06,0,Text,t,0,40.0,0.0,0.0,0.0,0.0,,NA,0.0,0.0,,0,0
IDF,IDF-HCI,2_06,0,Exercise,e,0,0.0,0.0,0.0,0.0,0.0,,Choice,2.0,3.0,,0,0
IDF,IDF-HCI,2_07,900,Text,t,0,97.0,1.0,0.0,0.0,0.0,,NA,0.0,0.0,,0,1
IDF,IDF-HCI,2_07,0,Video,v,279,0.0,0.0,0.0,0.0,0.0,,NA,0.0,0.0,,0,0
IDF,IDF-HCI,2_07,0,Text,t,0,12.0,0.0,0.0,0.0,0.0,,NA,0.0,0.0,,0,0
IDF,IDF-HCI,2_07,0,Exercise,e,0,0.0,0.0,0.0,0.0,0.0,,Choice,1.0,3.0,,0,0
IDF,IDF-HCI,2_08,1800,Text,t,0,200.0,1.0,0.0,0.0,0.0,,NA,0.0,0.0,,0,1
IDF,IDF-HCI,2_08,0,Video,v,569,0.0,0.0,0.0,0.0,0.0,,NA,0.0,0.0,,0,0
IDF,IDF-HCI,2_08,0,Text,t,0,154.0,0.0,0.0,0.0,0.0,,NA,0.0,0.0,,0,0
IDF,IDF-HCI,2_08,0,Exercise,e,0,0.0,0.0,0.0,0.0,0.0,,Choice,2.0,3.0,,0,0
IDF,IDF-HCI,2_09,900,Text,t,0,1150.0,4.0,0.0,0.0,0.0,,NA,0.0,0.0,,0,4
IDF,IDF-HCI,2_09,0,Discussion,d,0,0.0,0.0,0.0,0.0,0.0,,NA,0.0,0.0,,0,0
IDF,IDF-HCI,2_10,1140,Text,t,0,66.0,1.0,0.0,0.0,0.0,,NA,0.0,0.0,,0,1
IDF,IDF-HCI,2_10,0,Video,v,284,0.0,0.0,0.0,0.0,0.0,,NA,0.0,0.0,,0,0
IDF,IDF-HCI,2_10,0,Text,t,0,19.0,0.0,0.0,0.0,0.0,,NA,0.0,0.0,,0,0
IDF,IDF-HCI,2_10,0,Exercise,e,0,0.0,0.0,0.0,0.0,0.0,,Choice,2.0,3.0,,0,0
IDF,IDF-HCI,2_11,480,Text,t,0,418.0,0.0,0.0,0.0,0.0,,NA,0.0,0.0,,0,0
IDF,IDF-HCI,2_11,0,Discussion,d,0,0.0,0.0,0.0,0.0,0.0,,NA,0.0,0.0,,0,0
IDF,IDF-HCI,2_12,1080,Text,t,0,67.0,1.0,0.0,0.0,0.0,,NA,0.0,0.0,,0,1
IDF,IDF-HCI,2_12,0,Video,v,239,0.0,0.0,0.0,0.0,0.0,,NA,0.0,0.0,,0,0
IDF,IDF-HCI,2_12,0,Text,t,0,63.0,0.0,0.0,0.0,0.0,,NA,0.0,0.0,,0,0
IDF,IDF-HCI,2_12,0,Exercise,e,0,0.0,0.0,0.0,0.0,0.0,,Choice,2.0,3.0,,0,0
IDF,IDF-HCI,2_13,1920,Text,t,0,54.0,1.0,0.0,0.0,0.0,,NA,0.0,0.0,,0,1
IDF,IDF-HCI,2_13,0,Video,v,672,0.0,0.0,0.0,0.0,0.0,,NA,0.0,0.0,,0,0
IDF,IDF-HCI,2_13,0,Text,t,0,69.0,0.0,0.0,0.0,0.0,,NA,0.0,0.0,,0,0
IDF,IDF-HCI,2_13,0,Exercise,e,0,0.0,0.0,0.0,0.0,0.0,,Choice,2.0,3.0,,0,0
IDF,IDF-HCI,2_14,420,Text,t,0,237.0,0.0,0.0,0.0,0.0,,NA,0.0,0.0,,0,0
IDF,IDF-HCI,2_14,0,Discussion,d,0,0.0,0.0,0.0,0.0,0.0,,NA,0.0,0.0,,0,0
IDF,IDF-HCI,2_15,1740,Text,t,0,68.0,1.0,0.0,0.0,0.0,,NA,0.0,0.0,,0,1
IDF,IDF-HCI,2_15,0,Video,v,594,0.0,0.0,0.0,0.0,0.0,,NA,0.0,0.0,,0,0
IDF,IDF-HCI,2_15,0,Exercise,e,0,0.0,0.0,0.0,0.0,0.0,,Choice,2.0,3.0,,0,0
IDF,IDF-HCI,2_16,1200,Text,t,0,123.0,1.0,0.0,0.0,0.0,,NA,0.0,0.0,,0,1
IDF,IDF-HCI,2_16,0,Video,v,428,0.0,0.0,0.0,0.0,0.0,,NA,0.0,0.0,,0,0
IDF,IDF-HCI,2_16,0,Exercise,e,0,0.0,0.0,0.0,0.0,0.0,,Choice,1.0,3.0,,0,0
IDF,IDF-HCI,2_17,1800,Text,t,0,58.0,1.0,0.0,0.0,0.0,,NA,0.0,0.0,,0,1
IDF,IDF-HCI,2_17,0,Video,v,525,0.0,0.0,0.0,0.0,0.0,,NA,0.0,0.0,,0,0
IDF,IDF-HCI,2_17,0,Text,t,0,209.0,0.0,0.0,0.0,0.0,,NA,0.0,0.0,,0,0
IDF,IDF-HCI,2_17,0,Exercise,e,0,0.0,0.0,0.0,0.0,0.0,,Choice,2.0,3.0,,0,0
IDF,IDF-HCI,2_18,1920,Text,t,0,110.0,1.0,0.0,0.0,0.0,,NA,0.0,0.0,,0,1
IDF,IDF-HCI,2_18,0,Video,v,638,0.0,0.0,0.0,0.0,0.0,,NA,0.0,0.0,,0,0
IDF,IDF-HCI,2_18,0,Text,t,0,264.0,0.0,0.0,0.0,0.0,,NA,0.0,0.0,,0,0
IDF,IDF-HCI,2_18,0,Exercise,e,0,0.0,0.0,0.0,0.0,0.0,,Choice,2.0,3.0,,0,0
IDF,IDF-HCI,2_19,1560,Text,t,0,99.0,1.0,0.0,0.0,0.0,,NA,0.0,0.0,,0,1
IDF,IDF-HCI,2_19,0,Video,v,475,0.0,0.0,0.0,0.0,0.0,,NA,0.0,0.0,,0,0
IDF,IDF-HCI,2_19,0,Text,t,0,20.0,0.0,0.0,0.0,0.0,,NA,0.0,0.0,,0,0
IDF,IDF-HCI,2_19,0,Exercise,e,0,0.0,0.0,0.0,0.0,0.0,,Choice,2.0,3.0,,0,0
IDF,IDF-HCI,2_20,840,Text,t,0,66.0,1.0,0.0,0.0,0.0,,NA,0.0,0.0,,0,1
IDF,IDF-HCI,2_20,0,Video,v,243,0.0,0.0,0.0,0.0,0.0,,NA,0.0,0.0,,0,0
IDF,IDF-HCI,2_20,0,Exercise,e,0,0.0,0.0,0.0,0.0,0.0,,Choice,1.0,3.0,,0,0
IDF,IDF-HCI,2_21,2880,Text,t,0,193.0,2.0,0.0,0.0,0.0,,NA,0.0,0.0,,0,2
IDF,IDF-HCI,2_21,0,Video,v,349,0.0,0.0,0.0,0.0,0.0,,NA,0.0,0.0,,0,0
IDF,IDF-HCI,2_21,0,Exercise,e,0,0.0,0.0,0.0,0.0,0.0,,Choice,1.0,3.0,,0,0
IDF,IDF-HCI,2_21,0,Exercise,e,0,0.0,0.0,0.0,0.0,0.0,,Essay,1.0,0.0,,0,0
IDF,IDF-HCI,2_22,360,Text,t,0,38.0,0.0,0.0,0.0,0.0,,NA,0.0,0.0,,0,0
IDF,IDF-HCI,2_22,0,Discussion,d,0,0.0,0.0,0.0,0.0,0.0,,NA,0.0,0.0,,0,0
IDF,IDF-HCI,2_23,120,Text,t,0,121.0,1.0,0.0,0.0,0.0,,NA,0.0,0.0,,0,1
IDF,IDF-HCI,3_01,720,Text,t,0,176.0,1.0,0.0,0.0,0.0,,NA,0.0,0.0,,0,1
IDF,IDF-HCI,3_01,0,Video,v,173,0.0,0.0,0.0,0.0,0.0,,NA,0.0,0.0,,0,0
IDF,IDF-HCI,3_01,0,Exercise,e,0,0.0,0.0,0.0,0.0,0.0,,Choice,1.0,3.0,,0,0
IDF,IDF-HCI,3_02,1320,Text,t,0,78.0,1.0,0.0,0.0,0.0,,NA,0.0,0.0,,0,1
IDF,IDF-HCI,3_02,0,Video,v,341,0.0,0.0,0.0,0.0,0.0,,NA,0.0,0.0,,0,0
IDF,IDF-HCI,3_02,0,Text,t,0,203.0,0.0,0.0,0.0,0.0,,NA,0.0,0.0,,0,0
IDF,IDF-HCI,3_02,0,Exercise,e,0,0.0,0.0,0.0,0.0,0.0,,Choice,2.0,3.0,,0,0
IDF,IDF-HCI,3_03,720,Text,t,0,67.0,1.0,0.0,0.0,0.0,,NA,0.0,0.0,,0,1
IDF,IDF-HCI,3_03,0,Video,v,191,0.0,0.0,0.0,0.0,0.0,,NA,0.0,0.0,,0,0
IDF,IDF-HCI,3_03,0,Text,t,0,56.0,0.0,0.0,0.0,0.0,,NA,0.0,0.0,,0,0
IDF,IDF-HCI,3_03,0,Exercise,e,0,0.0,0.0,0.0,0.0,0.0,,Choice,1.0,0.0,,0,0
IDF,IDF-HCI,3_04,2040,Text,t,0,158.0,1.0,0.0,0.0,0.0,,NA,0.0,0.0,,0,1
IDF,IDF-HCI,3_04,0,Video,v,694,0.0,0.0,0.0,0.0,0.0,,NA,0.0,0.0,,0,0
IDF,IDF-HCI,3_04,0,Text,t,0,97.0,0.0,0.0,0.0,0.0,,NA,0.0,0.0,,0,0
IDF,IDF-HCI,3_04,0,Exercise,e,0,0.0,0.0,0.0,0.0,0.0,,Choice,2.0,3.0,,0,0
IDF,IDF-HCI,3_05,1920,Text,t,0,91.0,2.0,0.0,0.0,0.0,,NA,0.0,0.0,,0,2
IDF,IDF-HCI,3_05,0,Video,v,282,0.0,0.0,0.0,0.0,0.0,,NA,0.0,0.0,,0,0
IDF,IDF-HCI,3_05,0,Text,t,0,123.0,1.0,0.0,0.0,0.0,,NA,0.0,0.0,,0,1
IDF,IDF-HCI,3_05,0,Video,v,263,0.0,0.0,0.0,0.0,0.0,,NA,0.0,0.0,,0,0
IDF,IDF-HCI,3_05,0,Text,t,0,214.0,2.0,0.0,0.0,0.0,,NA,0.0,0.0,,0,2
IDF,IDF-HCI,3_05,0,Exercise,e,0,0.0,0.0,0.0,0.0,0.0,,Choice,2.0,3.0,,0,0
IDF,IDF-HCI,3_06,1320,Text,t,0,40.0,1.0,0.0,0.0,0.0,,NA,0.0,0.0,,0,1
IDF,IDF-HCI,3_06,0,Video,v,376,0.0,0.0,0.0,0.0,0.0,,NA,0.0,0.0,,0,0
IDF,IDF-HCI,3_06,0,Exercise,e,0,0.0,0.0,0.0,0.0,0.0,,Choice,2.0,3.0,,0,0
IDF,IDF-HCI,3_07,2160,Text,t,0,32.0,1.0,0.0,0.0,0.0,,NA,0.0,0.0,,0,1
IDF,IDF-HCI,3_07,0,Video,v,470,0.0,0.0,0.0,0.0,0.0,,NA,0.0,0.0,,0,0
IDF,IDF-HCI,3_07,0,Text,t,0,242.0,0.0,0.0,0.0,0.0,,NA,0.0,0.0,,0,0
IDF,IDF-HCI,3_07,0,Video,v,302,0.0,0.0,0.0,0.0,0.0,,NA,0.0,0.0,,0,0
IDF,IDF-HCI,3_08,960,Text,t,0,72.0,1.0,0.0,0.0,0.0,,NA,0.0,0.0,,0,1
IDF,IDF-HCI,3_08,0,Video,v,296,0.0,0.0,0.0,0.0,0.0,,NA,0.0,0.0,,0,0
IDF,IDF-HCI,3_08,0,Exercise,e,0,0.0,0.0,0.0,0.0,0.0,,Choice,1.0,3.0,,0,0
IDF,IDF-HCI,3_09,1260,Text,t,0,113.0,0.0,0.0,0.0,0.0,,NA,0.0,0.0,,0,0
IDF,IDF-HCI,3_09,0,Video,v,361,0.0,0.0,0.0,0.0,0.0,,NA,0.0,0.0,,0,0
IDF,IDF-HCI,3_09,0,Exercise,e,0,0.0,0.0,0.0,0.0,0.0,,Choice,2.0,3.0,,0,0
IDF,IDF-HCI,3_10,1440,Text,t,0,57.0,1.0,0.0,0.0,0.0,,NA,0.0,0.0,,0,1
IDF,IDF-HCI,3_10,0,Video,v,408,0.0,0.0,0.0,0.0,0.0,,NA,0.0,0.0,,0,0
IDF,IDF-HCI,3_10,0,Text,t,0,182.0,0.0,0.0,0.0,0.0,,NA,0.0,0.0,,0,0
IDF,IDF-HCI,3_10,0,Exercise,e,0,0.0,0.0,0.0,0.0,0.0,,Choice,2.0,3.0,,0,0
IDF,IDF-HCI,3_11,2640,Text,t,0,78.0,1.0,0.0,0.0,0.0,,NA,0.0,0.0,,0,1
IDF,IDF-HCI,3_11,0,Video,v,376,0.0,0.0,0.0,0.0,0.0,,NA,0.0,0.0,,0,0
IDF,IDF-HCI,3_11,0,Exercise,e,0,0.0,0.0,0.0,0.0,0.0,,Essay,1.0,0.0,,0,0
IDF,IDF-HCI,3_12,840,Text,t,0,1010.0,4.0,0.0,0.0,0.0,,NA,0.0,0.0,,0,4
IDF,IDF-HCI,3_12,0,Discussion,d,0,0.0,0.0,0.0,0.0,0.0,,NA,0.0,0.0,,0,0
IDF,IDF-HCI,3_13,360,Text,t,0,92.0,0.0,0.0,0.0,0.0,,NA,0.0,0.0,,0,0
IDF,IDF-HCI,3_13,0,Discussion,d,0,0.0,0.0,0.0,0.0,0.0,,NA,0.0,0.0,,0,0
IDF,IDF-HCI,3_14,120,Text,t,0,143.0,1.0,0.0,0.0,0.0,,NA,0.0,0.0,,0,1
IDF,IDF-UI,1_01,360,Text,t,0,189.0,1.0,0.0,0.0,0.0,,NA,0.0,0.0,,0,1
IDF,IDF-UI,1_01,0,Exercise,e,0,0.0,0.0,0.0,0.0,0.0,,Choice,1.0,3.0,1.0,0,0
IDF,IDF-UI,1_02,3660,Text,t,0,58.0,0.0,0.0,0.0,0.0,,NA,0.0,0.0,,0,0
IDF,IDF-UI,1_02,0,Video,v,768,0.0,0.0,0.0,0.0,0.0,,NA,0.0,0.0,,0,0
IDF,IDF-UI,1_02,0,Exercise,e,0,0.0,0.0,0.0,0.0,0.0,,Choice,1.0,3.0,2.0,0,0
IDF,IDF-UI,1_02,0,Exercise,e,0,0.0,0.0,0.0,0.0,0.0,,Essay,1.0,0.0,10.0,0,0
IDF,IDF-UI,1_03,420,Text,t,0,178.0,1.0,0.0,0.0,0.0,,NA,0.0,0.0,,0,1
IDF,IDF-UI,1_03,0,Discussion,d,0,0.0,0.0,0.0,0.0,0.0,,NA,0.0,0.0,,0,0
IDF,IDF-UI,1_04,1440,Text,t,0,1580.0,5.0,0.0,0.0,0.0,,NA,0.0,0.0,,0,5
IDF,IDF-UI,1_04,0,Exercise,e,0,0.0,0.0,0.0,0.0,0.0,,Choice,3.0,3.0,9.0,0,0
IDF,IDF-UI,1_05,1260,Text,t,0,1878.0,4.0,0.0,0.0,0.0,,NA,0.0,0.0,,0,4
IDF,IDF-UI,1_05,0,Exercise,e,0,0.0,0.0,0.0,0.0,0.0,,Choice,2.0,3.0,7.0,0,0
IDF,IDF-UI,1_06,1200,Text,t,0,1400.0,6.0,0.0,0.0,0.0,,NA,0.0,0.0,,0,6
IDF,IDF-UI,1_06,0,Exercise,e,0,0.0,0.0,0.0,0.0,0.0,,Choice,2.0,3.0,4.0,0,0
IDF,IDF-UI,1_07,1260,Text,t,0,1664.0,0.0,0.0,0.0,0.0,,NA,0.0,0.0,,0,0
IDF,IDF-UI,1_07,0,Exercise,e,0,0.0,0.0,0.0,0.0,0.0,,Choice,2.0,3.0,2.0,0,0
IDF,IDF-UI,1_08,540,Text,t,0,349.0,2.0,0.0,0.0,0.0,,NA,0.0,0.0,,0,2
IDF,IDF-UI,1_08,0,Discussion,d,0,0.0,0.0,0.0,0.0,0.0,,NA,0.0,0.0,,0,0
IDF,IDF-UI,1_09,2160,Text,t,0,220.0,1.0,0.0,0.0,0.0,,NA,0.0,0.0,,0,1
IDF,IDF-UI,1_09,0,Exercise,e,0,0.0,0.0,0.0,0.0,0.0,,Essay,1.0,0.0,5.0,0,0
IDF,IDF-UI,1_09,0,Exercise,e,0,0.0,0.0,0.0,0.0,0.0,,Choice,1.0,3.0,1.0,0,0
IDF,IDF-UI,2_01,360,Text,t,0,250.0,1.0,0.0,0.0,0.0,,NA,0.0,0.0,,0,1
IDF,IDF-UI,2_01,0,Exercise,e,0,0.0,0.0,0.0,0.0,0.0,,Choice,1.0,3.0,1.0,0,0
IDF,IDF-UI,2_02,2040,Text,t,0,85.0,1.0,0.0,0.0,0.0,,NA,0.0,0.0,,0,1
IDF,IDF-UI,2_02,0,Video,v,610,0.0,0.0,0.0,0.0,0.0,,NA,0.0,0.0,,0,0
IDF,IDF-UI,2_02,0,Exercise,e,0,0.0,0.0,0.0,0.0,0.0,,Choice,3.0,3.0,5.0,0,0
IDF,IDF-UI,2_03,1500,Text,t,0,1644.0,6.0,0.0,0.0,0.0,,NA,0.0,0.0,,0,6
IDF,IDF-UI,2_03,0,Exercise,e,0,0.0,0.0,0.0,0.0,0.0,,Choice,3.0,3.0,5.0,0,0
IDF,IDF-UI,2_04,1380,Text,t,0,1956.0,6.0,0.0,0.0,0.0,,NA,0.0,0.0,,0,6
IDF,IDF-UI,2_04,0,Exercise,e,0,0.0,0.0,0.0,0.0,0.0,,Choice,2.0,3.0,7.0,0,0
IDF,IDF-UI,2_05,2220,Text,t,0,3452.0,0.0,0.0,0.0,0.0,,NA,0.0,0.0,,0,0
IDF,IDF-UI,2_05,0,Exercise,e,0,0.0,0.0,0.0,0.0,0.0,,Choice,3.0,3.0,9.0,0,0
IDF,IDF-UI,2_06,1800,Text,t,0,2947.0,8.0,0.0,0.0,0.0,,NA,0.0,0.0,,0,8
IDF,IDF-UI,2_06,0,Exercise,e,0,0.0,0.0,0.0,0.0,0.0,,Choice,2.0,3.0,3.0,0,0
IDF,IDF-UI,2_07,2940,Text,t,0,2103.0,4.0,0.0,0.0,0.0,,NA,0.0,0.0,,0,4
IDF,IDF-UI,2_07,0,Exercise,e,0,0.0,0.0,0.0,0.0,0.0,,Choice,1.0,3.0,1.0,0,0
IDF,IDF-UI,2_07,0,Exercise,e,0,0.0,0.0,0.0,0.0,0.0,,Essay,1.0,0.0,8.0,0,0
IDF,IDF-UI,2_08,420,Text,t,0,232.0,1.0,0.0,0.0,0.0,,NA,0.0,0.0,,0,1
IDF,IDF-UI,2_08,0,Discussion,d,0,0.0,0.0,0.0,0.0,0.0,,NA,0.0,0.0,,0,0
IDF,IDF-UI,2_09,540,Text,t,0,387.0,2.0,0.0,0.0,0.0,,NA,0.0,0.0,,0,2
IDF,IDF-UI,2_09,0,Discussion,d,0,0.0,0.0,0.0,0.0,0.0,,NA,0.0,0.0,,0,0
IDF,IDF-UI,2_10,360,Text,t,0,242.0,1.0,0.0,0.0,0.0,,NA,0.0,0.0,,0,1
IDF,IDF-UI,2_10,0,Exercise,e,0,0.0,0.0,0.0,0.0,0.0,,Choice,1.0,3.0,3.0,0,0
IDF,IDF-UI,3_01,360,Text,t,0,237.0,0.0,0.0,0.0,0.0,,NA,0.0,0.0,,0,0
IDF,IDF-UI,3_01,0,Exercise,e,0,0.0,0.0,0.0,0.0,0.0,,Choice,1.0,3.0,1.0,0,0
IDF,IDF-UI,3_02,1680,Text,t,0,2153.0,6.0,0.0,0.0,0.0,,NA,0.0,0.0,,0,6
IDF,IDF-UI,3_02,0,Exercise,e,0,0.0,0.0,0.0,0.0,0.0,,Choice,3.0,3.0,5.0,0,0
IDF,IDF-UI,3_03,1260,Text,t,0,1834.0,4.0,0.0,0.0,0.0,,NA,0.0,0.0,,0,4
IDF,IDF-UI,3_03,0,Exercise,e,0,0.0,0.0,0.0,0.0,0.0,,Choice,2.0,3.0,,0,0
IDF,IDF-UI,3_04,1620,Text,t,0,2113.0,5.0,0.0,0.0,0.0,,NA,0.0,0.0,,0,5
IDF,IDF-UI,3_04,0,Exercise,e,0,0.0,0.0,0.0,0.0,0.0,,Choice,3.0,3.0,,0,0
IDF,IDF-UI,3_05,1560,Text,t,0,55.0,0.0,0.0,0.0,0.0,,NA,0.0,0.0,,0,0
IDF,IDF-UI,3_05,0,Video,v,504,0.0,0.0,0.0,0.0,0.0,,NA,0.0,0.0,,0,0
IDF,IDF-UI,3_05,0,Exercise,e,0,0.0,0.0,0.0,0.0,0.0,,Choice,2.0,3.0,,0,0
IDF,IDF-UI,3_06,1140,Text,t,0,1509.0,4.0,0.0,0.0,0.0,1.0,NA,0.0,0.0,,0,4
IDF,IDF-UI,3_06,0,Exercise,e,0,0.0,0.0,0.0,0.0,0.0,,Choice,2.0,3.0,,0,0
IDF,IDF-UI,3_07,1140,Text,t,0,1506.0,4.0,0.0,0.0,0.0,,NA,0.0,0.0,,0,4
IDF,IDF-UI,3_07,0,Exercise,e,0,0.0,0.0,0.0,0.0,0.0,,Choice,2.0,3.0,,0,0
IDF,IDF-UI,3_08,2160,Text,t,0,91.0,1.0,0.0,0.0,0.0,,NA,0.0,0.0,,0,1
IDF,IDF-UI,3_08,0,Exercise,e,0,0.0,0.0,0.0,0.0,0.0,,Essay,1.0,0.0,,0,0
IDF,IDF-UI,3_08,0,Exercise,e,0,0.0,0.0,0.0,0.0,0.0,,Choice,1.0,3.0,,0,0
IDF,IDF-UI,3_09,480,Text,t,0,420.0,1.0,0.0,0.0,0.0,,NA,0.0,0.0,,0,1
IDF,IDF-UI,3_09,0,Discussion,d,0,0.0,0.0,0.0,0.0,0.0,,NA,0.0,0.0,,0,0
IDF,IDF-UI,3_10,180,Text,t,0,309.0,1.0,0.0,0.0,0.0,,NA,0.0,0.0,,0,1
IDF,IDF-UI,4_01,360,Text,t,0,197.0,1.0,0.0,0.0,0.0,,NA,0.0,0.0,,0,1
IDF,IDF-UI,4_01,0,Exercise,e,0,0.0,0.0,0.0,0.0,0.0,,Choice,1.0,3.0,,0,0
IDF,IDF-UI,4_02,420,Text,t,0,202.0,1.0,0.0,0.0,0.0,,NA,0.0,0.0,,0,1
IDF,IDF-UI,4_02,0,Discussion,d,0,0.0,0.0,0.0,0.0,0.0,,NA,0.0,0.0,,0,0
IDF,IDF-UI,4_03,1560,Text,t,0,89.0,0.0,0.0,0.0,0.0,,NA,0.0,0.0,,0,0
IDF,IDF-UI,4_03,0,Video,v,474,0.0,0.0,0.0,0.0,0.0,,NA,0.0,0.0,,0,0
IDF,IDF-UI,4_03,0,Exercise,e,0,0.0,0.0,0.0,0.0,0.0,,Choice,2.0,3.0,,0,0
IDF,IDF-UI,4_04,3120,Text,t,0,1960.0,4.0,0.0,0.0,0.0,,NA,0.0,0.0,,0,4
IDF,IDF-UI,4_04,0,Exercise,e,0,0.0,0.0,0.0,0.0,0.0,,Choice,2.0,3.0,,0,0
IDF,IDF-UI,4_04,0,Exercise,e,0,0.0,0.0,0.0,0.0,0.0,,Essay,1.0,0.0,,0,0
IDF,IDF-UI,4_05,1080,Text,t,0,1355.0,4.0,0.0,0.0,0.0,,NA,0.0,0.0,,0,4
IDF,IDF-UI,4_05,0,Exercise,e,0,0.0,0.0,0.0,0.0,0.0,,Choice,2.0,3.0,,0,0
IDF,IDF-UI,4_06,1560,Text,t,0,2032.0,4.0,0.0,0.0,0.0,,NA,0.0,0.0,,0,4
IDF,IDF-UI,4_06,0,Exercise,e,0,0.0,0.0,0.0,0.0,0.0,,Choice,3.0,3.0,,0,0
IDF,IDF-UI,4_07,1380,Text,t,0,2032.0,5.0,0.0,0.0,0.0,,NA,0.0,0.0,,0,5
IDF,IDF-UI,4_07,0,Exercise,e,0,0.0,0.0,0.0,0.0,0.0,,Choice,2.0,3.0,,0,0
IDF,IDF-UI,4_08,1440,Text,t,0,1749.0,3.0,0.0,0.0,0.0,,NA,0.0,0.0,,0,3
IDF,IDF-UI,4_08,0,Exercise,e,0,0.0,0.0,0.0,0.0,0.0,,Choice,3.0,5.0,,0,0
IDF,IDF-UI,4_09,600,Text,t,0,569.0,2.0,0.0,0.0,0.0,,NA,0.0,0.0,,0,2
IDF,IDF-UI,4_09,0,Discussion,d,0,0.0,0.0,0.0,0.0,0.0,,NA,0.0,0.0,,0,0
IDF,IDF-UI,4_10,120,Text,t,0,235.0,0.0,0.0,0.0,0.0,,NA,0.0,0.0,,0,0
IDF,IDF-UI,5_01,360,Text,t,0,189.0,1.0,0.0,0.0,0.0,,NA,0.0,0.0,,0,1
IDF,IDF-UI,5_01,0,Exercise,e,0,0.0,0.0,0.0,0.0,0.0,,Choice,1.0,3.0,,0,0
IDF,IDF-UI,5_02,1500,Text,t,0,1918.0,4.0,0.0,0.0,0.0,,NA,0.0,0.0,,0,4
IDF,IDF-UI,5_02,0,Exercise,e,0,0.0,0.0,0.0,0.0,0.0,,Choice,3.0,3.0,,0,0
IDF,IDF-UI,5_03,1140,Text,t,0,1489.0,3.0,0.0,0.0,0.0,,NA,0.0,0.0,,0,3
IDF,IDF-UI,5_03,0,Exercise,e,0,0.0,0.0,0.0,0.0,0.0,,Choice,2.0,3.0,,0,0
IDF,IDF-UI,5_04,3360,Text,t,0,127.0,1.0,0.0,0.0,0.0,,NA,0.0,0.0,,0,1
IDF,IDF-UI,5_04,0,Video,v,495,0.0,0.0,0.0,0.0,0.0,,NA,0.0,0.0,,0,0
IDF,IDF-UI,5_04,0,Exercise,e,0,0.0,0.0,0.0,0.0,0.0,,Choice,2.0,3.0,,0,0
IDF,IDF-UI,5_04,0,Exercise,e,0,0.0,0.0,0.0,0.0,0.0,,Essay,1.0,0.0,,0,0
IDF,IDF-UI,5_05,1440,Text,t,0,1597.0,4.0,0.0,0.0,0.0,,NA,0.0,0.0,,0,4
IDF,IDF-UI,5_05,0,Exercise,e,0,0.0,0.0,0.0,0.0,0.0,,Choice,3.0,3.0,,0,0
IDF,IDF-UI,5_06,1020,Text,t,0,1140.0,4.0,0.0,0.0,0.0,,NA,0.0,0.0,,0,4
IDF,IDF-UI,5_06,0,Exercise,e,0,0.0,0.0,0.0,0.0,0.0,,Choice,2.0,3.0,,0,0
IDF,IDF-UI,5_07,1320,Text,t,0,1226.0,4.0,0.0,0.0,0.0,,NA,0.0,0.0,,0,4
IDF,IDF-UI,5_07,0,Exercise,e,0,0.0,0.0,0.0,0.0,0.0,,Choice,3.0,3.0,,0,0
IDF,IDF-UI,5_08,1200,Text,t,0,1609.0,0.0,0.0,0.0,0.0,,NA,0.0,0.0,,0,0
IDF,IDF-UI,5_08,0,Exercise,e,0,0.0,0.0,0.0,0.0,0.0,,Choice,2.0,3.0,,0,0
IDF,IDF-UI,5_09,420,Text,t,0,132.0,1.0,0.0,0.0,0.0,,NA,0.0,0.0,,0,1
IDF,IDF-UI,5_09,0,Discussion,d,0,0.0,0.0,0.0,0.0,0.0,,NA,0.0,0.0,,0,0
IDF,IDF-UI,5_10,540,Text,t,0,468.0,2.0,0.0,0.0,0.0,,NA,0.0,0.0,,0,2
IDF,IDF-UI,5_10,0,Discussion,d,0,0.0,0.0,0.0,0.0,0.0,,NA,0.0,0.0,,0,0
IDF,IDF-UI,5_11,180,Text,t,0,274.0,1.0,0.0,0.0,0.0,,NA,0.0,0.0,,0,1
IDF,IDF-UI,6_01,360,Text,t,0,215.0,1.0,0.0,0.0,0.0,,NA,0.0,0.0,,0,1
IDF,IDF-UI,6_01,0,Exercise,e,0,0.0,0.0,0.0,0.0,0.0,,Choice,1.0,3.0,,0,0
IDF,IDF-UI,6_02,1500,Text,t,0,83.0,1.0,0.0,0.0,0.0,,NA,0.0,0.0,,0,1
IDF,IDF-UI,6_02,0,Video,v,445,0.0,0.0,0.0,0.0,0.0,,NA,0.0,0.0,,0,0
IDF,IDF-UI,6_02,0,Exercise,e,0,0.0,0.0,0.0,0.0,0.0,,Choice,2.0,3.0,,0,0
IDF,IDF-UI,6_03,1020,Text,t,0,1080.0,4.0,0.0,0.0,0.0,,NA,0.0,0.0,,0,4
IDF,IDF-UI,6_03,0,Exercise,e,0,0.0,0.0,0.0,0.0,0.0,,Choice,2.0,3.0,,0,0
IDF,IDF-UI,6_04,960,Text,t,0,1058.0,4.0,0.0,0.0,0.0,,NA,0.0,0.0,,0,4
IDF,IDF-UI,6_04,0,Exercise,e,0,0.0,0.0,0.0,0.0,0.0,,Choice,2.0,3.0,,0,0
IDF,IDF-UI,6_05,2880,Text,t,0,1265.0,4.0,0.0,0.0,0.0,,NA,0.0,0.0,,0,4
IDF,IDF-UI,6_05,0,Exercise,e,0,0.0,0.0,0.0,0.0,0.0,,Choice,2.0,3.0,,0,0
IDF,IDF-UI,6_05,0,Exercise,e,0,0.0,0.0,0.0,0.0,0.0,,Essay,1.0,0.0,,0,0
IDF,IDF-UI,6_06,300,Text,t,0,71.0,1.0,0.0,0.0,0.0,,NA,0.0,0.0,,0,1
IDF,IDF-UI,6_06,0,Exercise,e,0,0.0,0.0,0.0,0.0,0.0,,Choice,1.0,3.0,,0,0
IDF,IDF-UI,6_07,1080,Text,t,0,1360.0,4.0,0.0,0.0,0.0,,NA,0.0,0.0,,0,4
IDF,IDF-UI,6_07,0,Exercise,e,0,0.0,0.0,0.0,0.0,0.0,,Choice,2.0,3.0,,0,0
IDF,IDF-UI,6_08,1500,Text,t,0,1856.0,3.0,0.0,0.0,0.0,,NA,0.0,0.0,,0,3
IDF,IDF-UI,6_08,0,Exercise,e,0,0.0,0.0,0.0,0.0,0.0,,Choice,3.0,3.0,,0,0
IDF,IDF-UI,6_09,1260,Text,t,0,1651.0,3.0,0.0,1.0,0.0,,NA,0.0,0.0,,0,3
IDF,IDF-UI,6_09,0,Exercise,e,0,0.0,0.0,0.0,0.0,0.0,,Choice,2.0,3.0,,0,0
IDF,IDF-UI,6_10,1320,Text,t,0,1366.0,0.0,0.0,0.0,0.0,,NA,0.0,0.0,,0,0
IDF,IDF-UI,6_10,0,Exercise,e,0,0.0,0.0,0.0,0.0,0.0,,Choice,3.0,3.0,,0,0
IDF,IDF-UI,6_11,540,Text,t,0,352.0,3.0,0.0,0.0,0.0,,NA,0.0,0.0,,0,3
IDF,IDF-UI,6_11,0,Discussion,d,0,0.0,0.0,0.0,0.0,0.0,,NA,0.0,0.0,,0,0
IDF,IDF-UI,6_12,120,Text,t,0,224.0,1.0,0.0,0.0,0.0,,NA,0.0,0.0,,0,1
IDF,IDF-UI,7_01,420,Text,t,0,385.0,1.0,0.0,0.0,0.0,,NA,0.0,0.0,,0,1
IDF,IDF-UI,7_01,0,Exercise,e,0,0.0,0.0,0.0,0.0,0.0,,Choice,1.0,3.0,,0,0
IDF,IDF-UI,7_02,2040,Text,t,0,129.0,1.0,0.0,0.0,0.0,,NA,0.0,0.0,,0,1
IDF,IDF-UI,7_02,0,Video,v,490,0.0,0.0,0.0,0.0,0.0,,NA,0.0,0.0,,0,0
IDF,IDF-UI,7_02,0,Exercise,e,0,0.0,0.0,0.0,0.0,0.0,,Choice,4.0,3.0,,0,0
IDF,IDF-UI,7_03,2100,Text,t,0,85.0,1.0,0.0,0.0,0.0,,NA,0.0,0.0,,0,1
IDF,IDF-UI,7_03,0,Exercise,e,0,0.0,0.0,0.0,0.0,0.0,,Essay,1.0,0.0,,0,0
IDF,IDF-UI,7_03,0,Exercise,e,0,0.0,0.0,0.0,0.0,0.0,,Choice,1.0,3.0,,0,0
IDF,IDF-UI,7_04,480,Text,t,0,287.0,1.0,0.0,0.0,0.0,,NA,0.0,0.0,,0,1
IDF,IDF-UI,7_04,0,Discussion,d,0,0.0,0.0,0.0,0.0,0.0,,NA,0.0,0.0,,0,0
IDF,IDF-UI,7_05,480,Text,t,0,313.0,1.0,0.0,0.0,0.0,,NA,0.0,0.0,,0,1
IDF,IDF-UI,7_05,0,Discussion,d,0,0.0,0.0,0.0,0.0,0.0,,NA,0.0,0.0,,0,0
IDF,IDF-UI,7_06,420,Text,t,0,260.0,1.0,0.0,0.0,0.0,,NA,0.0,0.0,,0,1
IDF,IDF-UI,7_06,0,Discussion,d,0,0.0,0.0,0.0,0.0,0.0,,NA,0.0,0.0,,0,0
IDF,IDF-UI,7_07,480,Text,t,0,379.0,1.0,0.0,0.0,0.0,,NA,0.0,0.0,,0,1
IDF,IDF-UI,7_07,0,Discussion,d,0,0.0,0.0,0.0,0.0,0.0,,NA,0.0,0.0,,0,0
IDF,IDF-UI,7_08,180,Text,t,0,347.0,1.0,0.0,0.0,0.0,,NA,0.0,0.0,,0,1
IDF,IDF-IDU,1_01,5460,Video,v,2584,0.0,0.0,0.0,0.0,0.0,,NA,0.0,0.0,,0,0
IDF,IDF-IDU,1_01,0,Exercise,e,0,0.0,0.0,0.0,0.0,0.0,,Choice,1.0,3.0,5.0,0,0
IDF,IDF-IDU,1_02,5700,Video,v,1820,0.0,0.0,0.0,0.0,0.0,,NA,0.0,0.0,,0,0
IDF,IDF-IDU,1_02,0,Exercise,e,0,0.0,0.0,0.0,0.0,0.0,,Choice,1.0,3.0,5.0,0,0
IDF,IDF-IDU,1_02,0,Exercise,e,0,0.0,0.0,0.0,0.0,0.0,,Essay,1.0,0.0,10.0,0,0
IDF,IDF-IDU,1_03,1740,Video,v,746,0.0,0.0,0.0,0.0,0.0,,NA,0.0,0.0,,0,0
IDF,IDF-IDU,1_03,0,Exercise,e,0,0.0,0.0,0.0,0.0,0.0,,Choice,1.0,3.0,5.0,0,0
IDF,IDF-IDU,1_04,1500,Video,v,611,0.0,0.0,0.0,0.0,0.0,,NA,0.0,0.0,,0,0
IDF,IDF-IDU,1_04,0,Exercise,e,0,0.0,0.0,0.0,0.0,0.0,,Choice,1.0,3.0,5.0,0,0
IDF,IDF-IDU,1_05,480,Text,t,0,398.0,0.0,0.0,0.0,0.0,,NA,0.0,0.0,,0,0
IDF,IDF-IDU,1_05,0,Discussion,d,0,0.0,0.0,0.0,0.0,0.0,,NA,0.0,0.0,,0,0
IDF,IDF-IDU,2_01,3060,Video,v,1397,0.0,0.0,0.0,0.0,0.0,,NA,0.0,0.0,,0,0
IDF,IDF-IDU,2_01,0,Exercise,e,0,0.0,0.0,0.0,0.0,0.0,,Choice,1.0,3.0,5.0,0,0
IDF,IDF-IDU,2_02,2100,Video,v,920,0.0,0.0,0.0,0.0,0.0,,NA,0.0,0.0,,0,0
IDF,IDF-IDU,2_02,0,Exercise,e,0,0.0,0.0,0.0,0.0,0.0,,Choice,1.0,3.0,5.0,0,0
IDF,IDF-IDU,2_03,2520,Video,v,1124,0.0,0.0,0.0,0.0,0.0,,NA,0.0,0.0,,0,0
IDF,IDF-IDU,2_03,0,Exercise,e,0,0.0,0.0,0.0,0.0,0.0,,Choice,1.0,3.0,5.0,0,0
IDF,IDF-IDU,2_04,5520,Video,v,1716,0.0,0.0,0.0,0.0,0.0,,NA,0.0,0.0,,0,0
IDF,IDF-IDU,2_04,0,Exercise,e,0,0.0,0.0,0.0,0.0,0.0,,Choice,1.0,3.0,5.0,0,0
IDF,IDF-IDU,2_04,0,Exercise,e,0,0.0,0.0,0.0,0.0,0.0,,Essay,1.0,0.0,10.0,0,0
IDF,IDF-IDU,2_05,3480,Video,v,1590,0.0,0.0,0.0,0.0,0.0,,NA,0.0,0.0,,0,0
IDF,IDF-IDU,2_05,0,Exercise,e,0,0.0,0.0,0.0,0.0,0.0,,Choice,1.0,3.0,5.0,0,0
IDF,IDF-IDU,2_06,420,Text,t,0,290.0,0.0,0.0,0.0,0.0,,NA,0.0,0.0,,0,0
IDF,IDF-IDU,2_06,0,Discussion,d,0,0.0,0.0,0.0,0.0,0.0,,NA,0.0,0.0,,0,0
IDF,IDF-IDU,3_01,4980,Video,v,2341,0.0,0.0,0.0,0.0,0.0,,NA,0.0,0.0,,0,0
IDF,IDF-IDU,3_01,0,Exercise,e,0,0.0,0.0,0.0,0.0,0.0,,Choice,1.0,3.0,5.0,0,0
IDF,IDF-IDU,3_02,5460,Video,v,1696,0.0,0.0,0.0,0.0,0.0,,NA,0.0,0.0,,0,0
IDF,IDF-IDU,3_02,0,Exercise,e,0,0.0,0.0,0.0,0.0,0.0,,Choice,1.0,3.0,5.0,0,0
IDF,IDF-IDU,3_02,0,Exercise,e,0,0.0,0.0,0.0,0.0,0.0,,Essay,1.0,0.0,10.0,0,0
IDF,IDF-IDU,3_03,2520,Video,v,1103,0.0,0.0,0.0,0.0,0.0,,NA,0.0,0.0,,0,0
IDF,IDF-IDU,3_03,0,Exercise,e,0,0.0,0.0,0.0,0.0,0.0,,Choice,1.0,3.0,5.0,0,0
IDF,IDF-IDU,3_04,1680,Video,v,714,0.0,0.0,0.0,0.0,0.0,,NA,0.0,0.0,,0,0
IDF,IDF-IDU,3_04,0,Exercise,e,0,0.0,0.0,0.0,0.0,0.0,,Choice,1.0,3.0,5.0,0,0
IDF,IDF-IDU,3_05,540,Text,t,0,450.0,1.0,0.0,0.0,0.0,,NA,0.0,0.0,,0,1
IDF,IDF-IDU,3_05,0,Discussion,d,0,0.0,0.0,0.0,0.0,0.0,,NA,0.0,0.0,,0,0
IDF,IDF-IDU,4_01,3720,Video,v,1598,0.0,0.0,0.0,0.0,0.0,,NA,0.0,0.0,,0,0
IDF,IDF-IDU,4_01,0,Exercise,e,0,0.0,0.0,0.0,0.0,0.0,,Choice,2.0,3.0,10.0,0,0
IDF,IDF-IDU,4_02,3900,Video,v,916,0.0,0.0,0.0,0.0,0.0,,NA,0.0,0.0,,0,0
IDF,IDF-IDU,4_02,0,Exercise,e,0,0.0,0.0,0.0,0.0,0.0,,Choice,1.0,3.0,5.0,0,0
IDF,IDF-IDU,4_02,0,Exercise,e,0,0.0,0.0,0.0,0.0,0.0,,Essay,1.0,0.0,10.0,0,0
IDF,IDF-IDU,4_03,1740,Video,v,721,0.0,0.0,0.0,0.0,0.0,,NA,0.0,0.0,,0,0
IDF,IDF-IDU,4_03,0,Exercise,e,0,0.0,0.0,0.0,0.0,0.0,,Choice,1.0,3.0,5.0,0,0
IDF,IDF-IDU,4_04,1680,Video,v,700,0.0,0.0,0.0,0.0,0.0,,NA,0.0,0.0,,0,0
IDF,IDF-IDU,4_04,0,Exercise,e,0,0.0,0.0,0.0,0.0,0.0,,Choice,1.0,3.0,5.0,0,0
IDF,IDF-IDU,4_05,1740,Video,v,726,0.0,0.0,0.0,0.0,0.0,,NA,0.0,0.0,,0,0
IDF,IDF-IDU,4_05,0,Exercise,e,0,0.0,0.0,0.0,0.0,0.0,,Choice,1.0,3.0,5.0,0,0
IDF,IDF-IDU,4_06,540,Text,t,0,444.0,2.0,0.0,0.0,0.0,3.0,NA,0.0,0.0,,0,2
IDF,IDF-IDU,4_06,0,Discussion,d,0,0.0,0.0,0.0,0.0,0.0,,NA,0.0,0.0,,0,0
IDF,IDF-IDU,5_01,7680,Video,v,3704,0.0,0.0,0.0,0.0,0.0,,NA,0.0,0.0,,0,0
IDF,IDF-IDU,5_01,0,Exercise,e,0,0.0,0.0,0.0,0.0,0.0,,Choice,1.0,3.0,5.0,0,0
IDF,IDF-IDU,5_02,1800,Video,v,777,0.0,0.0,0.0,0.0,0.0,,NA,0.0,0.0,,0,0
IDF,IDF-IDU,5_02,0,Exercise,e,0,0.0,0.0,0.0,0.0,0.0,,Choice,1.0,3.0,5.0,0,0
IDF,IDF-IDU,5_03,1980,Video,v,852,0.0,0.0,0.0,0.0,0.0,,NA,0.0,0.0,,0,0
IDF,IDF-IDU,5_03,0,Exercise,e,0,0.0,0.0,0.0,0.0,0.0,,Choice,1.0,3.0,5.0,0,0
IDF,IDF-IDU,5_04,1080,Video,v,415,0.0,0.0,0.0,0.0,0.0,,NA,0.0,0.0,,0,0
IDF,IDF-IDU,5_04,0,Exercise,e,0,0.0,0.0,0.0,0.0,0.0,,Choice,1.0,3.0,5.0,0,0
IDF,IDF-IDU,5_05,4080,Video,v,1125,0.0,0.0,0.0,0.0,0.0,,NA,0.0,0.0,,0,0
IDF,IDF-IDU,5_05,0,Exercise,e,0,0.0,0.0,0.0,0.0,0.0,,Essay,1.0,0.0,10.0,0,0
IDF,IDF-IDU,5_06,480,Text,t,0,325.0,1.0,0.0,0.0,0.0,,NA,0.0,0.0,,0,1
IDF,IDF-IDU,5_06,0,Discussion,d,0,0.0,0.0,0.0,0.0,0.0,,NA,0.0,0.0,,0,0
IDF,IDF-IDU,6_01,4200,Video,v,1857,0.0,0.0,0.0,0.0,0.0,,NA,0.0,0.0,,0,0
IDF,IDF-IDU,6_01,0,Exercise,e,0,0.0,0.0,0.0,0.0,0.0,,Choice,2.0,3.0,10.0,0,0
IDF,IDF-IDU,6_02,2520,Video,v,1121,0.0,0.0,0.0,0.0,0.0,,NA,0.0,0.0,,0,0
IDF,IDF-IDU,6_02,0,Exercise,e,0,0.0,0.0,0.0,0.0,0.0,,Choice,1.0,3.0,5.0,0,0
IDF,IDF-IDU,6_03,720,Video,v,212,0.0,0.0,0.0,0.0,0.0,,NA,0.0,0.0,,0,0
IDF,IDF-IDU,6_03,0,Exercise,e,0,0.0,0.0,0.0,0.0,0.0,,Choice,1.0,3.0,5.0,0,0
IDF,IDF-IDU,6_04,2820,Video,v,1285,0.0,0.0,0.0,0.0,0.0,,NA,0.0,0.0,,0,0
IDF,IDF-IDU,6_04,0,Exercise,e,0,0.0,0.0,0.0,0.0,0.0,,Choice,1.0,3.0,5.0,0,0
IDF,IDF-IDU,6_05,2880,Video,v,404,0.0,0.0,0.0,0.0,0.0,,NA,0.0,0.0,,0,0
IDF,IDF-IDU,6_05,0,Exercise,e,0,0.0,0.0,0.0,0.0,0.0,,Choice,1.0,3.0,5.0,0,0
IDF,IDF-IDU,6_05,0,Exercise,e,0,0.0,0.0,0.0,0.0,0.0,,Essay,1.0,0.0,10.0,0,0
IDF,IDF-IDU,6_06,1020,Video,v,364,0.0,0.0,0.0,0.0,0.0,,NA,0.0,0.0,,0,0
IDF,IDF-IDU,6_06,0,Exercise,e,0,0.0,0.0,0.0,0.0,0.0,,Choice,1.0,3.0,5.0,0,0
IDF,IDF-IDU,6_07,540,Text,t,0,678.0,0.0,0.0,0.0,0.0,,NA,0.0,0.0,,0,0
IDF,IDF-IDU,6_07,0,Discussion,d,0,0.0,0.0,0.0,0.0,0.0,,NA,0.0,0.0,,0,0
IDF,IDF-IDU,7_01,4920,Video,v,2316,0.0,0.0,0.0,0.0,0.0,,NA,0.0,0.0,,0,0
IDF,IDF-IDU,7_01,0,Exercise,e,0,0.0,0.0,0.0,0.0,0.0,,Choice,1.0,3.0,5.0,0,0
IDF,IDF-IDU,7_02,4560,Video,v,1232,0.0,0.0,0.0,0.0,0.0,,NA,0.0,0.0,,0,0
IDF,IDF-IDU,7_02,0,Exercise,e,0,0.0,0.0,0.0,0.0,0.0,,Essay,1.0,0.0,10.0,0,0
IDF,IDF-IDU,7_02,0,Exercise,e,0,0.0,0.0,0.0,0.0,0.0,,Choice,1.0,3.0,5.0,0,0
IDF,IDF-IDU,7_03,2760,Video,v,1239,0.0,0.0,0.0,0.0,0.0,,NA,0.0,0.0,,0,0
IDF,IDF-IDU,7_03,0,Exercise,e,0,0.0,0.0,0.0,0.0,0.0,,Choice,1.0,3.0,5.0,0,0
IDF,IDF-IDU,7_04,1920,Video,v,819,0.0,0.0,0.0,0.0,0.0,,NA,0.0,0.0,,0,0
IDF,IDF-IDU,7_04,0,Exercise,e,0,0.0,0.0,0.0,0.0,0.0,,Choice,1.0,3.0,5.0,0,0
IDF,IDF-IDU,7_05,1260,Video,v,500,0.0,0.0,0.0,0.0,0.0,,NA,0.0,0.0,,0,0
IDF,IDF-IDU,7_05,0,Exercise,e,0,0.0,0.0,0.0,0.0,0.0,,Choice,1.0,3.0,5.0,0,0
IDF,IDF-IDU,7_06,480,Text,t,0,420.0,0.0,0.0,0.0,0.0,1.0,NA,0.0,0.0,,0,0
IDF,IDF-IDU,7_06,0,Discussion,d,0,0.0,0.0,0.0,0.0,0.0,,NA,0.0,0.0,,0,0
IDF,IDF-IDU,8_01,6120,Video,v,2013,0.0,0.0,0.0,0.0,0.0,,NA,0.0,0.0,,0,0
IDF,IDF-IDU,8_01,0,Exercise,e,0,0.0,0.0,0.0,0.0,0.0,,Choice,1.0,3.0,5.0,0,0
IDF,IDF-IDU,8_01,0,Exercise,e,0,0.0,0.0,0.0,0.0,0.0,,Essay,1.0,0.0,10.0,0,0
IDF,IDF-IDU,8_02,2760,Video,v,1252,0.0,0.0,0.0,0.0,0.0,,NA,0.0,0.0,,0,0
IDF,IDF-IDU,8_02,0,Exercise,e,0,0.0,0.0,0.0,0.0,0.0,,Choice,1.0,3.0,5.0,0,0
IDF,IDF-IDU,8_03,3480,Video,v,1595,0.0,0.0,0.0,0.0,0.0,,NA,0.0,0.0,,0,0
IDF,IDF-IDU,8_03,0,Exercise,e,0,0.0,0.0,0.0,0.0,0.0,,Choice,1.0,3.0,5.0,0,0
IDF,IDF-IDU,8_04,1620,Video,v,685,0.0,0.0,0.0,0.0,0.0,,NA,0.0,0.0,,0,0
IDF,IDF-IDU,8_04,0,Exercise,e,0,0.0,0.0,0.0,0.0,0.0,,Choice,1.0,3.0,5.0,0,0
IDF,IDF-IDU,8_05,2100,Video,v,1032,0.0,0.0,0.0,0.0,0.0,,NA,0.0,0.0,,0,0
IDF,IDF-IDU,8_06,540,Text,t,0,474.0,2.0,0.0,0.0,0.0,2.0,NA,0.0,0.0,,0,2
IDF,IDF-IDU,8_06,0,Discussion,d,0,0.0,0.0,0.0,0.0,0.0,,NA,0.0,0.0,,0,0
IDF,IDF-IDU,9_01,2940,Video,v,1321,0.0,0.0,0.0,0.0,0.0,,NA,0.0,0.0,,0,0
IDF,IDF-IDU,9_01,0,Exercise,e,0,0.0,0.0,0.0,0.0,0.0,,Choice,1.0,3.0,5.0,0,0
IDF,IDF-IDU,9_02,960,Video,v,355,0.0,0.0,0.0,0.0,0.0,,NA,0.0,0.0,,0,0
IDF,IDF-IDU,9_02,0,Exercise,e,0,0.0,0.0,0.0,0.0,0.0,,Choice,1.0,3.0,5.0,0,0
IDF,IDF-IDU,9_03,1260,Video,v,499,0.0,0.0,0.0,0.0,0.0,,NA,0.0,0.0,,0,0
IDF,IDF-IDU,9_03,0,Exercise,e,0,0.0,0.0,0.0,0.0,0.0,,Choice,1.0,3.0,5.0,0,0
IDF,IDF-IDU,9_04,4920,Video,v,1314,0.0,0.0,0.0,0.0,0.0,,NA,0.0,0.0,,0,0
IDF,IDF-IDU,9_04,0,Exercise,e,0,0.0,0.0,0.0,0.0,0.0,,Choice,1.0,3.0,5.0,0,0
IDF,IDF-IDU,9_04,0,Exercise,e,0,0.0,0.0,0.0,0.0,0.0,,Essay,1.0,0.0,10.0,0,0
IDF,IDF-IDU,9_04,0,Exercise,e,0,0.0,0.0,0.0,0.0,0.0,,Choice,1.0,3.0,5.0,0,0
IDF,IDF-IDU,9_05,480,Text,t,0,444.0,0.0,0.0,0.0,0.0,3.0,NA,0.0,0.0,,0,0
IDF,IDF-IDU,9_05,0,Discussion,d,0,0.0,0.0,0.0,0.0,0.0,,NA,0.0,0.0,,0,0
IDF,IDF-IDU,10_01,3360,Video,v,768,0.0,0.0,0.0,0.0,0.0,,NA,0.0,0.0,,0,0
IDF,IDF-IDU,10_01,0,Exercise,e,0,0.0,0.0,0.0,0.0,0.0,,Essay,1.0,0.0,10.0,0,0
IDF,IDF-IDU,10_02,2280,Video,v,1019,0.0,0.0,0.0,0.0,0.0,,NA,0.0,0.0,,0,0
IDF,IDF-IDU,10_02,0,Exercise,e,0,0.0,0.0,0.0,0.0,0.0,,Choice,1.0,3.0,5.0,0,0
IDF,IDF-IDU,10_03,1020,Video,v,375,0.0,0.0,0.0,0.0,0.0,,NA,0.0,0.0,,0,0
IDF,IDF-IDU,10_03,0,Exercise,e,0,0.0,0.0,0.0,0.0,0.0,,Choice,1.0,3.0,5.0,0,0
IDF,IDF-IDU,10_04,1860,Video,v,806,0.0,0.0,0.0,0.0,0.0,,NA,0.0,0.0,,0,0
IDF,IDF-IDU,10_04,0,Exercise,e,0,0.0,0.0,0.0,0.0,0.0,,Choice,1.0,3.0,5.0,0,0
IDF,IDF-IDU,10_05,1680,Video,v,693,0.0,0.0,0.0,0.0,0.0,,NA,0.0,0.0,,0,0
IDF,IDF-IDU,10_06,540,Text,t,0,424.0,0.0,0.0,1.0,0.0,4.0,NA,0.0,0.0,,0,0
IDF,IDF-IDU,10_06,0,Discussion,d,0,0.0,0.0,0.0,0.0,0.0,,NA,0.0,0.0,,0,0
IDF,IDF-IDU,11_01,5040,Video,v,1352,0.0,0.0,0.0,0.0,0.0,,NA,0.0,0.0,,0,0
IDF,IDF-IDU,11_01,0,Exercise,e,0,0.0,0.0,0.0,0.0,0.0,,Essay,1.0,0.0,10.0,0,0
IDF,IDF-IDU,11_01,0,Exercise,e,0,0.0,0.0,0.0,0.0,0.0,,Choice,2.0,3.0,10.0,0,0
IDF,IDF-IDU,11_02,2100,Video,v,903,0.0,0.0,0.0,0.0,0.0,,NA,0.0,0.0,,0,0
IDF,IDF-IDU,11_02,0,Exercise,e,0,0.0,0.0,0.0,0.0,0.0,,Choice,1.0,3.0,5.0,0,0
IDF,IDF-IDU,11_03,2820,Video,v,1270,0.0,0.0,0.0,0.0,0.0,,NA,0.0,0.0,,0,0
IDF,IDF-IDU,11_03,0,Exercise,e,0,0.0,0.0,0.0,0.0,0.0,,Choice,1.0,3.0,5.0,0,0
IDF,IDF-IDU,11_04,1080,Video,v,405,0.0,0.0,0.0,0.0,0.0,,NA,0.0,0.0,,0,0
IDF,IDF-IDU,11_04,0,Exercise,e,0,0.0,0.0,0.0,0.0,0.0,,Choice,1.0,3.0,5.0,0,0
IDF,IDF-IDU,11_05,2880,Video,v,1312,0.0,0.0,0.0,0.0,0.0,,NA,0.0,0.0,,0,0
IDF,IDF-IDU,11_05,0,Exercise,e,0,0.0,0.0,0.0,0.0,0.0,,Choice,1.0,3.0,5.0,0,0
IDF,IDF-IDU,11_06,480,Text,t,0,390.0,0.0,0.0,0.0,0.0,1.0,NA,0.0,0.0,,0,0
IDF,IDF-IDU,11_06,0,Discussion,d,0,0.0,0.0,0.0,0.0,0.0,,NA,0.0,0.0,,0,0
IDF,IDF-IDU,12_01,4080,Video,v,1901,0.0,0.0,0.0,0.0,0.0,,NA,0.0,0.0,,0,0
IDF,IDF-IDU,12_01,0,Exercise,e,0,0.0,0.0,0.0,0.0,0.0,,Choice,1.0,3.0,5.0,0,0
IDF,IDF-IDU,12_02,4200,Video,v,1849,0.0,0.0,0.0,0.0,0.0,,NA,0.0,0.0,,0,0
IDF,IDF-IDU,12_02,0,Exercise,e,0,0.0,0.0,0.0,0.0,0.0,,Choice,2.0,3.0,10.0,0,0
IDF,IDF-IDU,12_03,3300,Video,v,726,0.0,0.0,0.0,0.0,0.0,,NA,0.0,0.0,,0,0
IDF,IDF-IDU,12_03,0,Exercise,e,0,0.0,0.0,0.0,0.0,0.0,,Essay,1.0,0.0,10.0,0,0
IDF,IDF-IDU,12_04,3660,Video,v,1707,0.0,0.0,0.0,0.0,0.0,,NA,0.0,0.0,,0,0
IDF,IDF-IDU,12_04,0,Exercise,e,0,0.0,0.0,0.0,0.0,0.0,,Choice,1.0,3.0,5.0,0,0
IDF,IDF-IDU,12_05,480,Text,t,0,501.0,0.0,0.0,0.0,0.0,2.0,NA,0.0,0.0,,0,0
IDF,IDF-IDU,12_05,0,Discussion,d,0,0.0,0.0,0.0,0.0,0.0,,NA,0.0,0.0,,0,0
Udacity,Uda-JS,1_01,0,Video,v,64,0.0,0.0,0.0,0.0,0.0,,NA,0.0,0.0,,0,0
Udacity,Uda-JS,1_02,0,Video,v,92,0.0,0.0,0.0,0.0,0.0,1.0,NA,0.0,0.0,,0,0
Udacity,Uda-JS,1_02,0,Text,t,0,57.0,0.0,0.0,0.0,0.0,,NA,0.0,0.0,,0,0
Udacity,Uda-JS,1_03,0,Video,v,123,0.0,0.0,0.0,0.0,0.0,,NA,0.0,0.0,,0,0
Udacity,Uda-JS,1_03,0,Text,t,0,5.0,0.0,0.0,0.0,0.0,1.0,NA,0.0,0.0,,0,0
Udacity,Uda-JS,1_04,0,Text,t,0,512.0,0.0,0.0,0.0,0.0,9.0,NA,0.0,0.0,,0,0
Udacity,Uda-JS,1_05,0,Video,v,49,0.0,0.0,0.0,0.0,0.0,,NA,0.0,0.0,,0,0
Udacity,Uda-JS,1_05,0,Text,t,0,181.0,0.0,0.0,0.0,4.0,,NA,0.0,0.0,,0,0
Udacity,Uda-JS,1_05,0,Video,v,16,0.0,0.0,0.0,0.0,0.0,,NA,0.0,0.0,,0,0
Udacity,Uda-JS,1_06,0,Text,t,0,61.0,0.0,0.0,0.0,1.0,1.0,NA,0.0,0.0,,0,0
Udacity,Uda-JS,1_06,0,Exercise,e,0,0.0,0.0,0.0,0.0,0.0,,Choice,1.0,4.0,,0,0
Udacity,Uda-JS,1_06,0,Text,t,0,68.0,0.0,0.0,0.0,7.0,,NA,0.0,0.0,,0,0
Udacity,Uda-JS,1_06,0,Exercise,e,0,0.0,0.0,0.0,0.0,0.0,,Choice,1.0,4.0,,0,0
Udacity,Uda-JS,1_06,0,Video,v,8,0.0,0.0,0.0,0.0,0.0,,NA,0.0,0.0,,0,0
Udacity,Uda-JS,1_07,0,Video,v,36,0.0,0.0,0.0,0.0,0.0,,NA,0.0,0.0,,0,0
Udacity,Uda-JS,2_01,0,Video,v,82,0.0,0.0,0.0,0.0,0.0,,NA,0.0,0.0,,0,0
Udacity,Uda-JS,2_02,0,Text,t,0,73.0,0.0,0.0,0.0,2.0,,NA,0.0,0.0,,0,0
Udacity,Uda-JS,2_02,0,Exercise,e,0,0.0,0.0,0.0,0.0,0.0,,Mapping,1.0,0.0,,0,0
Udacity,Uda-JS,2_02,0,Text,t,0,64.0,0.0,0.0,0.0,0.0,,NA,0.0,0.0,,0,0
Udacity,Uda-JS,2_02,0,Exercise,e,0,0.0,0.0,0.0,0.0,0.0,,Mapping,1.0,0.0,,0,0
Udacity,Uda-JS,2_02,0,Text,t,0,38.0,0.0,0.0,0.0,0.0,,NA,0.0,0.0,,0,0
Udacity,Uda-JS,2_03,0,Exercise,e,0,0.0,0.0,0.0,0.0,0.0,,ShortAnswer,4.0,0.0,,0,0
Udacity,Uda-JS,2_04,0,Video,v,99,0.0,0.0,0.0,0.0,0.0,,NA,0.0,0.0,,0,0
Udacity,Uda-JS,2_04,0,Text,t,0,142.0,0.0,0.0,0.0,6.0,,NA,0.0,0.0,,0,0
Udacity,Uda-JS,2_05,0,Exercise,e,0,0.0,0.0,0.0,0.0,0.0,,Coding,1.0,0.0,,0,0
Udacity,Uda-JS,2_06,0,Video,v,72,0.0,0.0,0.0,0.0,0.0,,NA,0.0,0.0,,0,0
Udacity,Uda-JS,2_06,0,Text,t,0,35.0,0.0,0.0,0.0,0.0,1.0,NA,0.0,0.0,,0,0
Udacity,Uda-JS,2_07,0,Text,t,0,80.0,0.0,0.0,0.0,1.0,,NA,0.0,0.0,,0,0
Udacity,Uda-JS,2_07,0,Exercise,e,0,0.0,0.0,0.0,0.0,0.0,,Choice,1.0,2.0,,0,0
Udacity,Uda-JS,2_07,0,Exercise,e,0,0.0,0.0,0.0,0.0,0.0,,Choice,2.0,4.0,,0,0
Udacity,Uda-JS,2_08,0,Video,v,103,0.0,0.0,0.0,0.0,0.0,,NA,0.0,0.0,,0,0
Udacity,Uda-JS,2_08,0,Text,t,0,215.0,0.0,0.0,0.0,0.0,,NA,0.0,0.0,,0,0
Udacity,Uda-JS,2_08,0,Exercise,e,0,0.0,0.0,0.0,0.0,0.0,,Choice,1.0,4.0,,0,0
Udacity,Uda-JS,2_09,0,Exercise,e,0,0.0,0.0,0.0,0.0,0.0,,Coding,1.0,0.0,,0,0
Udacity,Uda-JS,2_10,0,Text,t,0,69.0,0.0,0.0,0.0,0.0,,NA,0.0,0.0,,0,0
Udacity,Uda-JS,2_10,0,Video,v,29,0.0,0.0,0.0,0.0,0.0,,NA,0.0,0.0,,0,0
Udacity,Uda-JS,2_10,0,Text,t,0,54.0,0.0,0.0,0.0,0.0,,NA,0.0,0.0,,0,0
Udacity,Uda-JS,2_10,0,Exercise,e,0,0.0,0.0,0.0,0.0,0.0,,Choice,1.0,4.0,,0,0
Udacity,Uda-JS,2_11,0,Text,t,0,140.0,0.0,0.0,0.0,1.0,,NA,0.0,0.0,,0,0
Udacity,Uda-JS,2_11,0,Video,v,15,0.0,0.0,0.0,0.0,0.0,,NA,0.0,0.0,,0,0
Udacity,Uda-JS,2_11,0,Text,t,0,121.0,0.0,0.0,0.0,1.0,,NA,0.0,0.0,,0,0
Udacity,Uda-JS,2_11,0,Video,v,16,0.0,0.0,0.0,0.0,0.0,,NA,0.0,0.0,,0,0
Udacity,Uda-JS,2_11,0,Text,t,0,117.0,0.0,0.0,1.0,1.0,2.0,NA,0.0,0.0,,0,0
Udacity,Uda-JS,2_11,0,Exercise,e,0,0.0,0.0,0.0,0.0,0.0,,Choice,1.0,3.0,,0,0
Udacity,Uda-JS,2_12,0,Text,t,0,282.0,0.0,0.0,0.0,13.0,1.0,NA,0.0,0.0,,0,0
Udacity,Uda-JS,2_12,0,Exercise,e,0,0.0,0.0,0.0,0.0,0.0,,Choice,1.0,8.0,,0,0
Udacity,Uda-JS,2_13,0,Exercise,e,0,0.0,0.0,0.0,0.0,0.0,,Coding,1.0,0.0,,0,0
Udacity,Uda-JS,2_14,0,Exercise,e,0,0.0,0.0,0.0,0.0,0.0,,Coding,1.0,0.0,,0,0
Udacity,Uda-JS,2_15,0,Exercise,e,0,0.0,0.0,0.0,0.0,0.0,,Coding,1.0,0.0,,0,0
Udacity,Uda-JS,2_16,0,Exercise,e,0,0.0,0.0,0.0,0.0,0.0,,Coding,1.0,0.0,,0,0
Udacity,Uda-JS,2_17,0,Video,v,43,0.0,0.0,0.0,0.0,0.0,,NA,0.0,0.0,,0,0
Udacity,Uda-JS,2_17,0,Text,t,0,95.0,0.0,0.0,0.0,19.0,,NA,0.0,0.0,,0,0
Udacity,Uda-JS,2_18,0,Exercise,e,0,0.0,0.0,0.0,0.0,0.0,,Mapping,1.0,0.0,,0,0
Udacity,Uda-JS,2_19,0,Video,v,75,0.0,0.0,0.0,0.0,0.0,,NA,0.0,0.0,,0,0
Udacity,Uda-JS,2_19,0,Text,t,0,57.0,0.0,0.0,0.0,4.0,,NA,0.0,0.0,,0,0
Udacity,Uda-JS,2_19,0,Exercise,e,0,0.0,0.0,0.0,0.0,0.0,,Choice,1.0,4.0,,0,0
Udacity,Uda-JS,2_20,0,Text,t,0,315.0,0.0,0.0,0.0,4.0,,NA,0.0,0.0,,0,0
Udacity,Uda-JS,2_20,0,Exercise,e,0,0.0,0.0,0.0,0.0,0.0,,Choice,1.0,5.0,,0,0
Udacity,Uda-JS,2_20,0,Text,t,0,270.0,0.0,0.0,0.0,7.0,,NA,0.0,0.0,,0,0
Udacity,Uda-JS,2_20,0,Exercise,e,0,0.0,0.0,0.0,0.0,0.0,,Choice,1.0,6.0,,0,0
Udacity,Uda-JS,2_21,0,Text,t,0,118.0,0.0,0.0,0.0,2.0,,NA,0.0,0.0,,0,0
Udacity,Uda-JS,2_21,0,Exercise,e,0,0.0,0.0,0.0,0.0,0.0,,Coding,1.0,0.0,,0,0
Udacity,Uda-JS,2_22,0,Exercise,e,0,0.0,0.0,0.0,0.0,0.0,,Coding,1.0,0.0,,0,0
Udacity,Uda-JS,2_23,0,Exercise,e,0,0.0,0.0,0.0,0.0,0.0,,Coding,1.0,0.0,,0,0
Udacity,Uda-JS,2_24,0,Exercise,e,0,0.0,0.0,0.0,0.0,0.0,,Coding,1.0,0.0,,0,0
Udacity,Uda-JS,2_25,0,Exercise,e,0,0.0,0.0,0.0,0.0,0.0,,Coding,1.0,0.0,,0,0
Udacity,Uda-JS,2_26,0,Video,v,32,0.0,0.0,0.0,0.0,0.0,,NA,0.0,0.0,,0,0
Udacity,Uda-JS,3_01,0,Video,v,14,0.0,0.0,0.0,0.0,0.0,,NA,0.0,0.0,,0,0
Udacity,Uda-JS,3_02,0,Text,t,0,34.0,0.0,0.0,0.0,0.0,,NA,0.0,0.0,,0,0
Udacity,Uda-JS,3_02,0,Exercise,e,0,0.0,0.0,0.0,0.0,0.0,,Choice,2.0,4.0,,0,0
Udacity,Uda-JS,3_03,0,Video,v,205,0.0,0.0,0.0,0.0,0.0,,NA,0.0,0.0,,0,0
Udacity,Uda-JS,3_04,0,Text,t,0,190.0,0.0,0.0,0.0,12.0,,NA,0.0,0.0,,0,0
Udacity,Uda-JS,3_05,0,Text,t,0,178.0,1.0,0.0,0.0,8.0,,NA,0.0,0.0,,0,1
Udacity,Uda-JS,3_05,0,Exercise,e,0,0.0,0.0,0.0,0.0,0.0,,Choice,2.0,4.0,,0,0
Udacity,Uda-JS,3_06,0,Exercise,e,0,0.0,0.0,0.0,0.0,0.0,,Coding,1.0,0.0,,0,0
Udacity,Uda-JS,3_07,0,Text,t,0,50.0,0.0,0.0,0.0,0.0,,NA,0.0,0.0,,0,0
Udacity,Uda-JS,3_07,0,Exercise,e,0,0.0,0.0,0.0,0.0,0.0,,Coding,1.0,0.0,,0,0
Udacity,Uda-JS,3_08,0,Exercise,e,0,0.0,0.0,0.0,0.0,0.0,,Coding,1.0,0.0,,0,0
Udacity,Uda-JS,3_09,0,Video,v,56,0.0,0.0,0.0,0.0,0.0,,NA,0.0,0.0,,0,0
Udacity,Uda-JS,3_10,0,Text,t,0,238.0,0.0,0.0,1.0,6.0,,NA,0.0,0.0,,0,0
Udacity,Uda-JS,3_10,0,Video,v,8,0.0,0.0,0.0,0.0,0.0,,NA,0.0,0.0,,0,0
Udacity,Uda-JS,3_10,0,Text,t,0,61.0,0.0,0.0,0.0,0.0,,Choice,1.0,4.0,,0,0
Udacity,Uda-JS,3_10,0,Exercise,e,0,0.0,0.0,0.0,0.0,0.0,,Choice,1.0,3.0,,0,0
Udacity,Uda-JS,3_10,0,Exercise,e,0,0.0,0.0,0.0,0.0,0.0,,Choice,1.0,6.0,,0,0
Udacity,Uda-JS,3_10,0,Exercise,e,0,0.0,0.0,0.0,0.0,0.0,,NA,0.0,0.0,,0,0
Udacity,Uda-JS,3_11,0,Video,v,121,0.0,0.0,0.0,0.0,0.0,,NA,0.0,0.0,,0,0
Udacity,Uda-JS,3_11,0,Text,t,0,192.0,1.0,0.0,2.0,0.0,,NA,0.0,0.0,,0,1
Udacity,Uda-JS,3_12,0,Exercise,e,0,0.0,0.0,0.0,0.0,0.0,,Coding,1.0,0.0,,0,0
Udacity,Uda-JS,3_13,0,Exercise,e,0,0.0,0.0,0.0,0.0,0.0,,Coding,1.0,0.0,,0,0
Udacity,Uda-JS,3_14,0,Text,t,0,68.0,0.0,0.0,1.0,0.0,1.0,NA,0.0,0.0,,0,0
Udacity,Uda-JS,3_14,0,Exercise,e,0,0.0,0.0,0.0,0.0,0.0,,Coding,1.0,0.0,,0,0
Udacity,Uda-JS,3_15,0,Video,v,18,0.0,0.0,0.0,0.0,0.0,,NA,0.0,0.0,,0,0
Udacity,Uda-JS,3_16,0,Text,t,0,212.0,0.0,0.0,0.0,19.0,,NA,0.0,0.0,,0,0
Udacity,Uda-JS,3_16,0,Exercise,e,0,0.0,0.0,0.0,0.0,0.0,,Choice,1.0,5.0,,0,0
Udacity,Uda-JS,3_16,0,Text,t,0,18.0,0.0,0.0,0.0,2.0,,NA,0.0,0.0,,0,0
Udacity,Uda-JS,3_17,0,Text,t,0,224.0,0.0,0.0,0.0,12.0,,NA,0.0,0.0,,0,0
Udacity,Uda-JS,3_17,0,Video,v,24,0.0,0.0,0.0,0.0,0.0,,NA,0.0,0.0,,0,0
Udacity,Uda-JS,3_17,0,Text,t,0,30.0,0.0,0.0,0.0,0.0,,NA,0.0,0.0,,0,0
Udacity,Uda-JS,3_17,0,Exercise,e,0,0.0,0.0,0.0,0.0,0.0,,Choice,1.0,4.0,,0,0
Udacity,Uda-JS,3_18,0,Text,t,0,71.0,0.0,0.0,0.0,0.0,,NA,0.0,0.0,,0,0
Udacity,Uda-JS,3_18,0,Exercise,e,0,0.0,0.0,0.0,0.0,0.0,,Coding,1.0,0.0,,0,0
Udacity,Uda-JS,3_19,0,Video,v,205,0.0,0.0,0.0,0.0,0.0,,NA,0.0,0.0,,0,0
Udacity,Uda-JS,3_19,0,Text,t,0,241.0,0.0,0.0,0.0,52.0,,NA,0.0,0.0,,0,0
Udacity,Uda-JS,3_19,0,Exercise,e,0,0.0,0.0,0.0,0.0,0.0,,Choice,1.0,3.0,,0,0
Udacity,Uda-JS,3_20,0,Text,t,0,154.0,0.0,0.0,0.0,21.0,1.0,NA,0.0,0.0,,0,0
Udacity,Uda-JS,3_20,0,Video,v,31,0.0,0.0,0.0,0.0,0.0,,NA,0.0,0.0,,0,0
Udacity,Uda-JS,3_20,0,Text,t,0,35.0,0.0,0.0,0.0,0.0,,NA,0.0,0.0,,0,0
Udacity,Uda-JS,3_20,0,Exercise,e,0,0.0,0.0,0.0,0.0,0.0,,Choice,1.0,4.0,,0,0
Udacity,Uda-JS,3_21,0,Text,t,0,147.0,0.0,0.0,0.0,0.0,2.0,NA,0.0,0.0,,0,0
Udacity,Uda-JS,3_21,0,Exercise,e,0,0.0,0.0,0.0,0.0,0.0,,Coding,1.0,0.0,,0,0
Udacity,Uda-JS,3_22,0,Video,v,50,0.0,0.0,0.0,0.0,0.0,,NA,0.0,0.0,,0,0
Udacity,Uda-JS,4_01,0,Video,v,54,0.0,0.0,0.0,0.0,0.0,,NA,0.0,0.0,,0,0
Udacity,Uda-JS,4_02,0,Video,v,126,0.0,0.0,0.0,0.0,0.0,,NA,0.0,0.0,,0,0
Udacity,Uda-JS,4_03,0,Text,t,0,276.0,0.0,0.0,0.0,6.0,,NA,0.0,0.0,,0,0
Udacity,Uda-JS,4_03,0,Video,v,20,0.0,0.0,0.0,0.0,0.0,,NA,0.0,0.0,,0,0
Udacity,Uda-JS,4_03,0,Text,t,0,87.0,0.0,0.0,0.0,5.0,,NA,0.0,0.0,,0,0
Udacity,Uda-JS,4_03,0,Exercise,e,0,0.0,0.0,0.0,0.0,0.0,,Choice,2.0,4.0,,0,0
Udacity,Uda-JS,4_04,0,Exercise,e,0,0.0,0.0,0.0,0.0,0.0,,Coding,1.0,0.0,,0,0
Udacity,Uda-JS,4_05,0,Exercise,e,0,0.0,0.0,0.0,0.0,0.0,,Coding,1.0,0.0,,0,0
Udacity,Uda-JS,4_06,0,Exercise,e,0,0.0,0.0,0.0,0.0,0.0,,Coding,1.0,0.0,,0,0
Udacity,Uda-JS,4_07,0,Video,v,40,0.0,0.0,0.0,0.0,0.0,,NA,0.0,0.0,,0,0
Udacity,Uda-JS,4_08,0,Video,v,213,0.0,0.0,0.0,0.0,0.0,,NA,0.0,0.0,,0,0
Udacity,Uda-JS,4_08,0,Text,t,0,98.0,0.0,0.0,0.0,6.0,,NA,0.0,0.0,,0,0
Udacity,Uda-JS,4_09,0,Video,v,201,0.0,0.0,0.0,0.0,0.0,,NA,0.0,0.0,,0,0
Udacity,Uda-JS,4_09,0,Text,t,0,146.0,0.0,0.0,0.0,10.0,,NA,0.0,0.0,,0,0
Udacity,Uda-JS,4_09,0,Exercise,e,0,0.0,0.0,0.0,0.0,0.0,,Choice,1.0,6.0,,0,0
Udacity,Uda-JS,4_10,0,Video,v,198,0.0,0.0,0.0,0.0,0.0,,NA,0.0,0.0,,0,0
Udacity,Uda-JS,4_10,0,Text,t,0,10.0,0.0,0.0,0.0,6.0,,NA,0.0,0.0,,0,0
Udacity,Uda-JS,4_11,0,Exercise,e,0,0.0,0.0,0.0,0.0,0.0,,Coding,1.0,0.0,,0,0
Udacity,Uda-JS,4_12,0,Exercise,e,0,0.0,0.0,0.0,0.0,0.0,,Coding,1.0,0.0,,0,0
Udacity,Uda-JS,4_13,0,Exercise,e,0,0.0,0.0,0.0,0.0,0.0,,Coding,1.0,0.0,,0,0
Udacity,Uda-JS,4_14,0,Exercise,e,0,0.0,0.0,0.0,0.0,0.0,,Coding,1.0,0.0,,0,0
Udacity,Uda-JS,4_15,0,Exercise,e,0,0.0,0.0,0.0,0.0,0.0,,Coding,1.0,0.0,,0,0
Udacity,Uda-JS,4_16,0,Video,v,27,0.0,0.0,0.0,0.0,0.0,,NA,0.0,0.0,,0,0
Udacity,Uda-JS,5_01,0,Video,v,140,0.0,0.0,0.0,0.0,0.0,,NA,0.0,0.0,,0,0
Udacity,Uda-JS,5_02,0,Video,v,101,0.0,0.0,0.0,0.0,0.0,,NA,0.0,0.0,,0,0
Udacity,Uda-JS,5_03,0,Text,t,0,410.0,0.0,0.0,0.0,26.0,,NA,0.0,0.0,,0,0
Udacity,Uda-JS,5_03,0,Exercise,e,0,0.0,0.0,0.0,0.0,0.0,,Choice,1.0,5.0,,0,0
Udacity,Uda-JS,5_03,0,Exercise,e,0,0.0,0.0,0.0,0.0,0.0,,Choice,1.0,2.0,,0,0
Udacity,Uda-JS,5_04,0,Text,t,0,84.0,0.0,0.0,0.0,18.0,,NA,0.0,0.0,,0,0
Udacity,Uda-JS,5_05,0,Exercise,e,0,0.0,0.0,0.0,0.0,0.0,,Coding,1.0,0.0,,0,0
Udacity,Uda-JS,5_06,0,Exercise,e,0,0.0,0.0,0.0,0.0,0.0,,Coding,1.0,0.0,,0,0
Udacity,Uda-JS,5_07,0,Video,v,288,0.0,0.0,0.0,0.0,0.0,,NA,0.0,0.0,,0,0
Udacity,Uda-JS,5_07,0,Text,t,0,134.0,0.0,0.0,0.0,9.0,,NA,0.0,0.0,,0,0
Udacity,Uda-JS,5_07,0,Exercise,e,0,0.0,0.0,0.0,0.0,0.0,,Choice,1.0,3.0,,0,0
Udacity,Uda-JS,5_07,0,Exercise,e,0,0.0,0.0,0.0,0.0,0.0,,Choice,2.0,4.0,,0,0
Udacity,Uda-JS,5_08,0,Text,t,0,134.0,0.0,0.0,0.0,10.0,,NA,0.0,0.0,,0,0
Udacity,Uda-JS,5_08,0,Exercise,e,0,0.0,0.0,0.0,0.0,0.0,,Choice,1.0,4.0,,0,0
Udacity,Uda-JS,5_09,0,Video,v,83,0.0,0.0,0.0,0.0,0.0,,NA,0.0,0.0,,0,0
Udacity,Uda-JS,5_10,0,Video,v,119,0.0,0.0,0.0,0.0,0.0,,NA,0.0,0.0,,0,0
Udacity,Uda-JS,5_10,0,Text,t,0,28.0,0.0,0.0,0.0,0.0,1.0,NA,0.0,0.0,,0,0
Udacity,Uda-JS,5_10,0,Exercise,e,0,0.0,0.0,0.0,0.0,0.0,,Choice,2.0,4.0,,0,0
Udacity,Uda-JS,5_11,0,Video,v,110,0.0,0.0,0.0,0.0,0.0,,NA,0.0,0.0,,0,0
Udacity,Uda-JS,5_11,0,Exercise,e,0,0.0,0.0,0.0,0.0,0.0,,Choice,2.0,4.0,,0,0
Udacity,Uda-JS,5_12,0,Text,t,0,129.0,0.0,0.0,0.0,0.0,,NA,0.0,0.0,,0,0
Udacity,Uda-JS,5_13,0,Text,t,0,108.0,0.0,0.0,0.0,0.0,,NA,0.0,0.0,,0,0
Udacity,Uda-JS,5_14,0,Text,t,0,41.0,0.0,0.0,0.0,0.0,,NA,0.0,0.0,,0,0
Udacity,Uda-JS,5_14,0,Video,v,150,0.0,0.0,0.0,0.0,0.0,,NA,0.0,0.0,,0,0
Udacity,Uda-JS,5_14,0,Exercise,e,0,0.0,0.0,0.0,0.0,0.0,,Choice,3.0,9.0,,0,0
Udacity,Uda-JS,5_15,0,Text,t,0,44.0,0.0,0.0,0.0,0.0,,NA,0.0,0.0,,0,0
Udacity,Uda-JS,5_16,0,Exercise,e,0,0.0,0.0,0.0,0.0,0.0,,Coding,1.0,0.0,,0,0
Udacity,Uda-JS,5_17,0,Video,v,55,0.0,0.0,0.0,0.0,0.0,,NA,0.0,0.0,,0,0
Udacity,Uda-JS,5_17,0,Text,t,0,196.0,0.0,0.0,0.0,18.0,,NA,0.0,0.0,,0,0
Udacity,Uda-JS,5_17,0,Video,v,49,0.0,0.0,0.0,0.0,0.0,,NA,0.0,0.0,,0,0
Udacity,Uda-JS,5_17,0,Text,t,0,49.0,0.0,0.0,0.0,0.0,,NA,0.0,0.0,,0,0
Udacity,Uda-JS,5_18,0,Text,t,0,49.0,0.0,0.0,0.0,14.0,,NA,0.0,0.0,,0,0
Udacity,Uda-JS,5_18,0,Video,v,30,0.0,0.0,0.0,0.0,0.0,,NA,0.0,0.0,,0,0
Udacity,Uda-JS,5_18,0,Text,t,0,232.0,0.0,0.0,0.0,21.0,,NA,0.0,0.0,,0,0
Udacity,Uda-JS,5_19,0,Text,t,0,61.0,0.0,0.0,0.0,19.0,,NA,0.0,0.0,,0,0
Udacity,Uda-JS,5_20,0,Exercise,e,0,0.0,0.0,0.0,0.0,0.0,,Coding,1.0,0.0,,0,0
Udacity,Uda-JS,5_21,0,Exercise,e,0,0.0,0.0,0.0,0.0,0.0,,Coding,1.0,0.0,,0,0
Udacity,Uda-JS,5_22,0,Exercise,e,0,0.0,0.0,0.0,0.0,0.0,,Coding,1.0,0.0,,0,0
Udacity,Uda-JS,5_23,0,Video,v,26,0.0,0.0,0.0,0.0,0.0,,NA,0.0,0.0,,0,0
Udacity,Uda-JS,6_01,0,Video,v,80,0.0,0.0,0.0,0.0,0.0,,NA,0.0,0.0,,0,0
Udacity,Uda-JS,6_02,0,Video,v,159,0.0,0.0,0.0,0.0,0.0,,NA,0.0,0.0,,0,0
Udacity,Uda-JS,6_02,0,Text,t,0,56.0,0.0,0.0,0.0,0.0,,NA,0.0,0.0,,0,0
Udacity,Uda-JS,6_03,0,Text,t,0,108.0,0.0,0.0,0.0,11.0,,NA,0.0,0.0,,0,0
Udacity,Uda-JS,6_03,0,Exercise,e,0,0.0,0.0,0.0,0.0,0.0,,Choice,1.0,7.0,,0,0
Udacity,Uda-JS,6_04,0,Video,v,88,0.0,0.0,0.0,0.0,0.0,,NA,0.0,0.0,,0,0
Udacity,Uda-JS,6_05,0,Text,t,0,97.0,1.0,0.0,0.0,3.0,,NA,0.0,0.0,,0,1
Udacity,Uda-JS,6_05,0,Exercise,e,0,0.0,0.0,0.0,0.0,0.0,,Choice,1.0,4.0,,0,0
Udacity,Uda-JS,6_05,0,Text,t,0,28.0,0.0,0.0,0.0,2.0,,NA,0.0,0.0,,0,0
Udacity,Uda-JS,6_05,0,Video,v,13,0.0,0.0,0.0,0.0,0.0,,NA,0.0,0.0,,0,0
Udacity,Uda-JS,6_05,0,Text,t,0,14.0,0.0,0.0,0.0,0.0,,NA,0.0,0.0,,0,0
Udacity,Uda-JS,6_05,0,Exercise,e,0,0.0,0.0,0.0,0.0,0.0,,Choice,1.0,4.0,,0,0
Udacity,Uda-JS,6_06,0,Exercise,e,0,0.0,0.0,0.0,0.0,0.0,,Coding,1.0,0.0,,0,0
Udacity,Uda-JS,6_07,0,Exercise,e,0,0.0,0.0,0.0,0.0,0.0,,Coding,1.0,0.0,,0,0
Udacity,Uda-JS,6_08,0,Exercise,e,0,0.0,0.0,0.0,0.0,0.0,,Coding,1.0,0.0,,0,0
Udacity,Uda-JS,6_09,0,Video,v,108,0.0,0.0,0.0,0.0,0.0,,NA,0.0,0.0,,0,0
Udacity,Uda-JS,6_09,0,Text,t,0,38.0,0.0,0.0,0.0,0.0,,NA,0.0,0.0,,0,0
Udacity,Uda-JS,6_10,0,Text,t,0,83.0,0.0,0.0,0.0,2.0,,NA,0.0,0.0,,0,0
Udacity,Uda-JS,6_10,0,Exercise,e,0,0.0,0.0,0.0,0.0,0.0,,Choice,1.0,4.0,,0,0
Udacity,Uda-JS,6_11,0,Text,t,0,111.0,1.0,0.0,0.0,2.0,,NA,0.0,0.0,,0,1
Udacity,Uda-JS,6_11,0,Video,v,17,0.0,0.0,0.0,0.0,0.0,,NA,0.0,0.0,,0,0
Udacity,Uda-JS,6_11,0,Text,t,0,54.0,0.0,0.0,0.0,2.0,,NA,0.0,0.0,,0,0
Udacity,Uda-JS,6_12,0,Text,t,0,29.0,0.0,0.0,0.0,4.0,,NA,0.0,0.0,,0,0
Udacity,Uda-JS,6_12,0,Video,v,28,0.0,0.0,0.0,0.0,0.0,,NA,0.0,0.0,,0,0
Udacity,Uda-JS,6_12,0,Text,t,0,55.0,0.0,0.0,0.0,0.0,,NA,0.0,0.0,,0,0
Udacity,Uda-JS,6_12,0,Exercise,e,0,0.0,0.0,0.0,0.0,0.0,,Choice,1.0,4.0,,0,0
Udacity,Uda-JS,6_13,0,Text,t,0,166.0,0.0,0.0,0.0,2.0,,NA,0.0,0.0,,0,0
Udacity,Uda-JS,6_13,0,Video,v,22,0.0,0.0,0.0,0.0,0.0,,NA,0.0,0.0,,0,0
Udacity,Uda-JS,6_13,0,Text,t,0,99.0,0.0,0.0,0.0,0.0,1.0,NA,0.0,0.0,,0,0
Udacity,Uda-JS,6_13,0,Exercise,e,0,0.0,0.0,0.0,0.0,0.0,,Choice,1.0,4.0,,0,0
Udacity,Uda-JS,6_14,0,Exercise,e,0,0.0,0.0,0.0,0.0,0.0,,Coding,1.0,0.0,,0,0
Udacity,Uda-JS,6_15,0,Exercise,e,0,0.0,0.0,0.0,0.0,0.0,,Coding,1.0,0.0,,0,0
Udacity,Uda-JS,6_16,0,Exercise,e,0,0.0,0.0,0.0,0.0,0.0,,Coding,1.0,0.0,,0,0
Udacity,Uda-JS,6_17,0,Exercise,e,0,0.0,0.0,0.0,0.0,0.0,,Choice,2.0,5.0,,0,0
Udacity,Uda-JS,6_17,0,Exercise,e,0,0.0,0.0,0.0,0.0,0.0,,Choice,1.0,6.0,,0,0
Udacity,Uda-JS,6_17,0,Exercise,e,0,0.0,0.0,0.0,0.0,0.0,,Choice,1.0,4.0,,0,0
Udacity,Uda-JS,6_18,0,Text,t,0,167.0,0.0,0.0,0.0,10.0,,NA,0.0,0.0,,0,0
Udacity,Uda-JS,6_19,0,Video,v,152,0.0,0.0,0.0,0.0,0.0,,NA,0.0,0.0,,0,0
Udacity,Uda-JS,6_19,0,Text,t,0,281.0,0.0,0.0,0.0,15.0,,NA,0.0,0.0,,0,0
Udacity,Uda-JS,6_20,0,Exercise,e,0,0.0,0.0,0.0,0.0,0.0,,Coding,1.0,0.0,,0,0
Udacity,Uda-JS,6_21,0,Video,v,80,0.0,0.0,0.0,0.0,0.0,,NA,0.0,0.0,,0,0
Udacity,Uda-JS,6_21,0,Text,t,0,152.0,0.0,0.0,0.0,6.0,,NA,0.0,0.0,,0,0
Udacity,Uda-JS,6_22,0,Exercise,e,0,0.0,0.0,0.0,0.0,0.0,,Coding,1.0,0.0,,0,0
Udacity,Uda-JS,6_23,0,Video,v,70,0.0,0.0,0.0,0.0,0.0,,NA,0.0,0.0,,0,0
Udacity,Uda-JS,6_24,0,Text,t,0,12.0,0.0,0.0,0.0,0.0,,NA,0.0,0.0,,0,0
Udacity,Uda-JS,6_24,0,Video,v,19,0.0,0.0,0.0,0.0,0.0,,NA,0.0,0.0,,0,0
Udacity,Uda-JS,6_24,0,Text,t,0,132.0,0.0,0.0,0.0,20.0,,NA,0.0,0.0,,0,0
Udacity,Uda-JS,6_24,0,Video,v,26,0.0,0.0,0.0,0.0,0.0,,NA,0.0,0.0,,0,0
Udacity,Uda-JS,6_24,0,Text,t,0,15.0,0.0,0.0,0.0,0.0,,NA,0.0,0.0,,0,0
Udacity,Uda-JS,6_25,0,Exercise,e,0,0.0,0.0,0.0,0.0,0.0,,Coding,1.0,0.0,,0,0
Udacity,Uda-JS,6_26,0,Video,v,29,0.0,0.0,0.0,0.0,0.0,,NA,0.0,0.0,,0,0
Udacity,Uda-JS,7_01,0,Video,v,86,0.0,0.0,0.0,0.0,0.0,,NA,0.0,0.0,,0,0
Udacity,Uda-JS,7_02,0,Video,v,99,0.0,0.0,0.0,0.0,0.0,,NA,0.0,0.0,,0,0
Udacity,Uda-JS,7_02,0,Text,t,0,72.0,0.0,0.0,0.0,4.0,,NA,0.0,0.0,,0,0
Udacity,Uda-JS,7_03,0,Exercise,e,0,0.0,0.0,0.0,0.0,0.0,,Coding,1.0,0.0,,0,0
Udacity,Uda-JS,7_04,0,Video,v,100,0.0,0.0,0.0,0.0,0.0,,NA,0.0,0.0,,0,0
Udacity,Uda-JS,7_05,0,Text,t,0,240.0,1.0,0.0,0.0,22.0,,NA,0.0,0.0,,0,1
Udacity,Uda-JS,7_06,0,Video,v,282,0.0,0.0,0.0,0.0,0.0,,NA,0.0,0.0,,0,0
Udacity,Uda-JS,7_06,0,Exercise,e,0,0.0,0.0,0.0,0.0,0.0,,Choice,2.0,4.0,,0,0
Udacity,Uda-JS,7_07,0,Text,t,0,115.0,0.0,0.0,0.0,14.0,,NA,0.0,0.0,,0,0
Udacity,Uda-JS,7_08,0,Exercise,e,0,0.0,0.0,0.0,0.0,0.0,,Coding,1.0,0.0,,0,0
Udacity,Uda-JS,7_09,0,Exercise,e,0,0.0,0.0,0.0,0.0,0.0,,Coding,1.0,0.0,,0,0
Udacity,Uda-JS,7_10,0,Exercise,e,0,0.0,0.0,0.0,0.0,0.0,,Choice,1.0,8.0,,0,0
Udacity,Uda-JS,7_11,0,Exercise,e,0,0.0,0.0,0.0,0.0,0.0,,Coding,1.0,0.0,,0,0
Udacity,Uda-JS,7_12,0,Exercise,e,0,0.0,0.0,0.0,0.0,0.0,,Coding,1.0,0.0,,0,0
Udacity,Uda-JS,7_13,0,Video,v,61,0.0,0.0,0.0,0.0,0.0,,NA,0.0,0.0,,0,0
Udacity,Uda-RWD,1_01,0,Video,v,69,0.0,0.0,0.0,0.0,0.0,,NA,0.0,0.0,,0,0
Udacity,Uda-RWD,1_02,0,Text,t,0,58.0,0.0,0.0,0.0,0.0,,NA,0.0,0.0,,0,0
Udacity,Uda-RWD,1_02,0,Exercise,e,0,0.0,0.0,0.0,0.0,0.0,,ShortAnswer,1.0,0.0,,0,0
Udacity,Uda-RWD,1_02,0,Video,v,21,0.0,0.0,0.0,0.0,0.0,,NA,0.0,0.0,,0,0
Udacity,Uda-RWD,1_03,0,Video,v,106,0.0,0.0,0.0,0.0,0.0,,NA,0.0,0.0,,0,0
Udacity,Uda-RWD,1_04,0,Video,v,44,0.0,0.0,0.0,0.0,0.0,,NA,0.0,0.0,,0,0
Udacity,Uda-RWD,1_05,0,Video,v,49,0.0,0.0,0.0,0.0,0.0,,NA,0.0,0.0,,0,0
Udacity,Uda-RWD,1_05,0,Text,t,0,11.0,0.0,0.0,0.0,0.0,1.0,NA,0.0,0.0,,0,0
Udacity,Uda-RWD,1_06,0,Video,v,84,0.0,0.0,0.0,0.0,0.0,,NA,0.0,0.0,,0,0
Udacity,Uda-RWD,1_06,0,Text,t,0,217.0,4.0,0.0,0.0,0.0,1.0,NA,0.0,0.0,,0,4
Udacity,Uda-RWD,1_07,0,Video,v,14,0.0,0.0,0.0,0.0,0.0,,NA,0.0,0.0,,0,0
Udacity,Uda-RWD,1_08,0,Video,v,55,0.0,0.0,0.0,0.0,0.0,,NA,0.0,0.0,,0,0
Udacity,Uda-RWD,1_08,0,Text,t,0,121.0,0.0,0.0,0.0,0.0,2.0,NA,0.0,0.0,,0,0
Udacity,Uda-RWD,1_09,0,Video,v,85,0.0,0.0,0.0,0.0,0.0,,NA,0.0,0.0,,0,0
Udacity,Uda-RWD,1_09,0,Text,t,0,99.0,0.0,0.0,0.0,0.0,3.0,NA,0.0,0.0,,0,0
Udacity,Uda-RWD,1_10,0,Video,v,12,0.0,0.0,0.0,0.0,0.0,,NA,0.0,0.0,,0,0
Udacity,Uda-RWD,1_10,0,Text,t,0,64.0,0.0,0.0,0.0,0.0,2.0,NA,0.0,0.0,,0,0
Udacity,Uda-RWD,1_11,0,Video,v,26,0.0,0.0,0.0,0.0,0.0,,NA,0.0,0.0,,0,0
Udacity,Uda-RWD,2_01,0,Video,v,92,0.0,0.0,0.0,0.0,0.0,,NA,0.0,0.0,,0,0
Udacity,Uda-RWD,2_02,0,Video,v,123,0.0,0.0,0.0,0.0,0.0,,NA,0.0,0.0,,0,0
Udacity,Uda-RWD,2_03,0,Exercise,e,0,0.0,0.0,0.0,0.0,0.0,,Choice,1.0,3.0,,0,0
Udacity,Uda-RWD,2_04,0,Exercise,e,0,0.0,0.0,0.0,0.0,0.0,,Choice,1.0,4.0,,0,0
Udacity,Uda-RWD,2_05,0,Exercise,e,0,0.0,0.0,0.0,0.0,0.0,,Choice,1.0,4.0,,0,0
Udacity,Uda-RWD,2_06,0,Exercise,e,0,0.0,0.0,0.0,0.0,0.0,,ShortAnswer,1.0,0.0,,0,0
Udacity,Uda-RWD,2_07,0,Text,t,0,24.0,0.0,0.0,0.0,0.0,,NA,0.0,0.0,,0,0
Udacity,Uda-RWD,2_07,0,Exercise,e,0,0.0,0.0,0.0,0.0,0.0,,ShortAnswer,4.0,0.0,,0,0
Udacity,Uda-RWD,2_08,0,Video,v,60,0.0,0.0,0.0,0.0,0.0,,NA,0.0,0.0,,0,0
Udacity,Uda-RWD,2_08,0,Text,t,0,16.0,0.0,0.0,0.0,0.0,1.0,NA,0.0,0.0,,0,0
Udacity,Uda-RWD,2_09,0,Video,v,41,0.0,0.0,0.0,0.0,0.0,,NA,0.0,0.0,,0,0
Udacity,Uda-RWD,2_09,0,Exercise,e,0,0.0,0.0,0.0,0.0,0.0,,ShortAnswer,1.0,0.0,,0,0
Udacity,Uda-RWD,2_09,0,Text,t,0,40.0,0.0,0.0,0.0,1.0,3.0,NA,0.0,0.0,,0,0
Udacity,Uda-RWD,2_10,0,Video,v,81,0.0,0.0,0.0,0.0,0.0,,NA,0.0,0.0,,0,0
Udacity,Uda-RWD,2_11,0,Video,v,47,0.0,0.0,0.0,0.0,0.0,,NA,0.0,0.0,,0,0
Udacity,Uda-RWD,2_12,0,Text,t,0,41.0,0.0,0.0,0.0,0.0,,NA,0.0,0.0,,0,0
Udacity,Uda-RWD,2_12,0,Exercise,e,0,0.0,0.0,0.0,0.0,0.0,,Choice,4.0,2.0,,0,0
Udacity,Uda-RWD,2_13,0,Video,v,85,0.0,0.0,0.0,0.0,0.0,,NA,0.0,0.0,,0,0
Udacity,Uda-RWD,2_14,0,Exercise,e,0,0.0,0.0,0.0,0.0,0.0,,Choice,1.0,5.0,,0,0
Udacity,Uda-RWD,2_15,0,Video,v,103,0.0,0.0,0.0,0.0,0.0,,NA,0.0,0.0,,0,0
Udacity,Uda-RWD,2_16,0,Text,t,0,179.0,0.0,0.0,0.0,1.0,2.0,NA,0.0,0.0,,0,0
Udacity,Uda-RWD,2_16,0,Exercise,e,0,0.0,0.0,0.0,0.0,0.0,,Coding,1.0,0.0,,0,0
Udacity,Uda-RWD,2_17,0,Video,v,343,0.0,0.0,0.0,0.0,0.0,,NA,0.0,0.0,,0,0
Udacity,Uda-RWD,2_17,0,Text,t,0,227.0,0.0,0.0,0.0,5.0,6.0,NA,0.0,0.0,,0,0
Udacity,Uda-RWD,2_18,0,Video,v,20,0.0,0.0,0.0,0.0,0.0,,NA,0.0,0.0,,0,0
Udacity,Uda-RWD,3_01,0,Video,v,51,0.0,0.0,0.0,0.0,0.0,,NA,0.0,0.0,,0,0
Udacity,Uda-RWD,3_02,0,Video,v,42,0.0,0.0,0.0,0.0,0.0,,NA,0.0,0.0,,0,0
Udacity,Uda-RWD,3_03,0,Video,v,62,0.0,0.0,0.0,0.0,0.0,,NA,0.0,0.0,,0,0
Udacity,Uda-RWD,3_04,0,Video,v,67,0.0,0.0,0.0,0.0,0.0,,NA,0.0,0.0,,0,0
Udacity,Uda-RWD,3_05,0,Video,v,61,0.0,0.0,0.0,0.0,0.0,,NA,0.0,0.0,,0,0
Udacity,Uda-RWD,3_06,0,Video,v,42,0.0,0.0,0.0,0.0,0.0,,NA,0.0,0.0,,0,0
Udacity,Uda-RWD,3_07,0,Video,v,130,0.0,0.0,0.0,0.0,0.0,,NA,0.0,0.0,,0,0
Udacity,Uda-RWD,3_08,0,Video,v,20,0.0,0.0,0.0,0.0,0.0,,NA,0.0,0.0,,0,0
Udacity,Uda-RWD,3_08,0,Text,t,0,10.0,0.0,0.0,0.0,0.0,,NA,0.0,0.0,,0,0
Udacity,Uda-RWD,3_08,0,Exercise,e,0,0.0,0.0,0.0,0.0,0.0,,ShortAnswer,2.0,0.0,,0,0
Udacity,Uda-RWD,3_09,0,Video,v,38,0.0,0.0,0.0,0.0,0.0,,NA,0.0,0.0,,0,0
Udacity,Uda-RWD,3_10,0,Video,v,159,0.0,0.0,0.0,0.0,0.0,,NA,0.0,0.0,,0,0
Udacity,Uda-RWD,3_11,0,Text,t,0,92.0,0.0,0.0,0.0,0.0,1.0,NA,0.0,0.0,,0,0
Udacity,Uda-RWD,3_11,0,Exercise,e,0,0.0,0.0,0.0,0.0,0.0,,Choice,1.0,4.0,,0,0
Udacity,Uda-RWD,3_12,0,Video,v,29,0.0,0.0,0.0,0.0,0.0,,NA,0.0,0.0,,0,0
Udacity,Uda-RWD,3_13,0,Text,t,0,123.0,1.0,0.0,0.0,0.0,,NA,0.0,0.0,,0,1
Udacity,Uda-RWD,3_13,0,Exercise,e,0,0.0,0.0,0.0,0.0,0.0,,Coding,1.0,0.0,,0,0
Udacity,Uda-RWD,3_14,0,Video,v,70,0.0,0.0,0.0,0.0,0.0,,NA,0.0,0.0,,0,0
Udacity,Uda-RWD,3_14,0,Text,t,0,40.0,0.0,0.0,0.0,0.0,1.0,NA,0.0,0.0,,0,0
Udacity,Uda-RWD,3_15,0,Video,v,62,0.0,0.0,0.0,0.0,0.0,,NA,0.0,0.0,,0,0
Udacity,Uda-RWD,3_15,0,Text,t,0,13.0,0.0,0.0,0.0,0.0,1.0,NA,0.0,0.0,,0,0
Udacity,Uda-RWD,3_16,0,Video,v,61,0.0,0.0,0.0,0.0,0.0,,NA,0.0,0.0,,0,0
Udacity,Uda-RWD,3_17,0,Video,v,41,0.0,0.0,0.0,0.0,0.0,,NA,0.0,0.0,,0,0
Udacity,Uda-RWD,3_18,0,Video,v,94,0.0,0.0,0.0,0.0,0.0,,NA,0.0,0.0,,0,0
Udacity,Uda-RWD,3_19,0,Text,t,0,45.0,0.0,0.0,0.0,0.0,,NA,0.0,0.0,,0,0
Udacity,Uda-RWD,3_19,0,Exercise,e,0,0.0,0.0,0.0,0.0,0.0,,Choice,4.0,4.0,,0,0
Udacity,Uda-RWD,3_20,0,Video,v,17,0.0,0.0,0.0,0.0,0.0,,NA,0.0,0.0,,0,0
Udacity,Uda-RWD,4_01,0,Video,v,44,0.0,0.0,0.0,0.0,0.0,,NA,0.0,0.0,,0,0
Udacity,Uda-RWD,4_02,0,Video,v,137,0.0,0.0,0.0,0.0,0.0,,NA,0.0,0.0,,0,0
Udacity,Uda-RWD,4_03,0,Video,v,96,0.0,0.0,0.0,0.0,0.0,,NA,0.0,0.0,,0,0
Udacity,Uda-RWD,4_04,0,Text,t,0,8.0,0.0,0.0,0.0,0.0,,NA,0.0,0.0,,0,0
Udacity,Uda-RWD,4_04,0,Exercise,e,0,0.0,0.0,0.0,0.0,0.0,,Choice,5.0,4.0,,0,0
Udacity,Uda-RWD,4_05,0,Text,t,0,28.0,0.0,0.0,0.0,0.0,,NA,0.0,0.0,,0,0
Udacity,Uda-RWD,4_05,0,Exercise,e,0,0.0,0.0,0.0,0.0,0.0,,Choice,4.0,4.0,,0,0
Udacity,Uda-RWD,4_05,0,Video,v,36,0.0,0.0,0.0,0.0,0.0,,NA,0.0,0.0,,0,0
Udacity,Uda-RWD,4_06,0,Text,t,0,198.0,1.0,0.0,0.0,0.0,1.0,NA,0.0,0.0,,0,1
Udacity,Uda-RWD,4_06,0,Exercise,e,0,0.0,0.0,0.0,0.0,0.0,,Coding,1.0,0.0,,0,0
Udacity,Uda-RWD,4_07,0,Video,v,122,0.0,0.0,0.0,0.0,0.0,,NA,0.0,0.0,,0,0
Udacity,Uda-RWD,4_08,0,Text,t,0,19.0,1.0,0.0,0.0,28.0,,NA,0.0,0.0,,0,1
Udacity,Uda-RWD,4_08,0,Exercise,e,0,0.0,0.0,0.0,0.0,0.0,,Mapping,1.0,3.0,,0,0
Udacity,Uda-RWD,4_09,0,Video,v,0,0.0,0.0,0.0,0.0,0.0,,NA,0.0,0.0,,0,0
Udacity,Uda-RWD,4_09,0,Text,t,0,147.0,0.0,0.0,0.0,17.0,2.0,NA,0.0,0.0,,0,0
Udacity,Uda-RWD,4_10,0,Text,t,0,157.0,0.0,0.0,0.0,12.0,,NA,0.0,0.0,,0,0
Udacity,Uda-RWD,4_10,0,Exercise,e,0,0.0,0.0,0.0,0.0,0.0,,Choice,1.0,4.0,,0,0
Udacity,Uda-RWD,4_11,0,Text,t,0,221.0,0.0,0.0,0.0,0.0,1.0,NA,0.0,0.0,,0,0
Udacity,Uda-RWD,4_11,0,Exercise,e,0,0.0,0.0,0.0,0.0,0.0,,Coding,1.0,0.0,,0,0
Udacity,Uda-RWD,4_11,0,Text,t,0,23.0,0.0,0.0,0.0,0.0,,NA,0.0,0.0,,0,0
Udacity,Uda-RWD,4_11,0,Video,v,185,0.0,0.0,0.0,0.0,0.0,,NA,0.0,0.0,,0,0
Udacity,Uda-RWD,4_12,0,Video,v,12,0.0,0.0,0.0,0.0,0.0,,NA,0.0,0.0,,0,0
Udacity,Uda-RWD,5_01,0,Video,v,34,0.0,0.0,0.0,0.0,0.0,,NA,0.0,0.0,,0,0
Udacity,Uda-RWD,5_02,0,Video,v,104,0.0,0.0,0.0,0.0,0.0,,NA,0.0,0.0,,0,0
Udacity,Uda-RWD,5_02,0,Text,t,0,30.0,0.0,0.0,0.0,0.0,2.0,NA,0.0,0.0,,0,0
Udacity,Uda-RWD,5_03,0,Video,v,26,0.0,0.0,0.0,0.0,0.0,,NA,0.0,0.0,,0,0
Udacity,Uda-RWD,5_04,0,Video,v,60,0.0,0.0,0.0,0.0,0.0,,NA,0.0,0.0,,0,0
Udacity,Uda-RWD,5_05,0,Text,t,0,0.0,0.0,0.0,0.0,21.0,,NA,0.0,0.0,,0,0
Udacity,Uda-RWD,5_05,0,Exercise,e,0,0.0,0.0,0.0,0.0,0.0,,Mapping,1.0,6.0,,0,0
Udacity,Uda-RWD,5_06,0,Video,v,114,0.0,0.0,0.0,0.0,0.0,,NA,0.0,0.0,,0,0
Udacity,Uda-RWD,5_06,0,Text,t,0,26.0,0.0,0.0,0.0,0.0,1.0,NA,0.0,0.0,,0,0
Udacity,Uda-RWD,5_07,0,Video,v,19,0.0,0.0,0.0,0.0,0.0,,NA,0.0,0.0,,0,0
Udacity,Uda-RWD,5_07,0,Text,t,0,21.0,0.0,0.0,0.0,0.0,,NA,0.0,0.0,,0,0
Udacity,Uda-RWD,5_08,0,Video,v,117,0.0,0.0,0.0,0.0,0.0,,NA,0.0,0.0,,0,0
Udacity,Uda-RWD,5_09,0,Video,v,120,0.0,0.0,0.0,0.0,0.0,,NA,0.0,0.0,,0,0
Udacity,Uda-RWD,5_10,0,Text,t,0,181.0,0.0,0.0,0.0,0.0,2.0,NA,0.0,0.0,,0,0
Udacity,Uda-RWD,5_10,0,Exercise,e,0,0.0,0.0,0.0,0.0,0.0,,Coding,1.0,0.0,,0,0
Udacity,Uda-RWD,5_11,0,Video,v,39,0.0,0.0,0.0,0.0,0.0,,NA,0.0,0.0,,0,0
Udacity,Uda-CM,1_01,0,Video,v,39,0.0,0.0,0.0,0.0,0.0,,NA,0.0,0.0,,0,0
Udacity,Uda-CM,1_02,0,Video,v,122,0.0,0.0,0.0,0.0,0.0,,NA,0.0,0.0,,0,0
Udacity,Uda-CM,1_03,0,Exercise,e,0,0.0,0.0,0.0,0.0,0.0,,ShortAnswer,1.0,0.0,,0,0
Udacity,Uda-CM,1_04,0,Video,v,93,0.0,0.0,0.0,0.0,0.0,,NA,0.0,0.0,,0,0
Udacity,Uda-CM,1_05,0,Text,t,0,25.0,0.0,0.0,0.0,0.0,,NA,0.0,0.0,,0,0
Udacity,Uda-CM,1_05,0,Exercise,e,0,0.0,0.0,0.0,0.0,0.0,,Choice,3.0,2.0,,0,0
Udacity,Uda-CM,1_06,0,Video,v,59,0.0,0.0,0.0,0.0,0.0,,NA,0.0,0.0,,0,0
Udacity,Uda-CM,1_07,0,Video,v,83,0.0,0.0,0.0,0.0,0.0,,NA,0.0,0.0,,0,0
Udacity,Uda-CM,1_08,0,Video,v,25,0.0,0.0,0.0,0.0,0.0,,NA,0.0,0.0,,0,0
Udacity,Uda-CM,1_08,0,Text,t,0,33.0,0.0,0.0,0.0,0.0,,NA,0.0,0.0,,0,0
Udacity,Uda-CM,1_09,0,Exercise,e,0,0.0,0.0,0.0,0.0,0.0,,Choice,1.0,10.0,,0,0
Udacity,Uda-CM,1_10,0,Text,t,0,154.0,0.0,0.0,0.0,0.0,,NA,0.0,0.0,,0,0
Udacity,Uda-CM,1_11,0,Video,v,48,0.0,0.0,0.0,0.0,0.0,,NA,0.0,0.0,,0,0
Udacity,Uda-CM,1_12,0,Video,v,80,0.0,0.0,0.0,0.0,0.0,,NA,0.0,0.0,,0,0
Udacity,Uda-CM,1_12,0,Text,t,0,30.0,0.0,0.0,0.0,0.0,6.0,NA,0.0,0.0,,0,0
Udacity,Uda-CM,1_13,0,Text,t,0,48.0,0.0,0.0,0.0,0.0,,NA,0.0,0.0,,0,0
Udacity,Uda-CM,1_13,0,Video,v,45,0.0,0.0,0.0,0.0,0.0,,NA,0.0,0.0,,0,0
Udacity,Uda-CM,1_13,0,Text,t,0,56.0,0.0,0.0,0.0,0.0,5.0,NA,0.0,0.0,,0,0
Udacity,Uda-CM,1_14,0,Video,v,175,0.0,0.0,0.0,0.0,0.0,,NA,0.0,0.0,,0,0
Udacity,Uda-CM,1_15,0,Video,v,357,0.0,0.0,0.0,0.0,0.0,,NA,0.0,0.0,,0,0
Udacity,Uda-CM,1_15,0,Text,t,0,43.0,0.0,0.0,0.0,0.0,,NA,0.0,0.0,,0,0
Udacity,Uda-CM,1_16,0,Text,t,0,67.0,0.0,0.0,0.0,0.0,,NA,0.0,0.0,,0,0
Udacity,Uda-CM,1_16,0,Exercise,e,0,0.0,0.0,0.0,0.0,0.0,,Choice,2.0,2.0,,0,0
Udacity,Uda-CM,1_17,0,Video,v,44,0.0,0.0,0.0,0.0,0.0,,NA,0.0,0.0,,0,0
Udacity,Uda-CM,1_17,0,Text,t,0,19.0,0.0,0.0,0.0,0.0,1.0,NA,0.0,0.0,,0,0
Udacity,Uda-CM,1_18,0,Video,v,33,0.0,0.0,0.0,0.0,0.0,,NA,0.0,0.0,,0,0
Udacity,Uda-CM,1_18,0,Text,t,0,22.0,0.0,0.0,0.0,0.0,1.0,NA,0.0,0.0,,0,0
Udacity,Uda-CM,1_19,0,Text,t,0,44.0,0.0,0.0,0.0,0.0,,NA,0.0,0.0,,0,0
Udacity,Uda-CM,1_19,0,Exercise,e,0,0.0,0.0,0.0,0.0,0.0,,Choice,3.0,3.0,,0,0
Udacity,Uda-CM,1_19,0,Exercise,e,0,0.0,0.0,0.0,0.0,0.0,,Choice,1.0,4.0,,0,0
Udacity,Uda-CM,1_19,0,Text,t,0,4.0,0.0,0.0,0.0,0.0,1.0,NA,0.0,0.0,,0,0
Udacity,Uda-CM,1_20,0,Video,v,82,0.0,0.0,0.0,0.0,0.0,,NA,0.0,0.0,,0,0
Udacity,Uda-CM,1_21,0,Video,v,83,0.0,0.0,0.0,0.0,0.0,,NA,0.0,0.0,,0,0
Udacity,Uda-CM,1_22,0,Video,v,252,0.0,0.0,0.0,0.0,0.0,,NA,0.0,0.0,,0,0
Udacity,Uda-CM,1_22,0,Text,t,0,83.0,0.0,0.0,0.0,0.0,,NA,0.0,0.0,,0,0
Udacity,Uda-CM,1_23,0,Video,v,51,0.0,0.0,0.0,0.0,0.0,,NA,0.0,0.0,,0,0
Udacity,Uda-CM,1_23,0,Text,t,0,4.0,0.0,0.0,0.0,0.0,1.0,NA,0.0,0.0,,0,0
Udacity,Uda-CM,1_24,0,Video,v,127,0.0,0.0,0.0,0.0,0.0,,NA,0.0,0.0,,0,0
Udacity,Uda-CM,1_25,0,Video,v,39,0.0,0.0,0.0,0.0,0.0,,NA,0.0,0.0,,0,0
Udacity,Uda-CM,2_01,0,Video,v,25,0.0,0.0,0.0,0.0,0.0,,NA,0.0,0.0,,0,0
Udacity,Uda-CM,2_02,0,Text,t,0,81.0,0.0,0.0,0.0,0.0,,NA,0.0,0.0,,0,0
Udacity,Uda-CM,2_02,0,Video,v,106,0.0,0.0,0.0,0.0,0.0,,NA,0.0,0.0,,0,0
Udacity,Uda-CM,2_02,0,Text,t,0,34.0,0.0,0.0,0.0,0.0,2.0,NA,0.0,0.0,,0,0
Udacity,Uda-CM,2_03,0,Video,v,69,0.0,0.0,0.0,0.0,0.0,,NA,0.0,0.0,,0,0
Udacity,Uda-CM,2_03,0,Text,t,0,40.0,0.0,0.0,0.0,0.0,3.0,NA,0.0,0.0,,0,0
Udacity,Uda-CM,2_04,0,Video,v,232,0.0,0.0,0.0,0.0,0.0,,NA,0.0,0.0,,0,0
Udacity,Uda-CM,2_04,0,Text,t,0,5.0,0.0,0.0,0.0,0.0,1.0,NA,0.0,0.0,,0,0
Udacity,Uda-CM,2_05,0,Text,t,0,136.0,0.0,0.0,0.0,0.0,,NA,0.0,0.0,,0,0
Udacity,Uda-CM,2_05,0,Exercise,e,0,0.0,0.0,0.0,0.0,0.0,,Choice,2.0,4.0,,0,0
Udacity,Uda-CM,2_05,0,Text,t,0,5.0,0.0,0.0,0.0,0.0,1.0,NA,0.0,0.0,,0,0
Udacity,Uda-CM,2_06,0,Video,v,170,0.0,0.0,0.0,0.0,0.0,,NA,0.0,0.0,,0,0
Udacity,Uda-CM,2_07,0,Video,v,26,0.0,0.0,0.0,0.0,0.0,,NA,0.0,0.0,,0,0
Udacity,Uda-CM,2_08,0,Video,v,135,0.0,0.0,0.0,0.0,0.0,,NA,0.0,0.0,,0,0
Udacity,Uda-CM,2_08,0,Text,t,0,225.0,0.0,0.0,0.0,0.0,1.0,NA,0.0,0.0,,0,0
Udacity,Uda-CM,2_09,0,Text,t,0,125.0,0.0,0.0,0.0,0.0,,NA,0.0,0.0,,0,0
Udacity,Uda-CM,2_09,0,Exercise,e,0,0.0,0.0,0.0,0.0,0.0,,Choice,1.0,4.0,,0,0
Udacity,Uda-CM,2_09,0,Exercise,e,0,0.0,0.0,0.0,0.0,0.0,,Choice,1.0,8.0,,0,0
Udacity,Uda-CM,2_09,0,Text,t,0,5.0,0.0,0.0,0.0,0.0,1.0,NA,0.0,0.0,,0,0
Udacity,Uda-CM,2_10,0,Video,v,99,0.0,0.0,0.0,0.0,0.0,,NA,0.0,0.0,,0,0
Udacity,Uda-CM,2_10,0,Text,t,0,56.0,0.0,0.0,0.0,0.0,1.0,NA,0.0,0.0,,0,0
Udacity,Uda-CM,2_11,0,Video,v,32,0.0,0.0,0.0,0.0,0.0,,NA,0.0,0.0,,0,0
Udacity,Uda-CM,2_12,0,Video,v,176,0.0,0.0,0.0,0.0,0.0,,NA,0.0,0.0,,0,0
Udacity,Uda-CM,2_12,0,Text,t,0,426.0,5.0,0.0,0.0,0.0,2.0,NA,0.0,0.0,,0,5
Udacity,Uda-CM,2_13,0,Video,v,21,0.0,0.0,0.0,0.0,0.0,,NA,0.0,0.0,,0,0
Udacity,Uda-CM,2_14,0,Video,v,117,0.0,0.0,0.0,0.0,0.0,,NA,0.0,0.0,,0,0
Udacity,Uda-CM,2_14,0,Text,t,0,11.0,0.0,0.0,0.0,0.0,,NA,0.0,0.0,,0,0
Udacity,Uda-CM,2_15,0,Video,v,99,0.0,0.0,0.0,0.0,0.0,,NA,0.0,0.0,,0,0
Udacity,Uda-CM,2_15,0,Text,t,0,15.0,0.0,0.0,0.0,0.0,2.0,NA,0.0,0.0,,0,0
Udacity,Uda-CM,2_16,0,Video,v,98,0.0,0.0,0.0,0.0,0.0,,NA,0.0,0.0,,0,0
Udacity,Uda-CM,2_16,0,Text,t,0,60.0,0.0,0.0,0.0,0.0,,NA,0.0,0.0,,0,0
Udacity,Uda-CM,2_16,0,Video,v,150,0.0,0.0,0.0,0.0,0.0,,NA,0.0,0.0,,0,0
Udacity,Uda-CM,2_16,0,Text,t,0,82.0,1.0,0.0,0.0,0.0,,NA,0.0,0.0,,0,1
Udacity,Uda-CM,2_17,0,Text,t,0,100.0,0.0,0.0,0.0,0.0,,NA,0.0,0.0,,0,0
Udacity,Uda-CM,2_17,0,Exercise,e,0,0.0,0.0,0.0,0.0,0.0,,Choice,1.0,8.0,,0,0
Udacity,Uda-CM,2_17,0,Exercise,e,0,0.0,0.0,0.0,0.0,0.0,,Choice,1.0,3.0,,0,0
Udacity,Uda-CM,2_17,0,Text,t,0,5.0,0.0,0.0,0.0,0.0,1.0,NA,0.0,0.0,,0,0
Udacity,Uda-CM,2_18,0,Text,t,0,115.0,0.0,0.0,0.0,0.0,,NA,0.0,0.0,,0,0
Udacity,Uda-CM,2_19,0,Video,v,95,0.0,0.0,0.0,0.0,0.0,,NA,0.0,0.0,,0,0
Udacity,Uda-CM,2_20,0,Video,v,54,0.0,0.0,0.0,0.0,0.0,,NA,0.0,0.0,,0,0
Udacity,Uda-CM,2_20,0,Text,t,0,172.0,0.0,0.0,0.0,0.0,,NA,0.0,0.0,,0,0
Udacity,Uda-CM,2_21,0,Video,v,196,0.0,0.0,0.0,0.0,0.0,,NA,0.0,0.0,,0,0
Udacity,Uda-CM,2_21,0,Text,t,0,67.0,0.0,0.0,0.0,0.0,,NA,0.0,0.0,,0,0
Udacity,Uda-CM,2_22,0,Video,v,30,0.0,0.0,0.0,0.0,0.0,,NA,0.0,0.0,,0,0
Udacity,Uda-CM,2_22,0,Text,t,0,92.0,0.0,0.0,0.0,0.0,,NA,0.0,0.0,,0,0
Udacity,Uda-CM,2_23,0,Text,t,0,362.0,2.0,0.0,0.0,0.0,,NA,0.0,0.0,,0,2
Udacity,Uda-CM,2_23,0,Exercise,e,0,0.0,0.0,0.0,0.0,0.0,,Choice,1.0,4.0,,0,0
Udacity,Uda-CM,2_23,0,Text,t,0,6.0,0.0,0.0,0.0,0.0,2.0,NA,0.0,0.0,,0,0
Udacity,Uda-CM,2_24,0,Video,v,147,0.0,0.0,0.0,0.0,0.0,,NA,0.0,0.0,,0,0
Udacity,Uda-CM,2_25,0,Text,t,0,122.0,0.0,0.0,0.0,0.0,,NA,0.0,0.0,,0,0
Udacity,Uda-CM,2_25,0,Exercise,e,0,0.0,0.0,0.0,0.0,0.0,,Choice,1.0,4.0,,0,0
Udacity,Uda-CM,2_25,0,Text,t,0,6.0,0.0,0.0,0.0,0.0,2.0,NA,0.0,0.0,,0,0
Udacity,Uda-CM,2_26,0,Video,v,26,0.0,0.0,0.0,0.0,0.0,,NA,0.0,0.0,,0,0
Udacity,Uda-CM,2_27,0,Text,t,0,442.0,0.0,0.0,0.0,0.0,,NA,0.0,0.0,,0,0
Udacity,Uda-CM,3_01,0,Video,v,56,0.0,0.0,0.0,0.0,0.0,,NA,0.0,0.0,,0,0
Udacity,Uda-CM,3_02,0,Video,v,51,0.0,0.0,0.0,0.0,0.0,,NA,0.0,0.0,,0,0
Udacity,Uda-CM,3_02,0,Text,t,0,74.0,0.0,0.0,0.0,0.0,,NA,0.0,0.0,,0,0
Udacity,Uda-CM,3_03,0,Text,t,0,49.0,0.0,0.0,0.0,0.0,,NA,0.0,0.0,,0,0
Udacity,Uda-CM,3_03,0,Exercise,e,0,0.0,0.0,0.0,0.0,0.0,,Choice,1.0,4.0,,0,0
Udacity,Uda-CM,3_03,0,Text,t,0,5.0,0.0,0.0,0.0,0.0,1.0,NA,0.0,0.0,,0,0
Udacity,Uda-CM,3_04,0,Video,v,235,0.0,0.0,0.0,0.0,0.0,,NA,0.0,0.0,,0,0
Udacity,Uda-CM,3_04,0,Text,t,0,57.0,1.0,0.0,0.0,0.0,,NA,0.0,0.0,,0,1
Udacity,Uda-CM,3_05,0,Video,v,109,0.0,0.0,0.0,0.0,0.0,,NA,0.0,0.0,,0,0
Udacity,Uda-CM,3_05,0,Text,t,0,73.0,0.0,0.0,0.0,0.0,2.0,NA,0.0,0.0,,0,0
Udacity,Uda-CM,3_06,0,Text,t,0,118.0,0.0,0.0,0.0,0.0,,NA,0.0,0.0,,0,0
Udacity,Uda-CM,3_06,0,Video,v,145,0.0,0.0,0.0,0.0,0.0,,NA,0.0,0.0,,0,0
Udacity,Uda-CM,3_06,0,Text,t,0,5.0,0.0,0.0,0.0,0.0,1.0,NA,0.0,0.0,,0,0
Udacity,Uda-CM,3_07,0,Video,v,133,0.0,0.0,0.0,0.0,0.0,,NA,0.0,0.0,,0,0
Udacity,Uda-CM,3_07,0,Text,t,0,36.0,0.0,0.0,0.0,0.0,,NA,0.0,0.0,,0,0
Udacity,Uda-CM,3_08,0,Video,v,146,0.0,0.0,0.0,0.0,0.0,,NA,0.0,0.0,,0,0
Udacity,Uda-CM,3_08,0,Text,t,0,45.0,0.0,0.0,0.0,0.0,5.0,NA,0.0,0.0,,0,0
Udacity,Uda-CM,3_09,0,Video,v,110,0.0,0.0,0.0,0.0,0.0,,NA,0.0,0.0,,0,0
Udacity,Uda-CM,3_09,0,Text,t,0,204.0,0.0,0.0,0.0,0.0,,NA,0.0,0.0,,0,0
Udacity,Uda-CM,3_10,0,Video,v,216,0.0,0.0,0.0,0.0,0.0,,NA,0.0,0.0,,0,0
Udacity,Uda-CM,3_10,0,Text,t,0,145.0,0.0,0.0,0.0,0.0,3.0,NA,0.0,0.0,,0,0
Udacity,Uda-CM,3_11,0,Text,t,0,17.0,0.0,0.0,0.0,0.0,,NA,0.0,0.0,,0,0
Udacity,Uda-CM,3_11,0,Exercise,e,0,0.0,0.0,0.0,0.0,0.0,,Choice,2.0,5.0,,0,0
Udacity,Uda-CM,3_12,0,Text,t,0,61.0,0.0,0.0,0.0,0.0,1.0,NA,0.0,0.0,,0,0
Udacity,Uda-CM,3_12,0,Exercise,e,0,0.0,0.0,0.0,0.0,0.0,,Choice,1.0,3.0,,0,0
Udacity,Uda-CM,3_12,0,Text,t,0,5.0,0.0,0.0,0.0,0.0,1.0,NA,0.0,0.0,,0,0
Udacity,Uda-CM,3_13,0,Video,v,104,0.0,0.0,0.0,0.0,0.0,,NA,0.0,0.0,,0,0
Udacity,Uda-CM,3_14,0,Video,v,27,0.0,0.0,0.0,0.0,0.0,,NA,0.0,0.0,,0,0
Udacity,Uda-CM,3_15,0,Text,t,0,514.0,0.0,0.0,0.0,0.0,,NA,0.0,0.0,,0,0
Udacity,Uda-CM,3_16,0,Video,v,44,0.0,0.0,0.0,0.0,0.0,,NA,0.0,0.0,,0,0
Udacity,Uda-CM,3_16,0,Text,t,0,138.0,0.0,0.0,0.0,0.0,,NA,0.0,0.0,,0,0
Udacity,Uda-CM,3_17,0,Video,v,108,0.0,0.0,0.0,0.0,0.0,,NA,0.0,0.0,,0,0
Udacity,Uda-CM,3_17,0,Text,t,0,69.0,0.0,0.0,0.0,0.0,1.0,NA,0.0,0.0,,0,0
Udacity,Uda-CM,3_18,0,Video,v,57,0.0,0.0,0.0,0.0,0.0,,NA,0.0,0.0,,0,0
Udacity,Uda-CM,3_19,0,Video,v,131,0.0,0.0,0.0,0.0,0.0,,NA,0.0,0.0,,0,0
Udacity,Uda-CM,3_19,0,Text,t,0,112.0,0.0,0.0,0.0,0.0,,NA,0.0,0.0,,0,0
Udacity,Uda-CM,3_20,0,Video,v,129,0.0,0.0,0.0,0.0,0.0,,NA,0.0,0.0,,0,0
Udacity,Uda-CM,3_20,0,Text,t,0,75.0,0.0,0.0,0.0,0.0,,NA,0.0,0.0,,0,0
Udacity,Uda-CM,3_21,0,Video,v,27,0.0,0.0,0.0,0.0,0.0,,NA,0.0,0.0,,0,0
Udacity,Uda-CM,3_22,0,Video,v,102,0.0,0.0,0.0,0.0,0.0,,NA,0.0,0.0,,0,0
Udacity,Uda-CM,3_22,0,Text,t,0,85.0,0.0,0.0,0.0,0.0,,NA,0.0,0.0,,0,0
Udacity,Uda-CM,3_23,0,Text,t,0,58.0,0.0,0.0,0.0,0.0,,NA,0.0,0.0,,0,0
Udacity,Uda-CM,3_23,0,Exercise,e,0,0.0,0.0,0.0,0.0,0.0,,Choice,3.0,3.0,,0,0
Udacity,Uda-CM,3_23,0,Text,t,0,4.0,0.0,0.0,0.0,0.0,1.0,NA,0.0,0.0,,0,0
Udacity,Uda-CM,3_24,0,Video,v,246,0.0,0.0,0.0,0.0,0.0,,NA,0.0,0.0,,0,0
Udacity,Uda-CM,3_24,0,Text,t,0,116.0,0.0,0.0,0.0,0.0,,NA,0.0,0.0,,0,0
Udacity,Uda-CM,3_25,0,Video,v,35,0.0,0.0,0.0,0.0,0.0,,NA,0.0,0.0,,0,0
Udacity,Uda-CM,3_25,0,Text,t,0,83.0,0.0,0.0,0.0,0.0,,NA,0.0,0.0,,0,0
Udacity,Uda-CM,3_26,0,Text,t,0,353.0,0.0,0.0,0.0,0.0,,NA,0.0,0.0,,0,0
